donor_id,quarter,B2,B3,B4,B8,B11,NDVI,NDWI,EVI,VV_db,VH_db,VV_minus_VH_db,s2_n_images,s2_valid_frac,s1_n_images,agb_mg_ha,co2e_t_ha
godavari_82.210_16.560,2019Q2,0.06091701936409639,0.08848383017728062,0.05937010228575869,0.28667998315931165,0.1205099573810806,0.6436685063857905,-0.5156708064005519,0.46019176408953866,-8.747048288640627,-14.659759160941952,5.912710872301325,597,1.018239625167336,68,15.33904215538707,32.721704897136355
godavari_82.210_16.560,2019Q3,0.04357022844009433,0.07548122878434269,0.0467949274159775,0.2649827785442987,0.11099727562056082,0.6865523296805092,-0.543179628024488,0.43570643748621096,-8.018281383478556,-13.975753366041026,5.9574719825624705,382,1.018239625167336,62,13.234677771029066,28.23261166149234
godavari_82.210_16.560,2019Q4,0.051167367444960254,0.078182872053977,0.04595614461281864,0.2679392600403169,0.10016059406520719,0.7035147553685102,-0.5497252681263071,0.46799799566142397,-8.179482868085675,-14.052392788708893,5.8729099206232185,541,1.018239625167336,153,12.912950063673222,27.546292464329625
godavari_82.210_16.560,2020Q1,0.048180004259641564,0.07495964323024477,0.044321241058941564,0.2935420641164038,0.1045388356480796,0.7269617198036851,-0.5802619424735959,0.5084767205266293,-8.687759418640146,-14.47086254156419,5.783103122924043,718,1.018239625167336,75,16.88172369620538,36.012599440456206
godavari_82.210_16.560,2020Q2,0.052618305962946865,0.08502277297247435,0.0514628328605801,0.329107088235287,0.12223702481980878,0.7128850707434448,-0.572096400256108,0.5395174197505744,-8.537021194375377,-14.599225634136426,6.062204439761048,525,1.018239625167336,54,14.286926260236463,30.477299706124228
godavari_82.210_16.560,2020Q3,0.06430298509879925,0.09241449034071354,0.056956095127785294,0.2732476614260141,0.12580955677458028,0.6525272112266239,-0.48908798198181774,0.4141882868050688,-7.832818287302429,-13.878910302921978,6.04609201561955,279,1.0148929049531459,55,18.948719421713736,40.4219767319824
godavari_82.210_16.560,2020Q4,0.07795427692405586,0.09495663488257942,0.06456274512677364,0.23997173357199278,0.09679283988858228,0.5565255738596188,-0.41236661986887646,0.40140143364113234,-8.00535993954704,-13.871328373019292,5.865968433472252,493,1.018239625167336,51,16.849603303415954,35.94407925494602
godavari_82.210_16.560,2021Q1,0.029893471915016956,0.054112670210536715,0.033241591383107456,0.23845659523469578,0.09042907461440731,0.7304046591461211,-0.6048291895995138,0.4173784888289317,-8.371701417033513,-14.342401462272626,5.970700045239113,651,1.018239625167336,46,16.148935645870715,34.449393987840786
godavari_82.210_16.560,2021Q2,0.04641239979447053,0.0787995702762182,0.04995311761551552,0.25525699399142976,0.11577572943039234,0.660312932063921,-0.5255526725999122,0.4098159321987784,-8.492147022215597,-14.558995481766042,6.066848459550444,504,1.018239625167336,59,16.878027987904325,36.004715644637145
godavari_82.210_16.560,2021Q3,0.0906436724217204,0.11230543340947002,0.08489208859224594,0.24818822640161234,0.12312371863612678,0.48276507463268087,-0.3685852280195139,0.3781100977261761,-8.008272505189185,-13.869375382652349,5.861102877463164,314,1.018239625167336,55,15.577123295918367,33.22958672855194
godavari_82.210_16.560,2021Q4,0.05040736993644594,0.07733899363302381,0.04591955339006071,0.2584959360255747,0.09711928676034268,0.6884186634417704,-0.5268275881288782,0.4465430267529409,-8.259551039796854,-14.103208933947503,5.843657894150649,501,1.018239625167336,50,13.146527371860376,28.044566585473707
godavari_82.210_16.560,2022Q1,0.04730792428478405,0.07463628898199902,0.046144098200168966,0.27255067801863114,0.1016976432429224,0.6968176128103958,-0.5596293467412026,0.47366403966594217,-8.393821690964915,-14.362191163024542,5.968369472059628,646,1.018239625167336,54,14.27212653033583,30.44572847830831
godavari_82.210_16.560,2022Q2,0.018201284053509983,0.05957475499130434,0.03610331370903033,0.28190124482022944,0.1148800263099715,0.7543282596494826,-0.6383602995044064,0.44803899889871,-8.239382869814161,-14.272504767529187,6.033121897715025,546,1.018239625167336,50,31.03064486048656,66.19550253573574
godavari_82.210_16.560,2022Q3,0.03944319668652198,0.06992598610551104,0.0415616055722673,0.2406973183173973,0.10362918993669752,0.6932857052470535,-0.5376531638900387,0.41168510685330273,-7.695700753526879,-13.793671612667374,6.097970859140496,347,1.018239625167336,49,16.06740828596605,34.27547737787136
godavari_82.210_16.560,2022Q4,0.025106457662384212,0.05572120187786167,0.027578348668458846,0.25290156464555086,0.08797929796419009,0.7692011671748645,-0.605350378586393,0.4525616750356565,-8.182303411522081,-14.142737940619,5.9604345290969185,495,1.018239625167336,50,18.89110586935098,40.299073773675595
godavari_82.210_16.560,2023Q1,0.04744400101762882,0.0688820644113382,0.04482711195280138,0.2556752423595709,0.0983471895180679,0.6796027733290767,-0.5543906084751931,0.4437384747810163,-8.31693860234208,-14.243918709472398,5.926980107130317,681,1.018239625167336,51,22.112938508096796,47.17198381362733
godavari_82.210_16.560,2023Q2,0.04038258344083264,0.07688619860305902,0.05037440624739168,0.2858304748191727,0.12518958202564032,0.6778468805814543,-0.5646485350177612,0.4506626591414276,-8.374889340322818,-14.472528836425795,6.0976394961029765,509,1.018239625167336,54,22.442713258510647,47.87546920445266
godavari_82.210_16.560,2023Q3,0.026648750274296105,0.06292266557868498,0.03787994245303614,0.26436828548857255,0.11430158580060759,0.7296393748368801,-0.5967877736729756,0.43417299313702773,-8.072525639631476,-14.149114256772036,6.07658861714056,357,1.018239625167336,51,24.892333871195387,53.10107338405013
godavari_82.210_16.560,2023Q4,0.06069935918477783,0.08220101480881123,0.05141176058376807,0.28963550799719184,0.10162358864523699,0.6858847381655729,-0.5440855178904096,0.5054083873811376,-8.401057758487932,-14.42962192909036,6.0285641706024276,574,1.018239625167336,46,17.873981817149815,38.1293142317985
godavari_82.210_16.560,2024Q1,0.05388951694424349,0.07912617526171478,0.05230242876844675,0.30062157273762924,0.10565482956161494,0.6676115788367183,-0.5408767938706253,0.5045191426622172,-8.52833433386377,-14.5385051963241,6.010170862460331,680,1.018239625167336,48,14.068288839146543,30.01089580033258
godavari_82.210_16.560,2024Q2,0.027109957944443822,0.0662551177664732,0.03796270162379027,0.29234479733064683,0.11653350398179468,0.7525561149210976,-0.6250473218281499,0.47427295103861455,-8.751693627646828,-14.689975432574975,5.938281804928147,513,1.018239625167336,40,21.51012372040992,45.88604122409004
godavari_82.210_16.560,2024Q3,0.050302656875250415,0.08156247370176108,0.05249681013555608,0.28450751843528477,0.12346410532676545,0.6902127320813426,-0.5546782351728199,0.4714994434931725,-8.012135590610477,-14.035700058281114,6.023564467670637,242,1.002008032128514,49,20.471616014595995,43.67066543081662
godavari_82.210_16.560,2024Q4,0.03481602729173169,0.06628180792313654,0.03434645853763742,0.28672690462569267,0.09972076429959685,0.7677557543683672,-0.6084214588793551,0.5039762090725921,-8.50224919834144,-14.465765125737047,5.963515927395607,443,1.018239625167336,52,20.74690034266722,44.25791021798799
godavari_82.210_16.560,2025Q1,0.04228627731711308,0.0699469841839514,0.03964688893122985,0.2934770500869704,0.09602806771291467,0.7457849139603845,-0.6005733063328889,0.513316506518917,-8.412394944069119,-14.445948330219416,6.033553386150297,653,1.018239625167336,51,14.719113168705707,31.399253784878074
godavari_82.210_16.560,2025Q2,0.03169290600249789,0.07738155084665324,0.0434825982283383,0.32882440835237636,0.12179857627443533,0.7483758271149012,-0.6066151341309088,0.51767668281035,-8.411798790425753,-14.348488231918653,5.9366894414929,685,1.018239625167336,54,20.302123729040236,43.3090994025005
godavari_82.210_16.560,2025Q3,0.03524821708894412,0.0774676523902099,0.044974850168251465,0.27789475075376946,0.11624148562822421,0.7095504377425568,-0.5580985569641289,0.44557042590749735,-8.081894916812342,-14.217750185681354,6.135855268869012,387,1.018239625167336,52,15.661036993463082,33.40859394556526
godavari_82.210_16.560,2025Q4,0.047079102054503566,0.07723430955951183,0.0458181490209204,0.2730557617587908,0.09821493917373873,0.7102407569510152,-0.5529309743978316,0.4670022820458952,-8.236384793125444,-14.17196604914677,5.935581256021326,638,1.018239625167336,54,12.632844276352397,26.948762395643225
godavari_82.210_16.560,2026Q1,0.04823181675868787,0.07428718048015581,0.044973300290656625,0.28481632810873114,0.0974759538830444,0.71545643394878,-0.5778883033913287,0.4957618332715519,-8.483708736890986,-14.446530290538636,5.96282155364765,739,1.018239625167336,55,14.743833447997588,31.4519878262719
godavari_82.210_16.560,2026Q2,0.0604012058209002,0.09331661482456276,0.06164476147996833,0.3409374055992691,0.13269434364930954,0.6712784106015661,-0.5453138446498536,0.5356450475682618,-8.308598330869835,-14.261905799234036,5.953307468364201,696,1.018239625167336,54,32.035627651316084,68.33936197461702
godavari_82.210_16.560,2026Q3,0.0410246372981236,0.07523097828025295,0.04887698807308503,0.2782454943527189,0.11891286754362558,0.6864565230700059,-0.5576188857537944,0.45453983919276636,-7.980086499557783,-14.118467620567179,6.138381121009396,408,1.018239625167336,50,22.58562152027656,48.180325395699576
godavari_82.230_16.560,2019Q2,0.05931546355025477,0.08671820942054755,0.05793312004726688,0.2849424613803908,0.12525033765171256,0.646696727485327,-0.5250045931416684,0.46097039380046256,-8.64084601762343,-14.670732009822213,6.029885992198784,597,1.0189890586852337,68,17.846613877412672,38.070932121713035
godavari_82.230_16.560,2019Q3,0.03931593521629507,0.07094788514001128,0.04210913863274627,0.27244619535112385,0.11550203512008186,0.7223043952074065,-0.579137494030316,0.4572131153786361,-7.920389482004902,-13.898607555004872,5.9782180729999705,382,1.0189890586852337,62,25.966052017570277,55.39156114544144
godavari_82.230_16.560,2019Q4,0.07113946665248543,0.09023241691134865,0.05656305898636834,0.2960410979830492,0.10251266296296171,0.6741999607827661,-0.5283521542560325,0.5231551071590212,-8.054229435667802,-14.125880809951258,6.071651374283457,541,1.0189890586852337,153,18.929387192374296,40.38073664038862
godavari_82.230_16.560,2020Q1,0.053863765664507623,0.07655878124033406,0.04584721598869657,0.29530302805717124,0.10705285888906414,0.7224021113387945,-0.5772361271162597,0.516471913042515,-8.534067178545653,-14.497775789517604,5.963708610971951,718,1.0189890586852337,75,14.383698253675163,30.683736625687473
godavari_82.230_16.560,2020Q2,0.05159856814689781,0.0828201774362795,0.050633551867773664,0.3148924686509232,0.12323368693690229,0.7119990933769956,-0.570418369600332,0.524297288630491,-8.289333349630565,-14.379252405559349,6.0899190559287835,525,1.0189890586852337,54,17.096076531666487,36.4698633396469
godavari_82.230_16.560,2020Q3,0.045909724395212285,0.07459657405371774,0.041328644157032995,0.26473894102960327,0.11475240748149933,0.7263225555763582,-0.5553505663150597,0.4778661834788347,-7.583288345016065,-13.626940016943752,6.043651671927687,279,1.0189890586852337,55,17.46591024571684,37.258803713470535
godavari_82.230_16.560,2020Q4,0.08165453814070699,0.09730265274272604,0.0652795978893683,0.2567365547806892,0.09718722649348337,0.5828437261241901,-0.43936154756803264,0.43119078716202575,-7.673469906906116,-13.634926577289521,5.961456670383405,493,1.0189890586852337,51,18.332339449221735,39.107096483263284
godavari_82.230_16.560,2021Q1,0.030194541097396662,0.05324989231456948,0.03153297288545372,0.25357600222483395,0.09234015477744198,0.7630573335426852,-0.6374631522604939,0.44909441570655617,-8.315086599867819,-14.321890075353963,6.006803475486144,651,1.0189890586852337,46,19.613552680722904,41.840218985098524
godavari_82.230_16.560,2021Q2,0.043818860901820286,0.07876304924159803,0.047222687592022757,0.27407023583463075,0.12024428233936008,0.7050399367739961,-0.560893444495584,0.45550918737268575,-8.385685904949694,-14.513953181380227,6.128267276430533,504,1.0189890586852337,59,15.73739978240039,33.57149333780998
godavari_82.230_16.560,2021Q3,0.08227613783844571,0.10650276958735957,0.0744430879705016,0.280611526205533,0.1304019365077322,0.5761670399702311,-0.44480191907351757,0.46430203964463435,-7.8226632340200775,-13.62629557540867,5.803632341388593,314,1.0189890586852337,55,24.764904675145466,52.82923760016056
godavari_82.230_16.560,2021Q4,0.03901502877982462,0.06643558420865411,0.037270329624391245,0.2693788640694479,0.09811702986973604,0.7531071920258174,-0.6002467086860127,0.4821133219804597,-7.870732199305266,-13.724208515472894,5.853476316167628,501,1.0189890586852337,50,18.964969473562697,40.45664183008815
godavari_82.230_16.560,2022Q1,0.04501015199437664,0.0721788080842197,0.0444446520645717,0.2909818173973376,0.10207401421145967,0.7266401232915188,-0.5918197249937692,0.5111523629360264,-8.361000223873594,-14.48827314462104,6.127272920747446,646,1.0189890586852337,54,16.38774170872498,34.958822245303395
godavari_82.230_16.560,2022Q2,0.015444049141277286,0.05897510100224471,0.030546564519437935,0.3069594163990569,0.11910662567841616,0.8089805482827656,-0.674266960693227,0.49923602327688066,-8.12288212555523,-14.236513688080166,6.113631562524935,546,1.0189890586852337,50,34.85103083311976,74.34526450413607
godavari_82.230_16.560,2022Q3,0.03491453609153782,0.06618141496916786,0.03641626713680989,0.2639260458060885,0.10746293478454992,0.7463302526698532,-0.5882610063428196,0.4584326503467275,-7.355828088375849,-13.52080249070702,6.164974402331171,347,1.0189890586852337,49,23.806530837153126,50.78480577774017
godavari_82.230_16.560,2022Q4,0.030605408584034433,0.05825595893255481,0.02887070897044241,0.286281282353993,0.09190013374751053,0.8071403280826867,-0.6463642219302775,0.5074680418422199,-7.782294552991332,-13.918359591542336,6.136065038551004,495,1.0189890586852337,50,16.73459011782956,35.69872967705755
godavari_82.230_16.560,2023Q1,0.04328082052264541,0.06450365071135591,0.039001274990644354,0.28313520943130216,0.09874146317454033,0.7457662952540445,-0.6167694905756578,0.5060482128407954,-8.365767491598488,-14.42657774939203,6.060810257793541,681,1.0189890586852337,51,22.246782642450647,47.457504136355
godavari_82.230_16.560,2023Q2,0.037354135491293225,0.07428687705459645,0.04239307913454583,0.3195996660849696,0.12324664798932422,0.7666806463959911,-0.6251027301274604,0.5426234619168624,-8.297038015334538,-14.319419928274005,6.022381912939467,509,1.0189890586852337,54,22.513398883218084,48.02625789964733
godavari_82.230_16.560,2023Q3,0.02566441596071248,0.05841954924066098,0.032638359430539145,0.2680808870717521,0.11574460793420703,0.7786937378278773,-0.641115919497912,0.4583846804033014,-7.697861932481728,-13.83070797164825,6.132846039166522,357,1.0189890586852337,51,30.497201313692766,65.05754475840882
godavari_82.230_16.560,2023Q4,0.06155601831548208,0.0834104356642929,0.051798079949314645,0.30334084867399586,0.10687605846701721,0.6962620254731235,-0.5579045276464926,0.5402293223701108,-8.082323916803428,-14.232193826865508,6.14986991006208,574,1.0189890586852337,46,20.6196322502493,43.98641810519931
godavari_82.230_16.560,2024Q1,0.054402142586563305,0.07934907852897001,0.050335500807224036,0.31974514125324566,0.10726030199002191,0.7229841273357553,-0.5936319610444073,0.5542505862760927,-8.50304149644093,-14.571999109128459,6.068957612687528,680,1.0189890586852337,48,16.1477299292359,34.446821916943904
godavari_82.230_16.560,2024Q2,0.02306103762203737,0.0615220871125062,0.03118349314858319,0.3141364972900859,0.11657710830889403,0.8133481542249843,-0.6710022288852345,0.531733930315717,-8.536899246699377,-14.491429457473979,5.954530210774601,513,1.0189890586852337,40,21.26128945160821,45.355220496854194
godavari_82.230_16.560,2024Q3,0.03515372260374178,0.06641233460992817,0.04014030988407282,0.28061451064156645,0.1148756242406683,0.7533140234174127,-0.6194146421707741,0.474065990578993,-7.598042629602528,-13.64249041100009,6.044447781397562,242,1.0188986345962565,49,24.99359217945674,53.317080644982504
godavari_82.230_16.560,2024Q4,0.039516699254063425,0.06794950830742597,0.03746582030279614,0.30327922230407206,0.10091340687838621,0.7705030606767946,-0.6230844029078282,0.5350049695762101,-7.990800103143053,-14.117068104172894,6.126268001029841,443,1.0189890586852337,52,18.869932535176574,40.253906182014724
godavari_82.230_16.560,2025Q1,0.04303461518551374,0.06844858160351178,0.03807636294178263,0.3073734537301737,0.09482212540306462,0.7637089847545032,-0.6210846833782071,0.5477109968432616,-8.365504575837498,-14.491257738908551,6.125753163071053,653,1.0189890586852337,51,15.835856923422346,33.78152506475225
godavari_82.230_16.560,2025Q2,0.0287860208584344,0.0739875637150803,0.03922753794477607,0.3380877182268463,0.12506027255917276,0.786889742945614,-0.6385980157987176,0.550050449581598,-8.198414074307415,-14.219896153483965,6.02148207917655,685,1.0189890586852337,54,20.155680945470763,42.99670326330659
godavari_82.230_16.560,2025Q3,0.03720984861829117,0.07718252788594676,0.044916643828720494,0.3141489588493863,0.1249744697447196,0.7322584486948929,-0.5852430640575649,0.5047326143834127,-7.69453181159128,-13.98063763989942,6.28610582830814,387,1.0189890586852337,52,19.167641438273527,40.88898774536824
godavari_82.230_16.560,2025Q4,0.059719050607727746,0.08710536824121522,0.05409014500695826,0.301060149133623,0.10413013828071079,0.6902958185963011,-0.5486050829783429,0.5152075161190025,-7.801480095154827,-13.856122741772587,6.0546426466177605,638,1.0189890586852337,54,15.140667742311189,32.298526647930494
godavari_82.230_16.560,2026Q1,0.0432198390893488,0.07039329817189824,0.04134656967515113,0.2914621237624428,0.09994385187739555,0.747690380070902,-0.6085775293402054,0.5134941401143192,-8.480607917883535,-14.480096321645279,5.9994884037617435,739,1.0189890586852337,55,18.39741581181514,39.24591933223841
godavari_82.230_16.560,2026Q2,0.0516673637115055,0.08643546253707632,0.05432793754331821,0.3285466513089394,0.12969036035525863,0.7041116414057346,-0.5728902445590284,0.5267759573987124,-8.318035084446677,-14.266559119452232,5.948524035005555,696,1.0189890586852337,54,22.184590472462382,47.324833933570936
godavari_82.230_16.560,2026Q3,0.041635341638405446,0.07348807944110128,0.04498334548410527,0.2848121729337263,0.1181808690953877,0.7153707401688352,-0.5774469820448259,0.47342210715131133,-7.815105760510063,-14.063330207544308,6.248224447034245,408,1.0189890586852337,50,22.009566452738387,46.951467443975105
godavari_82.230_16.570,2019Q2,0.059922327074713094,0.08551834758843484,0.05798296852475735,0.2809207573899115,0.12248044833642452,0.6381489005778707,-0.5186686213752894,0.4493578303662075,-8.568516216919214,-14.565001166352891,5.996484949433677,597,1.0089337735482617,68,15.342732885945075,32.72957807428461
godavari_82.230_16.570,2019Q3,0.043438654271265,0.07325608304764415,0.047063277874549087,0.2785977099492086,0.11478636513718847,0.6928610004609327,-0.5647898217138944,0.4532988422771345,-7.883707822004271,-13.88960727092112,6.005899448916849,382,1.0089337735482617,62,23.625846288702203,50.39936407844821
godavari_82.230_16.570,2019Q4,0.05919127501461939,0.07919850480719359,0.04924325632871664,0.2934990624326296,0.09723961439827707,0.6882913954242387,-0.5450535873186129,0.5121865066001876,-7.927985058403005,-14.048629397085104,6.1206443386821,541,1.0089337735482617,153,16.04773030459937,34.23349971768051
godavari_82.230_16.570,2020Q1,0.054119193911363946,0.07677784775327186,0.047913801154966885,0.2985460327433656,0.10713909938103156,0.7063886677516292,-0.5701898118754393,0.5141259395416362,-8.294635941306481,-14.292578795007154,5.997942853700673,718,1.0089337735482617,75,14.803556460243044,31.579390747684272
godavari_82.230_16.570,2020Q2,0.05273312251187109,0.08225217650505634,0.05172985152837538,0.31977349655721304,0.1229751319866998,0.6979700178328007,-0.5614028657891729,0.5215131210754835,-8.22668944256214,-14.33043132908097,6.103741886518829,525,1.0089337735482617,54,18.492458966304394,39.44866824068953
godavari_82.230_16.570,2020Q3,0.06709270582789187,0.09407911351786252,0.06364347878272751,0.28307584923234275,0.12934794984981435,0.6393052944317684,-0.5008318589126867,0.47231799901136073,-7.653173730567789,-13.782246784437667,6.129073053869878,279,1.0078656049718393,55,30.007851125396034,64.01364825622858
godavari_82.230_16.570,2020Q4,0.07840853873634071,0.09409130767770209,0.06523574076553468,0.2721689094553646,0.09624610037154617,0.5916882323597776,-0.4602967761105023,0.4610704792953502,-7.644910531931398,-13.653140049892244,6.008229517960846,493,1.0089337735482617,51,16.823542568507264,35.888485713416756
godavari_82.230_16.570,2021Q1,0.02971179443904775,0.05401580944422027,0.033060860099804086,0.2672310182464886,0.09208968746772546,0.7638718855071488,-0.6504563221013412,0.4652299972004845,-8.235554077022758,-14.254637703980922,6.019083626958164,651,1.0089337735482617,46,15.586513261804466,33.249617685479144
godavari_82.230_16.570,2021Q2,0.04361278547821218,0.07998865301881507,0.048804275676012955,0.29600412785735963,0.12217832677536924,0.7052011077332677,-0.5699421834692939,0.4874723963513812,-8.349441026898814,-14.437040210415189,6.0875991835163745,504,1.0089337735482617,59,15.496424857182719,33.05743839808789
godavari_82.230_16.570,2021Q3,0.090844415494611,0.11416216186437789,0.08155073751772886,0.29844195973503107,0.13506417432875914,0.5677220117954407,-0.44395827218837924,0.487767431253102,-7.806079386542731,-13.683024892638826,5.876945506096096,314,1.008642454845601,55,22.40770167950883,47.800781453778626
godavari_82.230_16.570,2021Q4,0.03980453688916441,0.06545712363967804,0.037990216491285915,0.27428986969574515,0.09726589438706303,0.7480768159772215,-0.6071945184529993,0.48653758338462944,-7.777747654910653,-13.715972260358193,5.93822460544754,501,1.0089337735482617,50,18.832831076286546,40.17476023686675
godavari_82.230_16.570,2022Q1,0.047445910013014944,0.06940354390891355,0.044500514290767935,0.28578599287186895,0.09787537620290664,0.7123062040948581,-0.5867092774020899,0.5003207887433735,-8.256849334909056,-14.36022879914939,6.103379464240334,646,1.0089337735482617,54,22.17334570443986,47.30084625708224
godavari_82.230_16.570,2022Q2,0.022446640122225178,0.06259710269001215,0.037246074763858085,0.30389303711766574,0.11894241482690887,0.760292516574295,-0.6449298847564296,0.48395303342771634,-8.114000359060467,-14.239969864225,6.125969505164532,546,1.0089337735482617,50,28.61858687426072,61.05002807777919
godavari_82.230_16.570,2022Q3,0.038399169528766985,0.06885183903990139,0.04051899969626816,0.27987934030643913,0.10893646214923185,0.7315895276975058,-0.5898912039475029,0.47795781709581425,-7.480060169801975,-13.649429473406713,6.1693693036047375,347,1.0089337735482617,49,24.897981155373117,53.1131203400766
godavari_82.230_16.570,2022Q4,0.02508916154211047,0.05300407861036577,0.02750611087289784,0.28739857816350917,0.09200552790804487,0.8130050220214563,-0.6776061864814594,0.5090812387812279,-7.806735912903275,-13.928039977487067,6.121304064583792,495,1.0089337735482617,50,15.165684951432121,32.35189410894355
godavari_82.230_16.570,2023Q1,0.04686354327728675,0.06756024363721058,0.04322522453543484,0.2789081466580529,0.09937262182139268,0.716593571272887,-0.5956307224786355,0.49262491732377234,-8.312599253652895,-14.361492841287058,6.048893587634163,681,1.0089337735482617,51,24.153160382466147,51.52424632268827
godavari_82.230_16.570,2023Q2,0.04354794290895432,0.08496759257157491,0.04944218483361179,0.33950770553819976,0.12828920280637174,0.7294261196292323,-0.5987502486061554,0.5578043776493488,-8.239131736974109,-14.33445461203032,6.095322875056212,509,1.0089337735482617,54,20.03380242321786,42.73670834328104
godavari_82.230_16.570,2023Q3,0.03238028600757354,0.06216558075769679,0.03866226364827695,0.2712580981326147,0.11459189803761775,0.7378024585428357,-0.6155663947333635,0.4527708721528099,-7.774632473425756,-13.85983220885047,6.085199735424714,357,1.0089337735482617,51,28.250781207677175,60.26541399565318
godavari_82.230_16.570,2023Q4,0.06559203613232517,0.08202315947963101,0.05360135417055255,0.29599647613319474,0.10707060071139435,0.6760144063618964,-0.5477092632023847,0.5212146136283772,-8.074786331068394,-14.198284962450327,6.123498631381933,574,1.0089337735482617,46,21.471690082715547,45.804053435151296
godavari_82.230_16.570,2024Q1,0.04848527793958168,0.07304629484195246,0.04791627089182262,0.3132360380818453,0.10515651037889179,0.724842657195628,-0.6080318994191387,0.5341304664839298,-8.376346790080898,-14.453551370622048,6.077204580541149,680,1.0089337735482617,48,25.16483656391937,53.68238430324973
godavari_82.230_16.570,2024Q2,0.02682299311855781,0.06387358416128566,0.03549213485585378,0.31173222322617816,0.11631257760289102,0.7829410666804862,-0.6550620004924901,0.5173321740002446,-8.470203294016253,-14.411169096487823,5.94096580247157,513,1.0089337735482617,40,25.8270565335632,55.09505180909303
godavari_82.230_16.570,2024Q3,0.0389588074622619,0.06840219384040443,0.044218700811190274,0.288293796175515,0.11478207284995308,0.7309821718833084,-0.6124751806949917,0.47806533148163416,-7.595507904538543,-13.712405324277505,6.116897419738962,242,1.0089337735482617,49,26.577277915668642,56.695446568041824
godavari_82.230_16.570,2024Q4,0.038517465850544115,0.06620815014435255,0.036332366362760986,0.31159778818506734,0.10306446615780249,0.7780332565794073,-0.6372718414828037,0.5457198981037721,-7.9675916644516125,-14.131942077670981,6.164350413219369,443,1.0089337735482617,52,28.052639039797583,59.8427311788674
godavari_82.230_16.570,2025Q1,0.045692873302152506,0.06857725533247236,0.04105724217148448,0.30394648373488475,0.09815932181761704,0.750680979277356,-0.6213320186300908,0.534919869345736,-8.21113690374916,-14.348289421966543,6.137152518217382,653,1.0089337735482617,51,23.792916447762074,50.7557631538595
godavari_82.230_16.570,2025Q2,0.030862068213853972,0.07269492695606648,0.042233489006881834,0.3307408755446546,0.12401013549044676,0.760492763220867,-0.6287985780003802,0.5325746380898403,-8.168888656238462,-14.266555397343023,6.097666741104561,685,1.0089337735482617,54,28.19159316841984,60.139152294668264
godavari_82.230_16.570,2025Q3,0.03612870084816968,0.07431873569301713,0.0464443314939456,0.3094724245430918,0.11969387573080893,0.728862748181733,-0.6048023050625474,0.4997910062206404,-7.792182630256685,-14.08315869694105,6.290976066684365,387,1.0089337735482617,52,20.612404170403877,43.97099894843067
godavari_82.230_16.570,2025Q4,0.05596093623193008,0.08097360378693913,0.050319311639002835,0.3067137698940476,0.10437137232759879,0.7115897968577125,-0.5791068435818442,0.5266366879570251,-7.812912704436759,-13.902148384912662,6.089235680475904,638,1.0089337735482617,54,16.730159822170044,35.6892788374478
godavari_82.230_16.570,2026Q1,0.046314044621051,0.0694095025452497,0.042538736139773776,0.28825040160307647,0.09801552906474138,0.7332779496930455,-0.6056111650699618,0.5095228973709705,-8.40091159193476,-14.434040982431497,6.033129390496738,739,1.0089337735482617,55,24.44908390578621,52.15551926034032
godavari_82.230_16.570,2026Q2,0.05690730427605855,0.08950030723939947,0.05948861899173257,0.33323655957045484,0.1313060867859524,0.677958518512756,-0.5605327117214485,0.526000256077439,-8.22044299317091,-14.239126553167873,6.018683559996964,696,1.0089337735482617,54,37.04506305466365,79.02563986010016
godavari_82.230_16.570,2026Q3,0.04317371626680542,0.07414601712710743,0.048891771674411146,0.2838638348494865,0.12092560265256552,0.6929687293755544,-0.5718599863116682,0.46542206311446105,-7.810114790511386,-14.047890253734398,6.237775463223012,408,1.0089337735482617,50,26.78512367110142,57.138829368903686
godavari_82.240_16.580,2019Q2,0.06594321660578628,0.09107297026009116,0.06508748139062305,0.2717361700111475,0.12688803125186207,0.5998854993279752,-0.4894793613119506,0.4272047443420507,-8.695499790282495,-14.72236691709341,6.026867126810915,597,1.014710743801653,68,17.40162455809841,37.121667556072275
godavari_82.240_16.580,2019Q3,0.04223465332003248,0.07258785123854017,0.04701790237738479,0.26408654234866086,0.11287306154055567,0.6825370271621201,-0.5544445173044714,0.4271051677171957,-7.93158665402655,-13.990232695879374,6.058646041852825,382,1.014710743801653,62,17.38797494820103,37.09254979875088
godavari_82.240_16.580,2019Q4,0.08328350713435374,0.09725053492168625,0.06697195051216982,0.28392161120518056,0.10087572385622057,0.5988769286564354,-0.4630432553027738,0.4789560316824067,-7.930206995457077,-14.037177172757964,6.106970177300887,541,1.014710743801653,153,17.968342785140056,38.330607879544324
godavari_82.240_16.580,2020Q1,0.0491956384984597,0.07321690702181324,0.046184093196950715,0.29205022635694233,0.10828524412182265,0.7038395087142699,-0.5710099855842247,0.49629317597477185,-8.369486568083124,-14.483353720283784,6.11386715220066,718,1.014710743801653,75,21.677687544946977,46.24349340150724
godavari_82.240_16.580,2020Q2,0.052509505372039716,0.08244131801012816,0.05355834140905521,0.3042188172473397,0.12424787355137847,0.6767672589640501,-0.5475206721261087,0.48754637468506185,-8.225743418549705,-14.308236584007847,6.082493165458143,525,1.014710743801653,54,19.538910209727767,41.68098942669757
godavari_82.240_16.580,2020Q3,0.06270623396374476,0.0872024655494194,0.05783295750087204,0.26062003083427443,0.11879137371723866,0.6407522608992477,-0.49785966580156604,0.44486631402715976,-7.543851008992652,-13.728453076038793,6.184602067046141,279,1.0134710743801654,55,22.512399348626637,48.0241256624708
godavari_82.240_16.580,2020Q4,0.07704880683084467,0.09215833225450065,0.061922728890496374,0.2749083490725149,0.09492064489896869,0.6025074637133963,-0.4623555241773313,0.47515090851685504,-7.4763476854667115,-13.595324133471575,6.118976448004863,493,1.014710743801653,51,17.69833576163797,37.75462079679897
godavari_82.240_16.580,2021Q1,0.03274204292777972,0.0563945989790447,0.034481525098400405,0.27910936951940607,0.0905917995510733,0.7611776747122366,-0.6444717709559067,0.48807103595247164,-8.38355655707111,-14.366576523945124,5.983019966874014,651,1.014710743801653,46,15.817703150759504,33.742798892294694
godavari_82.240_16.580,2021Q2,0.044636743734970154,0.08032650761676277,0.04871744653939991,0.30517463383932164,0.11929921966372692,0.7110761901987944,-0.577600647150791,0.49977093077084134,-8.369609567862334,-14.424205137975614,6.05459557011328,504,1.014710743801653,59,14.519481109027005,30.97339268620968
godavari_82.240_16.580,2021Q3,0.08138865919840203,0.10618908965382798,0.07378393918982,0.3044445584586953,0.13126632514672681,0.5968956258265261,-0.46695837941716284,0.5003355844977287,-7.68605890715482,-13.510941152093492,5.824882244938673,314,1.0127272727272727,55,27.29053020880607,58.21697775733137
godavari_82.240_16.580,2021Q4,0.03954277058420946,0.06663843341885115,0.03779885008318812,0.2773213073468545,0.09512634182671517,0.7507725925129204,-0.6075320704558655,0.48994408101077425,-7.679808457194365,-13.634438923346032,5.954630466151667,501,1.014710743801653,50,17.18303889096451,36.65537405337222
godavari_82.240_16.580,2022Q1,0.04203840057253842,0.0666628534738698,0.03983532578651297,0.30827454214814737,0.09675775104540595,0.7541454755648604,-0.6260730480786755,0.5455155397545655,-8.401186520697571,-14.512177290538661,6.11099076984109,646,1.014710743801653,54,21.827118146501135,46.56226324366062
godavari_82.240_16.580,2022Q2,0.019781398385360617,0.06220787436861722,0.035877841819155494,0.3282952098609487,0.12144237211185932,0.7809941492794451,-0.6654478420617169,0.5174715650960765,-8.21384022640115,-14.28898653179813,6.075146305396981,546,1.014710743801653,50,28.746531480810688,61.32296335080979
godavari_82.240_16.580,2022Q3,0.040055634575091974,0.07354109174771369,0.04571606706763549,0.2906849766128738,0.11043921353211379,0.7144956453837077,-0.585155465810691,0.4766410554278532,-7.463040322961803,-13.653175536606613,6.190135213644809,347,1.014710743801653,49,20.61909895560258,43.9852804650601
godavari_82.240_16.580,2022Q4,0.026476101914161426,0.055550933462431784,0.027512899692812676,0.3086429766982215,0.08915665046331912,0.8181297959006665,-0.6752131274488369,0.5493710944690854,-7.8810917389657495,-14.075228335609802,6.194136596644053,495,1.014710743801653,50,17.604794305495968,37.55507535631317
godavari_82.240_16.580,2023Q1,0.04292204566188095,0.06500536743051664,0.03861191972542911,0.2974090942690007,0.0943929272792089,0.7450909999002687,-0.620023860536513,0.5292849687092218,-8.578430640535055,-14.531720685761375,5.9532900452263195,681,1.014710743801653,51,15.423118516067643,32.90105911203098
godavari_82.240_16.580,2023Q2,0.04502527421590054,0.08290217442651245,0.04804169217394393,0.3413140389975262,0.12307488283410487,0.7418584695190047,-0.6074703144453875,0.5641304590422642,-8.458267110581541,-14.47499362040939,6.016726509827848,509,1.014710743801653,54,16.52100710280248,35.24310798191133
godavari_82.240_16.580,2023Q3,0.023902654221061814,0.05936869569059536,0.0356728103660218,0.2773932277575585,0.11545420993258787,0.7583310473221405,-0.6366055525012292,0.46074657224910154,-7.856920953882392,-13.880628287213323,6.023707333330931,357,1.014710743801653,51,30.7831178463218,65.66747048330906
godavari_82.240_16.580,2023Q4,0.05709516032873058,0.07589776482255052,0.04811454229006982,0.28674972571666085,0.10296794419634743,0.6986402218192723,-0.5663411289990286,0.5148228462063059,-8.20133169298585,-14.193655263651328,5.992323570665478,574,1.014710743801653,46,17.55015126906054,37.43850919169802
godavari_82.240_16.580,2024Q1,0.051377642093042734,0.07526176522330486,0.04914779277493118,0.3080073776608789,0.10409939133783937,0.715235364820491,-0.5919800559400384,0.5305499571662171,-8.629776115139471,-14.608696985583311,5.97892087044384,680,1.014710743801653,48,17.602246628247922,37.549640574777314
godavari_82.240_16.580,2024Q2,0.025812504815784808,0.06345456389233273,0.03445813815052585,0.3147576529494259,0.11397647662083188,0.7876288968393231,-0.6538135009289575,0.5237651904181923,-8.609685892164062,-14.431574715741938,5.821888823577876,513,1.014710743801653,40,26.25988154468518,56.018367107568764
godavari_82.240_16.580,2024Q3,0.041386594388111805,0.07057176494740078,0.044340119306178316,0.29290092606222,0.11371974931912454,0.7352159304957437,-0.6101228511688319,0.49653017317423714,-7.769075457564015,-13.780218778107471,6.011143320543456,242,1.014710743801653,49,22.39505866773428,47.7738110017708
godavari_82.240_16.580,2024Q4,0.035343933226504955,0.06427237521905338,0.0339177651393337,0.31673081845143725,0.09743331143447316,0.7978452097907844,-0.6548740939650999,0.5597254386682372,-8.108318132494624,-14.15875543184492,6.050437299350296,443,1.014710743801653,52,20.251617909470657,43.20135887302009
godavari_82.240_16.580,2025Q1,0.0436697479621941,0.0687786042841706,0.039001906400039775,0.3242194602418402,0.09725776414890176,0.7655450782974214,-0.628870734841917,0.5672964413335932,-8.474162637029766,-14.467260198941819,5.9930975619120535,653,1.014710743801653,51,19.38196750440697,41.34619453942609
godavari_82.240_16.580,2025Q2,0.03167775127133585,0.0762134999104226,0.04290273721632194,0.34289996577112436,0.12398791132623406,0.7702753008033694,-0.6321514566449322,0.5553676174383825,-8.33251137932045,-14.272156409955084,5.939645030634633,685,1.014710743801653,54,19.673989280616343,41.9691441530892
godavari_82.240_16.580,2025Q3,0.035871881307569325,0.07354956902276878,0.043118035687209844,0.3192156455910325,0.11904438912894294,0.7433720902763081,-0.6126237451413371,0.5036178316622194,-7.8194543062981845,-14.019280429782096,6.199826123483912,387,1.014710743801653,52,22.113416374574005,47.17300321273251
godavari_82.240_16.580,2025Q4,0.061719425261996204,0.08687715064756095,0.054839522093973005,0.3177139348944846,0.10384477801293931,0.6999213060023936,-0.5666452703999996,0.554180301033539,-7.935993648197458,-13.883332334988946,5.947338686791488,638,1.014710743801653,54,15.862748206092231,33.83889035568213
godavari_82.240_16.580,2026Q1,0.04160250777910739,0.06819782377357772,0.038670545882372474,0.3078438681388215,0.09515655047072963,0.7708860765628387,-0.6319368962206572,0.5461011826224332,-8.677295139850704,-14.55158346846569,5.874288328614986,739,1.014710743801653,55,17.63113903588628,37.6112747255237
godavari_82.240_16.580,2026Q2,0.06165035209396426,0.09596700945543217,0.06221575242199869,0.3582176493812916,0.13281332670894178,0.6880858540685357,-0.5633192799049667,0.5681713958755581,-8.424096980096834,-14.321866447205274,5.897769467108439,696,1.014710743801653,54,26.863870330625385,57.3068141054
godavari_82.240_16.580,2026Q3,0.040104257247815044,0.07446333284986255,0.04645042711171914,0.30040504105179716,0.12208647763766739,0.7248647506991953,-0.595320010034207,0.49620823257038743,-7.890671352028051,-13.935624018165845,6.044952666137793,408,1.014710743801653,50,23.960723141217397,51.11373342653919
godavari_82.240_16.900,2019Q2,0.06735757464631585,0.09024100534941355,0.07029228675729852,0.2621318135541224,0.13834454069211324,0.5473268950339272,-0.46042075817916617,0.3924736455505516,-8.680455504780113,-14.770233772352208,6.089778267572095,597,1.013402829486225,68,16.86900918095852,35.98547645509615
godavari_82.240_16.900,2019Q3,0.039133421466077296,0.06679321273041577,0.04459771396544752,0.26162039002988313,0.12388269109415108,0.6859634396120247,-0.5710391473589096,0.4233042469415966,-8.325610189136764,-14.45515187596002,6.129541686823256,382,1.013402829486225,62,23.628951568845203,50.405988355207654
godavari_82.240_16.900,2019Q4,0.06265895596735925,0.07923923007277699,0.05254982953260844,0.2551926980970495,0.1037959444272714,0.6331356842231063,-0.5015661440707777,0.4431578775553554,-8.201899588958458,-14.298850729177264,6.096951140218806,541,1.013402829486225,153,18.48346181716582,39.42947525223264
godavari_82.240_16.900,2020Q1,0.05646218769900244,0.07784830222470711,0.05343963892002677,0.2698074572865465,0.11053603904868999,0.6372920291346627,-0.5242081127792496,0.45438178653058797,-8.284009941913048,-14.468926137675115,6.184916195762067,718,1.013402829486225,75,17.807370728713668,37.98721745961385
godavari_82.240_16.900,2020Q2,0.06184965577443421,0.08880819889418473,0.06126120042718663,0.2928654551275263,0.13416298574528848,0.632198563532032,-0.5170246730365684,0.4703297102161068,-8.592566231568174,-14.56313007131833,5.970563839750156,525,1.013402829486225,54,40.105505545225654,85.55426759424172
godavari_82.240_16.900,2020Q3,0.058627530907703465,0.08456307625579344,0.05404156467047814,0.29729554381130713,0.12607403204062054,0.6823011860643321,-0.5474224272403011,0.5103771433351244,-7.746301226859743,-13.813640993562819,6.067339766703076,279,1.0054604120129065,55,19.360838980964147,41.30112253936215
godavari_82.240_16.900,2020Q4,0.05825398108724398,0.07822589693013304,0.053042611794581696,0.2687002406151885,0.10143635730809093,0.6386870853602177,-0.5128067373022525,0.45103304114472614,-7.643925591369208,-13.473330510888182,5.829404919518974,493,1.013402829486225,51,17.833369774818507,38.042679404736084
godavari_82.240_16.900,2021Q1,0.038714563318898575,0.06427198667801277,0.03988264019142222,0.28384318555395727,0.10584658541435585,0.7274302883208439,-0.6098318504600087,0.4805482418984683,-8.16446228763462,-14.162733206620647,5.998270918986027,651,1.013402829486225,46,29.476821709560774,62.88084037548634
godavari_82.240_16.900,2021Q2,0.06119039308913878,0.09170512846678622,0.05817242640080915,0.30872951460310105,0.13906450229007253,0.6623056460888335,-0.5339293207013569,0.4904988924326743,-8.497622680158157,-14.46561704800337,5.967994367845213,504,1.013402829486225,59,41.88231153747549,89.34460344108884
godavari_82.240_16.900,2021Q3,0.060267757605987814,0.08721457185134841,0.06106070684753147,0.2899484918196262,0.1304850291347754,0.6360013470226831,-0.5200876415392808,0.4843357438842345,-7.7206922282820045,-13.542131628337945,5.82143940005594,314,1.013402829486225,55,37.95613811950061,80.96917252066228
godavari_82.240_16.900,2021Q4,0.03105157494832187,0.06063876236745565,0.0310422079694378,0.2894624978905005,0.10429169304809996,0.7837792648618307,-0.6365033945138652,0.5041084821520521,-7.7764444437223155,-13.6667810003318,5.890336556609485,501,1.013402829486225,50,22.053756923426587,47.04573588176131
godavari_82.240_16.900,2022Q1,0.0486931615246419,0.07103826521306132,0.04608740988036101,0.29510371871113306,0.10817354717099852,0.7009910051951288,-0.5764282387223403,0.5067196702308704,-8.188512229627051,-14.212807911789419,6.024295682162368,646,1.013402829486225,54,26.72236847229851,57.004958096161346
godavari_82.240_16.900,2022Q2,0.02862296279336685,0.06713807100425441,0.03688373255308515,0.33664355461255546,0.1307329768437823,0.7794578241511146,-0.6444638001707463,0.5512951772706279,-8.270250259819743,-14.328512882041966,6.058262622222223,546,1.013402829486225,50,32.911285566433314,70.20734170888254
godavari_82.240_16.900,2022Q3,0.041714884010145226,0.06921444387287723,0.039785439781341254,0.3167324885506586,0.12434408533489423,0.7605767356616135,-0.6288716815939075,0.5491921903049805,-7.779097383671627,-13.733010551767615,5.953913168095988,347,1.013402829486225,49,36.270215710629316,77.37271226038577
godavari_82.240_16.900,2022Q4,0.021061560014822362,0.05312102129565443,0.022610237198539426,0.3248023132093235,0.10737268157217422,0.8499040247329348,-0.7059973151380274,0.5791860610707271,-7.998467479736772,-14.058721076598248,6.060253596861476,495,1.013402829486225,50,30.85047880867125,65.81116690902178
godavari_82.240_16.900,2023Q1,0.05592621256089359,0.0746845618237212,0.049115030667881275,0.2975694548208311,0.10947588232950604,0.69946319871171,-0.5789024015314227,0.516888879667759,-8.280222124313317,-14.196930067403827,5.916707943090509,681,1.013402829486225,51,22.64458937111384,48.30611738414118
godavari_82.240_16.900,2023Q2,0.04291151518999735,0.07663635186956994,0.045983335788851804,0.36253784490008145,0.14063400332125248,0.7613105361863242,-0.6391671191280324,0.5959652729875282,-8.49021879940904,-14.483100444058824,5.992881644649783,509,1.013402829486225,54,29.078286116597763,62.03067229250985
godavari_82.240_16.900,2023Q3,0.027113053200259724,0.06520240359525768,0.04330447932676922,0.30359975942070977,0.13454760012669054,0.7393619849806886,-0.6306984232646737,0.47546946175020793,-7.989221493303401,-14.13761525481478,6.148393761511378,357,1.013402829486225,51,34.04000827603132,72.61516685467831
godavari_82.240_16.900,2023Q4,0.03456129259793785,0.06505213084195272,0.0393053968600115,0.30512317646862813,0.11747259170741252,0.7665892464006036,-0.6467518084351974,0.5200071176075126,-8.272643782720145,-14.353469616965723,6.080825834245578,574,1.013402829486225,46,43.45493220498954,92.69936502764983
godavari_82.240_16.900,2024Q1,0.046443344453203764,0.0704035783707332,0.04741606223967754,0.2821070260070639,0.11981031449076597,0.689943926439693,-0.5839507288443322,0.4813936251058409,-8.161080142307123,-14.109292283990538,5.948212141683415,680,1.013402829486225,48,31.300581498317666,66.77133946965618
godavari_82.240_16.900,2024Q2,0.03097231376769802,0.0600214508291491,0.03895518802769811,0.27682013383879495,0.13577419929670753,0.7328507316489551,-0.617730851314913,0.4585248572659433,-8.465733929455345,-14.402633399414364,5.93689946995902,513,1.013402829486225,40,37.56066148928745,80.12552990879267
godavari_82.240_16.900,2024Q3,0.026707960856155465,0.060232875812273386,0.03763252452984357,0.2919406030851358,0.12229323179407202,0.7653241636270021,-0.650379415529294,0.47329294169052005,-7.569407233291118,-13.535265991590723,5.965858758299605,242,1.013402829486225,49,32.578123248260894,69.4966298568876
godavari_82.240_16.900,2024Q4,0.016695376819684797,0.05040997400745847,0.02227932867622626,0.3286122256893939,0.1072702525987877,0.8563302517417765,-0.7198360762417514,0.5646040548184326,-7.884302010402341,-14.02725306759483,6.142951057192488,443,1.013402829486225,52,32.22920009059948,68.75229650926953
godavari_82.240_16.900,2025Q1,0.041569880072172945,0.06614671765356867,0.03884390955191439,0.31891086330112955,0.1119978246484662,0.7646760599971143,-0.6364273981788193,0.553287232133126,-7.914085495628395,-14.150090309962234,6.236004814333839,653,1.013402829486225,51,41.4368806231026,88.39439685162118
godavari_82.240_16.900,2025Q2,0.030689961276515826,0.07166868918876687,0.03854745381032392,0.3485980663124304,0.1325419133074877,0.791678610408195,-0.6552809063878791,0.5713412700808136,-7.923322241345465,-13.92896143968504,6.0056391983395745,685,1.013402829486225,54,23.409738240517772,49.93835590681973
godavari_82.240_16.900,2025Q3,0.0210556844993473,0.06502308568337538,0.039571861095833355,0.3344997797059611,0.13941304019301715,0.7815589726657435,-0.6718557286837301,0.5289212716706179,-7.739927097822291,-13.969943853442981,6.23001675562069,387,1.013402829486225,52,35.106208935428626,74.88961808732442
godavari_82.240_16.900,2025Q4,0.04027654744090486,0.06830235011732153,0.04090277608549242,0.31904987432259707,0.11633389841676987,0.7669971505067084,-0.6437307008199254,0.5518247076641501,-7.639435252861594,-13.77234387342617,6.132908620564576,638,1.013402829486225,54,36.82214499005912,78.55010435714382
godavari_82.240_16.900,2026Q1,0.04431524552310985,0.06928764874608259,0.04494564722084965,0.2913824480842272,0.11345119131661092,0.7156986086888225,-0.5975151584955463,0.49282738794160863,-8.088810156851238,-14.038670911101114,5.949860754249876,739,1.013402829486225,55,26.00184965339312,55.467925736107816
godavari_82.240_16.900,2026Q2,0.04240846972033896,0.07700536694924787,0.05019863322574885,0.3278602443652237,0.1450852728161196,0.7277367049129218,-0.61255823998699,0.5244179868279418,-8.44333060173806,-14.490603304708163,6.047272702970103,696,1.013402829486225,54,25.510219835181477,54.41916625900419
godavari_82.240_16.900,2026Q3,0.05999510393498911,0.08888993162384093,0.05929766107372635,0.34062225457820794,0.1455385610414548,0.6921176750647828,-0.5751268692417663,0.5575151249907276,-8.135594925210693,-14.557633263621355,6.422038338410662,408,1.013402829486225,50,41.63295619879468,88.81267115195477
godavari_82.250_16.590,2019Q2,0.06703932839366553,0.09206901619862431,0.07304145997543281,0.24323285714715445,0.1353451250174534,0.5225673004415866,-0.4377730016683391,0.34663462228887026,-8.793104044478175,-14.768905124665569,5.975801080187393,597,1.0273714823368403,68,13.167834126435313,28.090018793535606
godavari_82.250_16.590,2019Q3,0.04701040169543642,0.07914181038906862,0.0586846042569275,0.2470273575122267,0.11469984743878184,0.5914257964908695,-0.4865363813830264,0.3657497661660915,-7.884634675475124,-13.978637453275587,6.094002777800463,382,1.0273714823368403,62,15.16386740233097,32.34801685867449
godavari_82.250_16.590,2019Q4,0.07163825845298356,0.08801309855699332,0.0606907377020354,0.24851274887510322,0.09681637661392209,0.583819806480487,-0.45322688021924423,0.4115864751093692,-7.806276954591444,-14.037989862583636,6.2317129079921925,541,1.0273714823368403,153,13.32494398282942,28.425170252491203
godavari_82.250_16.590,2020Q1,0.04661849040658952,0.07270965303855602,0.05112884458079675,0.25645319804955397,0.11446186899821792,0.6443447338778725,-0.5316566903856094,0.4108066501885926,-8.416815061785476,-14.573060431906502,6.156245370121026,718,1.0273714823368403,75,16.737327452453606,35.70456904139761
godavari_82.250_16.590,2020Q2,0.05300319400747795,0.08398397296956302,0.060222967663324425,0.26603239721472527,0.13108503839583857,0.6087330500394182,-0.5007759975785978,0.40180515051503723,-8.179674389378604,-14.354346319645659,6.1746719302670545,525,1.0273714823368403,54,19.07796508830353,40.69768746532174
godavari_82.250_16.590,2020Q3,0.052119932548436734,0.08312868280458374,0.05520195160324519,0.264352757689136,0.10861917448246232,0.6300792400618868,-0.4973267909046222,0.4304143121604714,-7.371281988320819,-13.67092041451938,6.299638426198561,279,1.025831836455393,55,12.249067648460898,26.13007857972624
godavari_82.250_16.590,2020Q4,0.09054214885104779,0.1068921474065934,0.07685691216334817,0.26567207271827237,0.09453189713740154,0.5257667948834396,-0.3979844559553536,0.42916271284287305,-7.4582224265358965,-13.688504069287184,6.2302816427512875,493,1.0273714823368403,51,18.588433469316833,39.653403929750745
godavari_82.250_16.590,2021Q1,0.035849484710447625,0.05987123946519283,0.03980577650546564,0.25546305433462696,0.0904931345752062,0.7059173578645846,-0.5963388455943505,0.43368475617188007,-8.152818989434792,-14.250396078253637,6.097577088818845,651,1.0273714823368403,46,18.181466667978228,38.7852501401312
godavari_82.250_16.590,2021Q2,0.04523576050475388,0.08012684938274074,0.05446364015552033,0.2716167144575786,0.11786139324087407,0.6444682717673321,-0.527961315115409,0.4288206138065085,-8.2012379680986,-14.236538912495666,6.035300944397067,504,1.0273714823368403,59,14.919784147028494,31.827331135965597
godavari_82.250_16.590,2021Q3,0.07925508486064112,0.10266469570458196,0.07434634921570796,0.266351882886401,0.11785835976919885,0.539073793233256,-0.4115676061808836,0.4170962067737175,-7.437258271585195,-13.431377290191232,5.994119018606037,314,1.0109485929347362,55,15.477050625015242,33.01610870480126
godavari_82.250_16.590,2021Q4,0.04247834410965939,0.07139089725631191,0.044003079292676474,0.2657137915366456,0.09471400209960996,0.7033022859663236,-0.5670950753955618,0.45619746908812503,-7.591934213229408,-13.648048535967135,6.056114322737727,501,1.0273714823368403,50,14.852336383623008,31.683449543636105
godavari_82.250_16.590,2022Q1,0.045899230746022514,0.0695530263409072,0.044100730025971036,0.27982757221122034,0.09508819185697386,0.7066228936019522,-0.5744205120545446,0.48598334170173074,-8.383486591046337,-14.39746243675659,6.013975845710254,646,1.0273714823368403,54,15.797064444651463,33.69877178526384
godavari_82.250_16.590,2022Q2,0.022067325471122404,0.06338581568859089,0.04225308968905874,0.2852688712406872,0.12076029244071326,0.7244846659829566,-0.6231497886847797,0.43682130991726986,-8.12432532002546,-14.202951450695153,6.078626130669694,546,1.0273714823368403,50,28.676747774059454,61.17409865405685
godavari_82.250_16.590,2022Q3,0.0455414701144052,0.08258480495651097,0.05887116195276787,0.2783422168721269,0.10314108950819652,0.64713526433411,-0.5357864961822627,0.4250530971127668,-7.3789731447068085,-13.784517534327778,6.405544389620969,347,1.0273714823368403,49,11.035904561562067,23.54212268786105
godavari_82.250_16.590,2022Q4,0.03313254775800933,0.06198923246624101,0.0341458963972076,0.288323878214248,0.08686298096832885,0.7674720210404005,-0.623498115544326,0.5041495165574039,-7.6781118400912165,-14.200081273375249,6.521969433284032,495,1.0273714823368403,50,17.339041792326515,36.9881641226447
godavari_82.250_16.590,2023Q1,0.04606948824169742,0.06805010574638193,0.04340607006656596,0.27313158634397333,0.09342987080007642,0.7054170237688248,-0.5804301180493799,0.47449936826011235,-8.639000407969968,-14.527042704680413,5.888042296710445,681,1.0273714823368403,51,15.603312171284815,33.28545362314991
godavari_82.250_16.590,2023Q2,0.03734767749202001,0.0725589094279678,0.04738614909410983,0.2993806791085031,0.1226525445741363,0.7069284010206011,-0.5865693522603406,0.4860041717101847,-8.48984341658958,-14.464771696549253,5.9749282799596735,509,1.0273714823368403,54,26.69975394956914,56.95671611783937
godavari_82.250_16.590,2023Q3,0.02518861149393027,0.06223868725670652,0.0398851337801902,0.2552452764881662,0.11239709297370289,0.7160473120999128,-0.5960151805247225,0.41246648172028016,-7.781257166434973,-13.823118557280338,6.041861390845366,357,1.0273714823368403,51,25.569709293397214,54.546070955953745
godavari_82.250_16.590,2023Q4,0.06160568217251895,0.08093070876005903,0.053977730167969515,0.2744744505045037,0.10144022304827309,0.6515435165782163,-0.5213516893745554,0.4773515527955843,-8.167495650039045,-14.160118815296459,5.992623165257413,574,1.0273714823368403,46,17.848168806550895,38.074249143198564
godavari_82.250_16.590,2024Q1,0.04660859645072482,0.07262340907459379,0.049576294962578704,0.2741704904145235,0.10519109637469012,0.6871610900277304,-0.5745522291943942,0.46082744863765934,-8.70505182069651,-14.546319569691375,5.841267748994865,680,1.0273714823368403,48,21.747941206424027,46.39336061977993
godavari_82.250_16.590,2024Q2,0.02795379569616235,0.06497731424923191,0.039813267624010315,0.27954844294335957,0.1178041309973175,0.7337791152365831,-0.609032908552942,0.4520957564716228,-8.56615890576233,-14.372896647656347,5.8067377418940165,513,1.0273714823368403,40,21.45753681829945,45.773861266900944
godavari_82.250_16.590,2024Q3,0.031740743060196815,0.06438644644362329,0.0411217731354367,0.25937378714978937,0.10033079789797981,0.712457355064929,-0.5879737982525436,0.4255869852999941,-7.747315967002926,-13.732619551186966,5.98530358418404,242,1.0273714823368403,49,18.55814422030527,39.58878999508181
godavari_82.250_16.590,2024Q4,0.03779796614647509,0.06818328300012207,0.03856202014745468,0.30233243990068837,0.0941598528827996,0.7604301325560001,-0.6172809385449316,0.5264767923678947,-8.209584892425037,-14.25140442360744,6.041819531182403,443,1.0273714823368403,52,14.438931898273822,30.80156269335467
godavari_82.250_16.590,2025Q1,0.04305390967437378,0.06936592131344707,0.041063515388543435,0.29349723888756196,0.09214858209990211,0.7362647064175015,-0.5991041241485847,0.5098727196607005,-8.55473785286788,-14.51086500238645,5.956127149518569,653,1.0273714823368403,51,14.91495842244912,31.817036755521144
godavari_82.250_16.590,2025Q2,0.0285359738837194,0.07490335239698402,0.04479620004513932,0.3094146810102159,0.12183001696587481,0.7374488130938365,-0.6029551891237153,0.4904341895729393,-8.43663267971458,-14.209286590944636,5.772653911230057,685,1.0273714823368403,54,19.766404842290378,42.1662878017191
godavari_82.250_16.590,2025Q3,0.029906803652499363,0.07669924395316445,0.04875699349381321,0.2964937283011792,0.11515727107280033,0.6990924780542552,-0.5812719552854294,0.4517702251137527,-7.833083050851188,-14.012296101447443,6.179213050596255,387,1.0273714823368403,52,17.81114395413156,37.99526661727207
godavari_82.250_16.590,2025Q4,0.06425512921853892,0.09107681136065444,0.059270696484513774,0.31070480092857217,0.10257206723040756,0.6758902664220423,-0.5443445309254314,0.5362329155114463,-7.997794046287088,-13.990365512653254,5.992571466366166,638,1.0273714823368403,54,16.398706298899803,34.98221223800203
godavari_82.250_16.590,2026Q1,0.040623778465412146,0.06804665672930135,0.0402052477274504,0.28788907336940023,0.09332354648964324,0.742150127130603,-0.6039416762521302,0.5022038073752938,-8.920299796027207,-14.635117173575473,5.7148173775482665,739,1.0273714823368403,55,13.80500109759284,29.449242491417973
godavari_82.250_16.590,2026Q2,0.053774549651842626,0.08935319719818385,0.05942108282802947,0.32547925885924095,0.1291191023671623,0.6724316542636418,-0.5539729088762241,0.5107018370475896,-8.60782084684516,-14.434271125518304,5.8264502786731445,696,1.0273714823368403,54,21.922402101856388,46.7655258357431
godavari_82.250_16.590,2026Q3,0.04257396113583697,0.07785658593310818,0.050929516125207824,0.2807945915612103,0.11813076782797746,0.6808211981230496,-0.556596508037624,0.4502914946878088,-8.026983520402107,-14.010522223916855,5.983538703514748,408,1.0273714823368403,50,19.28623336258088,41.14197159605841
godavari_82.250_16.810,2019Q2,0.06020286337833276,0.08460531852142306,0.059092144863279086,0.2873568259723384,0.14693220466462675,0.6422668815693158,-0.5268944304161771,0.4683456754373776,-7.630993162464375,-13.477048703073692,5.846055540609316,597,1.027976312027772,68,44.06819640589685,94.00759861895135
godavari_82.250_16.810,2019Q3,0.03635336562105343,0.06679805328668842,0.039179036966528455,0.3119468637264376,0.13406647786172607,0.7507675679391869,-0.6171808053855197,0.5158008122137345,-7.391156078789934,-13.610862242921403,6.219706164131469,382,1.027976312027772,62,41.057002042630636,87.58402846740096
godavari_82.250_16.810,2019Q4,0.07050599495881592,0.08421044153072742,0.05328732572359226,0.29893260089560564,0.11414036436920734,0.6671244941102941,-0.5238136389744312,0.531197853848724,-7.353461396626994,-13.716622272287083,6.363160875660089,541,1.027976312027772,153,19.449677993553294,41.4906365861877
godavari_82.250_16.810,2020Q1,0.06767503724829535,0.08582282974068112,0.05591068755729843,0.3136049912485556,0.12300795244664484,0.6887699288703572,-0.557388627871954,0.5543284423480084,-7.358966843180722,-13.861265190934882,6.502298347754159,718,1.027976312027772,75,23.659352202696635,50.470839899358545
godavari_82.250_16.810,2020Q2,0.05897651546444163,0.08674805260886753,0.053796073925241675,0.33696319085157483,0.13852429645470415,0.7017199011280226,-0.564945153990932,0.5635265940988173,-7.440200505059087,-13.577730519301197,6.13753001424211,525,1.027976312027772,54,42.8493079317175,91.40742915917771
godavari_82.250_16.810,2020Q3,0.055105792684739516,0.07845619961328437,0.04740703701283788,0.2892659720809333,0.12603121981522816,0.7076358831584484,-0.5593187045203611,0.5106895623082629,-7.050610456250389,-13.2938482343602,6.24323777810981,279,1.0238921788850317,55,23.548923374774088,50.235269810769324
godavari_82.250_16.810,2020Q4,0.06109076901745146,0.07990569677229338,0.05142107542348116,0.28784090248663174,0.11103577880022585,0.680881441410371,-0.5501860650341285,0.5057189674326598,-7.057730285874345,-13.193924926337807,6.136194640463462,493,1.027976312027772,51,24.769088265656833,52.83816216094713
godavari_82.250_16.810,2021Q1,0.03724518556336502,0.06045338801825557,0.03582078612226735,0.2855030276899682,0.11296527964671882,0.7659819247457631,-0.6405629755540623,0.5103983796924801,-7.386534125532056,-13.55752624916571,6.170992123633654,651,1.027976312027772,46,43.75017575392381,93.3291874235429
godavari_82.250_16.810,2021Q2,0.05102246820594583,0.07858696073413793,0.049172609575673085,0.28577975759478724,0.1410493327086359,0.6828789763460849,-0.5453828059197193,0.47558676516241905,-7.612773684498764,-13.629236030252311,6.016462345753547,504,1.027976312027772,59,30.05008759565917,64.103748361688
godavari_82.250_16.810,2021Q3,0.05542582608877836,0.08334885985989336,0.04936236258908133,0.30069092954277143,0.13091064146173415,0.7095904602054911,-0.5615319464103271,0.5253693757441871,-7.328354551234142,-13.424635312925277,6.096280761691135,314,1.027976312027772,55,42.46093518960776,90.57894077452697
godavari_82.250_16.810,2021Q4,0.024784137540029467,0.053001748573018155,0.02531487673703843,0.29836723903927115,0.11873198977842164,0.8358922710898381,-0.6917990936702035,0.5348468317189528,-7.279877989865633,-13.595873960318944,6.315995970453311,501,1.027976312027772,50,32.76859069202421,69.90294072194682
godavari_82.250_16.810,2022Q1,0.049616105767044574,0.06811930067098806,0.04489548261216288,0.27340401634344325,0.12038552284756145,0.6899563916356315,-0.5778398093156695,0.47121405736604394,-7.404093371462123,-13.628497061682523,6.2244036902204005,646,1.027976312027772,54,38.12035393712231,81.31948262928744
godavari_82.250_16.810,2022Q2,0.029430178507778834,0.06633650321069089,0.042174120829844015,0.3034750328106648,0.14639691231277363,0.7208047654605786,-0.6032100293426708,0.489568638217808,-7.669403804180089,-13.703508982192634,6.034105178012545,546,1.027976312027772,50,35.59676904988935,75.93609564029548
godavari_82.250_16.810,2022Q3,0.0373048001994632,0.06834060370779192,0.03554690329967821,0.3307802058466307,0.12978006975193548,0.7955833282346527,-0.6473118989375436,0.578216961906863,-7.342910776286885,-13.726852282369048,6.383941506082163,347,1.027976312027772,49,35.1656868222374,75.01649809980148
godavari_82.250_16.810,2022Q4,0.022342114989199528,0.051489701757879494,0.02180078551579181,0.3085462076452904,0.1139380168295609,0.8554997481346631,-0.706395312442111,0.5594489708184782,-7.383878846021393,-13.814030340397967,6.430151494376574,495,1.027976312027772,50,31.575091212305864,67.35693182682725
godavari_82.250_16.810,2023Q1,0.04751454111318834,0.06365707076184283,0.044758465245698625,0.23743366229901405,0.12327931062186925,0.6573058339483147,-0.5488550801808739,0.4206222112522507,-7.39271152587592,-13.538904528779945,6.146193002904025,681,1.027976312027772,51,30.74502083653794,65.58620079912784
godavari_82.250_16.810,2023Q2,0.03258135650563668,0.06636348271675926,0.038568287146203195,0.3112010701831636,0.14407042764386685,0.7722274319343753,-0.6376574429842298,0.5295025981731608,-7.857305134304143,-13.953912596174867,6.0966074618707236,509,1.027976312027772,54,39.85825127810005,85.02681737398137
godavari_82.250_16.810,2023Q3,0.013498267020168191,0.0561281449756526,0.02901698569058731,0.31434726310659117,0.13306618468847933,0.8095469216777569,-0.6858948384854886,0.4976406946129564,-7.606285011808178,-13.828099197627761,6.221814185819583,357,1.027976312027772,51,44.81568240134539,95.60215816902205
godavari_82.250_16.810,2023Q4,0.0345094663826539,0.06256106638559211,0.03448098842134649,0.3197416933365763,0.12479692345800841,0.8007370079932674,-0.6709888005481282,0.5472711865810318,-7.532850045618927,-13.900010854097806,6.367160808478879,574,1.027976312027772,46,51.69654820050033,110.28062751775332
godavari_82.250_16.810,2024Q1,0.041629570053936096,0.06312560797234289,0.041556544515210785,0.27891742517623286,0.12558246053731598,0.7135027167980424,-0.5974603917409418,0.48677056570272936,-7.41294734881148,-13.715690807782865,6.302743458971385,680,1.027976312027772,48,34.39707345590068,73.37686900833101
godavari_82.250_16.810,2024Q2,0.021061455372479356,0.056165568440542324,0.028404115085199168,0.3017258622286079,0.132031871406545,0.8118408842928008,-0.6746279104446017,0.5200424090125075,-7.695240240425836,-13.899748846031752,6.204508605605916,513,1.027976312027772,40,40.738613938515996,86.90483341206048
godavari_82.250_16.810,2024Q3,0.03858502733510731,0.07225892186009449,0.041757543461067366,0.3222508842168594,0.13206439832805117,0.7636671729329564,-0.6277309010592951,0.5471202757764684,-7.277825048268537,-13.588779648529822,6.310954600261286,242,1.027976312027772,49,39.757526198015704,84.81194761139304
godavari_82.250_16.810,2024Q4,0.01666152108441339,0.048590330947204614,0.021454306036635114,0.31723845665952494,0.11633848807907796,0.8617146247615471,-0.7229369044592524,0.5470523063086139,-7.3109577078906485,-13.875171486677079,6.5642137787864305,443,1.027976312027772,52,32.387610078940746,69.09022144869877
godavari_82.250_16.810,2025Q1,0.035184562260263355,0.05823087724531737,0.03354776065018483,0.28643049488658534,0.11721833113301199,0.778346523791803,-0.6506543190757589,0.5160558646903517,-7.157178867744869,-13.655053227613578,6.497874359868709,653,1.027976312027772,51,47.837538870355004,102.0484730444074
godavari_82.250_16.810,2025Q2,0.030772587302184826,0.0723147453590107,0.03678997048873509,0.32760600747510876,0.13916762898091906,0.782797180541726,-0.6445966017395984,0.551820797321597,-7.39307434076912,-13.585774218615006,6.192699877845886,685,1.027976312027772,54,25.75632474376233,54.94416463313612
godavari_82.250_16.810,2025Q3,0.03134502540485231,0.06792813188370041,0.037785847413075384,0.3264417064626636,0.13633445284938334,0.7766323104278731,-0.6369134190546791,0.5343192598576751,-7.396189053807083,-13.84737152096676,6.451182467159677,387,1.027976312027772,52,39.37334421986549,83.99239909014366
godavari_82.250_16.810,2025Q4,0.033855947793888036,0.061302224405224974,0.03550755255444172,0.3078325768465456,0.12012794195081689,0.7837293009506545,-0.661749069527538,0.5405614173195056,-7.131053864884343,-13.536819782114456,6.405765917230113,638,1.027976312027772,54,50.00021928425426,106.66196778374972
godavari_82.250_16.810,2026Q1,0.05445595746320963,0.07400344809999322,0.05086426491085267,0.2600105640240599,0.12549868142393253,0.639932637082631,-0.5245503417184936,0.44742017082496705,-7.321813160857975,-13.40486822849934,6.083055067641366,739,1.027976312027772,55,37.38025481197244,79.74068097254397
godavari_82.250_16.810,2026Q2,0.04648032411903322,0.07642311231112106,0.0506343114588389,0.2705087485721691,0.14939965915266884,0.6736497660312366,-0.5671131787283813,0.43977807736781305,-7.722485983774624,-13.654634185489918,5.932148201715294,696,1.027976312027772,54,27.505281264438047,58.675091151737185
godavari_82.250_16.810,2026Q3,0.04644882423645686,0.08063700624463027,0.04567447039741167,0.34927759937902986,0.14522717581213113,0.7565508349781782,-0.6135564019348415,0.5845386496309265,-7.599814109081891,-13.962006071773045,6.362191962691154,408,1.027976312027772,50,29.607209920452604,63.15898841860712
godavari_82.250_16.820,2019Q2,0.06686047742960458,0.08944112523622802,0.06439404923774436,0.28214178518937183,0.1493227973827582,0.6081495336374253,-0.49696698898845193,0.4557481068662044,-7.669760257123292,-13.47122905763641,5.801468800513119,597,1.017939023409219,68,37.44212509946869,79.8726645259396
godavari_82.250_16.820,2019Q3,0.03678980509641871,0.0683688257719161,0.040841474821251174,0.2996055663698041,0.1345228328471109,0.7476857273574916,-0.6160385286559275,0.49691821898003186,-7.3835890802115,-13.542498416159523,6.158909335948023,382,1.017939023409219,62,36.42617326997356,77.7054056047057
godavari_82.250_16.820,2019Q4,0.06520248620443206,0.07926479403230234,0.047991708369609365,0.30037014143112983,0.11389364027334217,0.7014636741253196,-0.5520763785228129,0.5385225544604411,-7.367583709923458,-13.711546565596837,6.34396285567338,541,1.017939023409219,153,24.894969942119758,53.10669672962814
godavari_82.250_16.820,2020Q1,0.06643606596877782,0.08385992474319713,0.05414661108141481,0.30627616376483235,0.12028486536881917,0.6882297636767994,-0.5570565815232218,0.5443134346917095,-7.438507732498616,-13.879236234024429,6.440728501525813,718,1.017939023409219,75,20.937075571513343,44.663597721419414
godavari_82.250_16.820,2020Q2,0.05593506391076751,0.08412607813847374,0.051393502726423415,0.3298994824152513,0.13876362441906903,0.702652353286217,-0.5682177760478457,0.5485295959301998,-7.453755293395758,-13.533225318947139,6.079470025551381,525,1.017939023409219,54,43.90822555072426,93.66634399157152
godavari_82.250_16.820,2020Q3,0.05375394832256796,0.07520211008148148,0.046985259732870294,0.26796587650023423,0.12052571512994065,0.7017692272481589,-0.562202912944062,0.46894804599446477,-7.0032818441007825,-13.222193866723151,6.218912022622368,279,1.010055506395302,55,30.42353010045632,64.90038711619643
godavari_82.250_16.820,2020Q4,0.0681317281489321,0.08454365679610856,0.054420252452584555,0.28583444025535554,0.1102158762610171,0.6784750840888962,-0.541394738645429,0.5096537014973066,-7.066432653791863,-13.150325674907027,6.083893021115164,493,1.017939023409219,51,23.170465586272424,49.42793230260392
godavari_82.250_16.820,2021Q1,0.036474306361376836,0.0591305563355044,0.03566394465099379,0.2858773607970407,0.11067189517850126,0.7621870224665238,-0.6417337429436917,0.5072884855854158,-7.467379656444152,-13.626247734598484,6.158868078154333,651,1.017939023409219,46,44.379021349536806,94.6706597134724
godavari_82.250_16.820,2021Q2,0.06064333589886787,0.08604539529424281,0.05447614791839993,0.29646741032260826,0.1440014289981375,0.6720452892712224,-0.5389058940824034,0.49675746426289635,-7.656180977102562,-13.640662288168851,5.984481311066289,504,1.017939023409219,59,49.830207542614446,106.29929363613142
godavari_82.250_16.820,2021Q3,0.055527437168930716,0.0828096344315189,0.049084594784524954,0.2954698650025751,0.13010990550750115,0.7075939734810304,-0.5585506265729707,0.522165083111488,-7.246278862376489,-13.270031923559385,6.023753061182896,314,1.017939023409219,55,28.585627012609596,60.97971711210917
godavari_82.250_16.820,2021Q4,0.028001578726643127,0.05484535621892514,0.026797986401711122,0.2979208198092194,0.11688036095254924,0.8221172495195159,-0.6766724660799028,0.5346719005061006,-7.3060367547185905,-13.550026016100245,6.243989261381655,501,1.017939023409219,50,30.20910674269695,64.44297277672342
godavari_82.250_16.820,2022Q1,0.055006973287486396,0.07490572274503562,0.05101615032321203,0.26756779098912126,0.11974532716792395,0.6626931993064159,-0.5438980056165852,0.4688476820478444,-7.4685819548120165,-13.643312177111087,6.17473022229907,646,1.017939023409219,54,30.4804656219591,65.02184367873183
godavari_82.250_16.820,2022Q2,0.03131179247498715,0.07068077038755702,0.04660399825060704,0.308200367012022,0.1525123560577713,0.7152307591495745,-0.6008563809427651,0.4981984170168315,-7.715344401781826,-13.626602839129415,5.911258437347589,546,1.017939023409219,50,25.099639830038758,53.54330467463359
godavari_82.250_16.820,2022Q3,0.036683729199971586,0.06599286284251603,0.03420899966240108,0.31944922783430296,0.1274193101251885,0.7949038746653239,-0.6469998100376073,0.56119581121817,-7.331959232191382,-13.631754728406944,6.2997954962155625,347,1.017939023409219,49,39.08853398838476,83.38483336004204
godavari_82.250_16.820,2022Q4,0.024782364314025605,0.05277008827548392,0.022932841960396466,0.3119960230426644,0.1152207052249396,0.8441232125516871,-0.6976638121531819,0.566885561117883,-7.327561989912084,-13.732651892841988,6.4050899029299035,495,1.017939023409219,50,29.861387073892722,63.70120674764018
godavari_82.250_16.820,2023Q1,0.04525458664428427,0.061312177523394656,0.043703876909177555,0.22058441837925044,0.12412673727668092,0.6533265650090624,-0.5474587803601447,0.38734236193833915,-7.463274368396413,-13.468713946352306,6.005439577955893,681,1.017939023409219,51,32.774546886944094,69.91564665563577
godavari_82.250_16.820,2023Q2,0.039067875666709724,0.07079703919983231,0.0411616692620058,0.3071980545588004,0.14379463687574276,0.7503779663858231,-0.6168453510520796,0.5226160901188329,-7.887751539867798,-13.931066878919157,6.043315339051359,509,1.017939023409219,54,30.243595471865483,64.5165451684476
godavari_82.250_16.820,2023Q3,0.02447541831486255,0.06292575750272739,0.03831266438057433,0.30388692187500976,0.13703271725088506,0.7558247187363288,-0.6380585787029194,0.48790464414955165,-7.657851252333579,-13.770331407562026,6.112480155228447,357,1.017939023409219,51,38.882560367462084,82.94544425268116
godavari_82.250_16.820,2023Q4,0.042265737213652704,0.0660234044028244,0.040359789518593286,0.30821155557006097,0.12475535457653836,0.7524877009191492,-0.6287013879422284,0.5309688549134384,-7.605126862701405,-13.918222378859886,6.313095516158481,574,1.017939023409219,46,33.69220884314953,71.87323067047188
godavari_82.250_16.820,2024Q1,0.0433161230265092,0.06323764481813005,0.04247152326508384,0.2597416194158847,0.12547665044838577,0.6956306682689254,-0.5808298170520645,0.45548253419640816,-7.5581819043893885,-13.728422615744108,6.17024071135472,680,1.017939023409219,48,43.45467910419916,92.69882510545078
godavari_82.250_16.820,2024Q2,0.026094080837784802,0.058496010325292315,0.03250083135413297,0.287978344597866,0.13364712716087626,0.7788686395174514,-0.6461043297973701,0.4916324007925735,-7.826419818156854,-13.901656520967316,6.075236702810463,513,1.017939023409219,40,42.807994312444976,91.31929770713698
godavari_82.250_16.820,2024Q3,0.044049340854309865,0.07477948238640217,0.044780693440465466,0.31941605333684875,0.1388646444086954,0.7492618172567533,-0.6168874009148451,0.539474996045244,-7.281760644869605,-13.466371145467733,6.184610500598128,242,1.017939023409219,49,35.81663968490971,76.40513027503994
godavari_82.250_16.820,2024Q4,0.018193607899994364,0.048871024667720954,0.022445510358511375,0.30839620915621757,0.11661797990884547,0.8500142191517622,-0.7144420938709611,0.5337528255193885,-7.394257042677155,-13.846019612976209,6.451762570299054,443,1.017939023409219,52,33.57777183301871,71.62911020735051
godavari_82.250_16.820,2025Q1,0.03706567809545262,0.058628194335545475,0.03409712197501949,0.2833620479554875,0.1147023195529913,0.7678073294135735,-0.6407777573765374,0.5091087776671408,-7.20954785208362,-13.680130757341477,6.4705829052578565,653,1.017939023409219,51,42.29502060744459,90.22500681041903
godavari_82.250_16.820,2025Q2,0.0326047453819826,0.07192133970299545,0.03844005489595128,0.3166492992829918,0.1348630646544176,0.764826888062576,-0.6350780140969056,0.5294358936011062,-7.4154885736451295,-13.517798393584581,6.102309819939451,685,1.017939023409219,54,26.84090481820169,57.257823385332394
godavari_82.250_16.820,2025Q3,0.031860655458768504,0.068463942814007,0.03849245388332455,0.3266743101942239,0.13946018077495398,0.7742099710459712,-0.640789121509416,0.5225011363596936,-7.373064052329198,-13.849545517181843,6.476481464852645,387,1.017939023409219,52,32.652769690808384,69.65586788752317
godavari_82.250_16.820,2025Q4,0.03749653084682287,0.06245622172673384,0.03563978311609472,0.30162267505901114,0.11944017770430401,0.7807205017065794,-0.6549251782538883,0.5354116343850777,-7.159204944979473,-13.570288244967145,6.411083299987672,638,1.017939023409219,54,42.772817588148115,91.24425766356522
godavari_82.250_16.820,2026Q1,0.053892537240791794,0.07377407097605147,0.05089547654330426,0.2589374381353302,0.12282422887350788,0.6412051636342276,-0.5260390429921598,0.44192199334923166,-7.422378934357289,-13.440396569811801,6.0180176354545125,739,1.017939023409219,55,27.898891271962547,59.514751828088684
godavari_82.250_16.820,2026Q2,0.04589292070314842,0.07548738206164804,0.053452489771990894,0.2591939743706572,0.1516005996161423,0.6500958795526054,-0.5507741112364779,0.4167543689270072,-7.832147020271774,-13.6283814264371,5.796234406165326,696,1.017939023409219,54,24.22331663392162,51.67390574298062
godavari_82.250_16.820,2026Q3,0.049635274879975946,0.0786128868626741,0.045925452906893226,0.31815925206431656,0.1346929846314496,0.7384955637986338,-0.5941119501571756,0.5512440694608829,-7.63494608868805,-13.890712834625372,6.255766745937322,408,1.017939023409219,50,35.582298967764515,75.90522762700431
godavari_82.250_16.840,2019Q2,0.06523253467313021,0.08759765963821238,0.06377314720780317,0.28059270646812384,0.15133788989844402,0.6113778285969175,-0.5064336464415344,0.44252924684435574,-7.956194272630263,-13.678846181761875,5.722651909131612,597,1.0268612170452662,68,31.70125732162241,67.62607315620458
godavari_82.250_16.840,2019Q3,0.036445512789279176,0.06760146975518949,0.038239249023162517,0.2923460997132445,0.1392099824516177,0.7614535462206172,-0.6204651813151384,0.48567286074197996,-7.572200068666447,-13.484055858100954,5.911855789434506,382,1.0268612170452662,62,39.08628240298844,83.38003021052702
godavari_82.250_16.840,2019Q4,0.05948005356103358,0.07657465494196629,0.044117626634728846,0.2998234664650782,0.11497136463500066,0.7315506209886627,-0.5826661666487287,0.555373860897383,-7.672451544287186,-13.817385934783442,6.144934390496256,541,1.0268612170452662,153,24.513001663447632,52.2918705385164
godavari_82.250_16.840,2020Q1,0.06297820116564021,0.08060639569972236,0.05088270659745461,0.3009624711109646,0.1206831409278117,0.7032458943637692,-0.5654567962863927,0.532916883364437,-7.888512910974602,-14.125004652149215,6.236491741174613,718,1.0268612170452662,75,24.79352383702989,52.89028885486727
godavari_82.250_16.840,2020Q2,0.057794901195556546,0.08451868324092641,0.05357206582046395,0.31355872684009534,0.14897579488307094,0.6955239544621736,-0.5631323534774788,0.5268013600060285,-7.6822009515815415,-13.66412551807752,5.981924566495979,525,1.0268612170452662,54,33.51394302019923,71.49294866897961
godavari_82.250_16.840,2020Q3,0.07926518993108982,0.10085448590192984,0.07083383843304034,0.28589873302061763,0.14118514310902125,0.6252565886220515,-0.49304496014759613,0.4791900705153633,-7.153685481216321,-13.309906593961207,6.156221112744886,279,1.0171613331122533,55,31.96504204438573,68.18878664034499
godavari_82.250_16.840,2020Q4,0.049182369029939166,0.06962512025168571,0.039983474053294485,0.281776304524256,0.10843789870739251,0.7425038153378961,-0.5930332175562382,0.5106240329635059,-7.241164815892,-13.260508288556832,6.019343472664832,493,1.0268612170452662,51,26.720399417392255,57.00075764916369
godavari_82.250_16.840,2021Q1,0.03417957968718812,0.059617785124177806,0.03444960550762367,0.29434191652190006,0.10875870224306791,0.787771880371676,-0.6596493787565457,0.5225522974615269,-7.818613084741674,-13.854722783306572,6.036109698564898,651,1.0268612170452662,46,57.84304138254322,123.39251116848267
godavari_82.250_16.840,2021Q2,0.05703433299883707,0.08447444590690094,0.053422269271941804,0.3085443113151581,0.14144514228087593,0.693123500138989,-0.5565375018232693,0.5143647657769478,-7.834264433349077,-13.789223059467199,5.954958626118122,504,1.0268612170452662,59,54.70088095898055,116.68956028812609
godavari_82.250_16.840,2021Q3,0.06379996233625317,0.08980551776032439,0.05657654785246281,0.30998414988373524,0.14077587835066074,0.6787825401195856,-0.5351841141504775,0.5380738668543342,-7.344396238724413,-13.230498467057402,5.886102228332988,314,1.0268612170452662,55,49.35492962673685,105.28541652764386
godavari_82.250_16.840,2021Q4,0.024635254949059722,0.05318696297301288,0.024021159872483447,0.2925199269754277,0.11604046298172573,0.8456094671896545,-0.6883436562243693,0.529474281724438,-7.488289374941837,-13.427645076176445,5.939355701234608,501,1.0268612170452662,50,30.94067448514694,66.00357503195
godavari_82.250_16.840,2022Q1,0.04814949156243621,0.06842089717576004,0.04187620775313856,0.2981720810580735,0.11309800687840414,0.7414458109101267,-0.6089319186811456,0.5312923924572821,-7.810022491031166,-13.895413625216547,6.085391134185381,646,1.0268612170452662,54,35.84426144511622,76.46405384256526
godavari_82.250_16.840,2022Q2,0.03297774211431796,0.07600543840994771,0.04198261060577748,0.35190871365561394,0.15336945588083353,0.7852430618046587,-0.6437585166925093,0.5598412382015535,-7.7509958489188415,-13.715702141119571,5.96470629220073,546,1.0268612170452662,50,25.55194568525564,54.50817709415788
godavari_82.250_16.840,2022Q3,0.03747055734661343,0.06487549369685243,0.03262411381331532,0.306302340678427,0.12888383841967985,0.7995596592013053,-0.6429768673256189,0.5466440294387364,-7.231552488947539,-13.256142883107778,6.024590394160239,347,1.0268612170452662,49,38.76472936083027,82.69408361440397
godavari_82.250_16.840,2022Q4,0.019972984134373244,0.0503839921856938,0.020910243226747952,0.3023148610749355,0.1141840863272459,0.8690560765843264,-0.7171636433164541,0.5528234272414758,-7.541749602417874,-13.585804904324457,6.044055301906583,495,1.0268612170452662,50,28.70980684518408,61.24462125635205
godavari_82.250_16.840,2023Q1,0.045292429243791336,0.06484747369541302,0.04222804469095265,0.26580304228316404,0.11470508797775816,0.7048210368782551,-0.5920565162586291,0.47806542208743813,-7.797037872955446,-13.697205959538222,5.9001680865827755,681,1.0268612170452662,51,36.40260208271364,77.65512284090724
godavari_82.250_16.840,2023Q2,0.03240427841597663,0.06658977640770442,0.03848931338680243,0.31241722275974165,0.14507469395355485,0.7738654603739944,-0.6434294480514783,0.5247629985240468,-7.984330032826058,-13.840747919442757,5.856417886616699,509,1.0268612170452662,54,40.023106056219056,85.37849053230819
godavari_82.250_16.840,2023Q3,0.024950746365835705,0.0637088405754244,0.03513207468550131,0.2992142328687814,0.1334862122349849,0.7918888960161817,-0.6548675803245395,0.4806069752044794,-7.610589922049761,-13.684461132978921,6.07387121092916,357,1.0268612170452662,51,38.244555841843685,81.58443385849621
godavari_82.250_16.840,2023Q4,0.048806008188877426,0.07520592302885809,0.046078164464471924,0.30708001935678825,0.12435619390823585,0.7303940477386252,-0.5913641688489918,0.5340780665937336,-7.788945223224525,-13.860917686094423,6.071972462869898,574,1.0268612170452662,46,27.34172255536602,58.32618280678346
godavari_82.250_16.840,2024Q1,0.042386255453295704,0.06466068542940169,0.04227156592473686,0.2495372937582746,0.1264671943808953,0.7022693554025191,-0.5844929507321496,0.43186354045630454,-7.767536068265026,-13.771097925601916,6.00356185733689,680,1.0268612170452662,48,33.42982167774057,71.31349849760653
godavari_82.250_16.840,2024Q2,0.02490476033101554,0.056282020437947784,0.03294385830329885,0.2712282288247616,0.14126344890424675,0.7778323785562248,-0.6503257739222219,0.4593982290095097,-7.939006512368126,-13.7740172041467,5.8350106917785745,513,1.0268612170452662,40,37.87500986740627,80.79610729944709
godavari_82.250_16.840,2024Q3,0.0421512196208161,0.07558851953159444,0.04442687557639868,0.3241612352432568,0.1469160744187105,0.75927087217326,-0.623706247165441,0.5403828395781741,-7.450074362644868,-13.478999959501486,6.028925596856618,242,1.0268612170452662,49,34.78326213918103,74.20069829316516
godavari_82.250_16.840,2024Q4,0.017249634348348586,0.05071085446595308,0.022225991110970303,0.3159887199179262,0.11889700817945223,0.8631708548101005,-0.7184505998089363,0.5446732043027981,-7.588737645250305,-13.827731898556042,6.238994253305737,443,1.0268612170452662,52,31.269398680621677,66.70481934746259
godavari_82.250_16.840,2025Q1,0.03601522510247697,0.060988395027222565,0.03383636597637163,0.29674458960259464,0.11407116493753104,0.7912542257036489,-0.6553905097357217,0.5320280116151005,-7.5395408849286,-13.82233806642067,6.28279718149207,653,1.0268612170452662,51,48.94928658306856,104.42008661759935
godavari_82.250_16.840,2025Q2,0.028363807269127145,0.06913421718197217,0.03518768434723047,0.3267349510343984,0.13793699538733353,0.7997704142655984,-0.657995203384089,0.5440598071833427,-7.558465395861439,-13.407294024283939,5.8488286284225,685,1.0268612170452662,54,26.841308158898972,57.25868380380806
godavari_82.250_16.840,2025Q3,0.022541560489772048,0.06389789218575764,0.03471728216698141,0.31712351705745573,0.13597722852776686,0.7991162722267547,-0.6618165041037641,0.520415665913934,-7.4366959685455525,-13.718630110614466,6.281934142068914,387,1.0268612170452662,52,39.69999002151606,84.68920971359871
godavari_82.250_16.840,2025Q4,0.03995788446593079,0.06675190166109604,0.037752190708433435,0.30276892886811063,0.11958510888923637,0.7799970791803,-0.6428703134493248,0.5359140647154595,-7.426020576302664,-13.52913739604543,6.103116819742766,638,1.0268612170452662,54,33.1718934693803,70.76327830568614
godavari_82.250_16.840,2026Q1,0.0561190985494683,0.07737338235975767,0.049603420157995154,0.2795594055110484,0.11658589346013574,0.6904889273325258,-0.5647234528596765,0.4906363300167818,-7.758543757287137,-13.721199699498259,5.962655942211121,739,1.0268612170452662,55,24.16390693370746,51.547171188192756
godavari_82.250_16.840,2026Q2,0.05483203278601481,0.08316539699938574,0.0571504513740016,0.2890201781832909,0.16149149401294705,0.6603193605847144,-0.5499770965960888,0.454519142932787,-7.963427453473458,-13.700856741243452,5.737429287769994,696,1.0268612170452662,54,30.933750450288645,65.98880447306927
godavari_82.250_16.840,2026Q3,0.047156171996203214,0.07662782326512332,0.04662241460127737,0.30505601080817135,0.13971727010460475,0.7171099208936296,-0.58253237187743,0.5146812225575932,-7.725476746956453,-13.721666192868408,5.996189445911956,408,1.0116896037141436,50,26.767659859804716,57.10157504273122
godavari_82.250_16.890,2019Q2,0.0718588893535798,0.09312341785906904,0.06810520302975707,0.2869045731315531,0.13755521129959045,0.6028258291236778,-0.4925503349998059,0.47763674958683955,-7.6371587353459125,-13.742332088912683,6.10517335356677,597,1.0207724110113945,68,56.550574767522036,120.63538261132106
godavari_82.250_16.890,2019Q3,0.03000671175125703,0.05703442809129588,0.03180184466057922,0.30479514278061526,0.1244583744608304,0.8031628716881654,-0.6783874990831358,0.5184720937583246,-7.326397993897507,-13.725696187200851,6.399298193303345,382,1.0207724110113945,62,42.962653367226665,91.64922104256895
godavari_82.250_16.890,2019Q4,0.06307409113454551,0.07711884245917434,0.04874775412686552,0.2893584148360321,0.10560844978121477,0.7051523925414801,-0.5709337101551053,0.5283778576138969,-7.317606132477255,-13.634046582190674,6.316440449713419,541,1.0207724110113945,153,23.82375250004699,50.82154354567524
godavari_82.250_16.890,2020Q1,0.053320662853124354,0.07138936394301938,0.044930040519410755,0.3010181865528867,0.10996484940512377,0.7311199527902287,-0.6049813306282807,0.5412815442405949,-7.320398484908058,-13.571592397183142,6.251193912275085,718,1.0207724110113945,75,31.384607571776964,66.95058641034178
godavari_82.250_16.890,2020Q2,0.05816090838564432,0.0853643693242072,0.054769299608836475,0.329503659687752,0.13053133520720145,0.7054359876625617,-0.5721041659616309,0.5528729664881122,-7.536252169314844,-13.635554655116815,6.099302485801971,525,1.0207724110113945,54,39.38766823326375,84.02295550524524
godavari_82.250_16.890,2020Q3,0.06065255560593675,0.08079403436424144,0.05057827988698156,0.3060380479268423,0.1258782468920982,0.7044009805043968,-0.5697726794212935,0.545015156761128,-6.960060540634489,-13.301069887165543,6.341009346531054,279,0.9029948573157205,55,21.241148774565165,45.31225580036565
godavari_82.250_16.890,2020Q4,0.05030291104062885,0.06976482584163643,0.045455794581811856,0.2884216415159325,0.10274925130851936,0.6896201803147352,-0.5747670413503597,0.5087829405193438,-6.990013203138037,-12.941105895187645,5.951092692049608,493,1.0207724110113945,51,27.66622106171725,59.018412755487084
godavari_82.250_16.890,2021Q1,0.03883600899337196,0.06225083901593914,0.03729268440998811,0.29800879529697716,0.10986054922657164,0.7713218829424476,-0.6507275941145467,0.5254605510841627,-7.2577048765265575,-13.475656639277565,6.2179517627510075,651,1.0207724110113945,46,46.358616327534634,98.89359110838672
godavari_82.250_16.890,2021Q2,0.0663252059528696,0.09267144641282778,0.059129536055901655,0.31190907959105973,0.1380059538314924,0.6777600790617899,-0.542677391220172,0.5209630152969034,-7.508627388560752,-13.733435903921185,6.224808515360433,504,1.0207724110113945,59,48.24148593456261,102.910185040187
godavari_82.250_16.890,2021Q3,0.06951999827026312,0.08911146727692554,0.062214882215246334,0.3037128398431244,0.13379719420786293,0.6466673309041346,-0.526764414676457,0.5202759760000595,-7.149176813506372,-13.242784684515204,6.093607871008832,314,1.0207724110113945,55,56.175048009768304,119.83429766587805
godavari_82.250_16.890,2021Q4,0.025705573252839228,0.05244457705432562,0.024845385792402988,0.3035788806870021,0.10886647778331555,0.8469361324669368,-0.70736575878802,0.5444972001063794,-7.164022482622104,-13.255672432246294,6.09164994962419,501,1.0207724110113945,50,31.31761810328103,66.8076824664622
godavari_82.250_16.890,2022Q1,0.041752642850041724,0.06376393305421676,0.04167356511074155,0.2768405178531669,0.10979406277687141,0.7490577359607677,-0.6351428324502812,0.48818641368020016,-7.386486102631633,-13.425501144892081,6.0390150422604485,646,1.0207724110113945,54,36.47589736494743,77.8114785358268
godavari_82.250_16.890,2022Q2,0.03385533080241679,0.0727960062015802,0.03837948605426482,0.36017459396816004,0.13847368148270006,0.8035901969135438,-0.6598481312737743,0.6006424759966889,-7.539344338870456,-13.719580567450134,6.180236228579678,546,1.0207724110113945,50,22.778592494047587,48.59197686607714
godavari_82.250_16.890,2022Q3,0.03368098330154446,0.06094004624392185,0.03485561363458596,0.3283939681914437,0.12262613470464452,0.7966793792731738,-0.6751150379860542,0.568473128693885,-7.188087015789984,-13.453265742499376,6.265178726709392,347,1.0207724110113945,49,55.861917676907375,119.16631864590913
godavari_82.250_16.890,2022Q4,0.018334009977884445,0.0466495013081748,0.019418192947060434,0.3396840910573081,0.10876053869360798,0.8811246465986409,-0.7498484130360312,0.6117277337496507,-7.297011321866967,-13.598827634769801,6.301816312902834,495,1.0207724110113945,50,30.75353642920437,65.60436651687165
godavari_82.250_16.890,2023Q1,0.06416931988870324,0.07919796921518721,0.05314552198298386,0.292341136282542,0.10870028077184046,0.6907191697453178,-0.5650309000437971,0.5184458212187605,-7.234618061027767,-13.464433775784324,6.2298157147565565,681,1.0207724110113945,51,24.06073864596588,51.3270895017338
godavari_82.250_16.890,2023Q2,0.04255808522098736,0.0722767379822645,0.04375584313704028,0.3411585072214733,0.1361390663431374,0.7659499048922814,-0.6396597853251428,0.5704954991384479,-7.670763849762596,-13.823158854757992,6.1523950049953955,509,1.0207724110113945,54,39.09743056977994,83.40381181437166
godavari_82.250_16.890,2023Q3,0.021734704065757268,0.060488796678949526,0.040686703518711745,0.3171628857172062,0.1305499341321662,0.7665855321297945,-0.6565676003871471,0.5011920477524608,-7.389828973965351,-13.719563700278067,6.329734726312717,357,1.0207724110113945,51,45.23305736611833,96.4925149651246
godavari_82.250_16.890,2023Q4,0.03095595875097497,0.05824486292833341,0.03406673929525002,0.31027803058809245,0.1146522549500261,0.7975536186406973,-0.6792677400620184,0.538656156522911,-7.5020550734870834,-13.768526321822105,6.266471248335021,574,1.0207724110113945,46,38.98702466346546,83.16829062284442
godavari_82.250_16.890,2024Q1,0.05018734596322824,0.06932432966253604,0.05014596719809417,0.27322404464934513,0.12035047607318262,0.6649451476352702,-0.5690585419291397,0.46598476311503473,-7.413017379527805,-13.374848064331474,5.961830684803669,680,1.0207724110113945,48,35.743785259681424,76.2497150295102
godavari_82.250_16.890,2024Q2,0.026677117276931245,0.05383737998983037,0.035838125743640675,0.25816735647235795,0.13592827231579427,0.7446605771241513,-0.6326864115080635,0.43075721496075187,-7.707871706669892,-13.773074506187498,6.065202799517606,513,1.0207724110113945,40,39.89489195209753,85.10498035897302
godavari_82.250_16.890,2024Q3,0.03011333380215658,0.05826831019641017,0.03877475370513464,0.2906195468441021,0.12072248127537023,0.7693025139434515,-0.6687168008059654,0.47922132983113824,-6.89407331148246,-13.203616867626124,6.309543556143664,242,1.0207724110113945,49,39.45168858949591,84.15952564977036
godavari_82.250_16.890,2024Q4,0.01778786467412439,0.04595454212138901,0.0210869769574364,0.3173801463718728,0.10323267178478161,0.862558326221808,-0.7317246269503132,0.5531415673750827,-7.080928091604028,-13.551099534549575,6.4701714429455475,443,1.0207724110113945,52,35.349923200759285,75.40951666955574
godavari_82.250_16.890,2025Q1,0.03943888256154089,0.06073668936287667,0.03674240561549769,0.30496772487077606,0.10434703130748164,0.7719526981739618,-0.6534946455105142,0.540943646878321,-7.078932685127861,-13.66052961002489,6.5815969248970285,653,1.0207724110113945,51,31.813522504466455,67.86556061220298
godavari_82.250_16.890,2025Q2,0.024949212675710705,0.05964657788519598,0.030693928386123823,0.3455859409757592,0.12514132869261263,0.8239562034880843,-0.6919478043567687,0.5801395243023274,-7.299690480073961,-13.592159574539412,6.292469094465451,685,1.0207724110113945,54,30.25368092846867,64.53805976703723
godavari_82.250_16.890,2025Q3,0.015938050207728195,0.056573443454462954,0.033900203919138235,0.34187564801088277,0.12631900035577098,0.805658852411904,-0.7019993269805184,0.546937908353487,-7.201585208524632,-13.743825587665746,6.542240379141115,387,1.0207724110113945,52,50.17083802117593,107.02593679191314
godavari_82.250_16.890,2025Q4,0.04137819746120663,0.06386548824426232,0.03808035444102703,0.32800455036164494,0.10930376856649797,0.7853010546641782,-0.6716408473940226,0.5693179330257475,-7.026095615722437,-13.451721993786268,6.425626378063831,638,1.0207724110113945,54,39.111469165825746,83.43375936861446
godavari_82.250_16.890,2026Q1,0.04709040909995478,0.06765740359527696,0.049176658260557136,0.26570824398975146,0.10777366926333977,0.668448581079998,-0.5748580029463466,0.4588906253354353,-7.290308086644872,-13.337707047740821,6.047398961095949,739,1.0207724110113945,55,33.726676726672174,71.94675859363889
godavari_82.250_16.890,2026Q2,0.04271814322078457,0.07404874610576352,0.04862780069617371,0.33444688328983724,0.13744934256030886,0.7272770486060207,-0.6163282247493891,0.5412043829344787,-7.751154581088459,-13.924839423058831,6.173684841970372,696,1.0207724110113945,54,37.464956603165675,79.92136937457111
godavari_82.250_16.890,2026Q3,0.04606506939894887,0.07324408289817204,0.04414223513049942,0.3484179598269918,0.13249858292496344,0.7617488109381968,-0.6374203093621787,0.5892259384932871,-7.534967252869169,-14.126478112453377,6.591510859584208,408,1.0207724110113945,50,41.40635409535191,88.32927674682757
godavari_82.260_16.800,2019Q2,0.06177217230833278,0.08646228618421005,0.057443281025949276,0.3076468662649666,0.13884437285650048,0.6779692785966207,-0.5505047581800999,0.5158670684032154,-7.871388453802316,-13.951327928970938,6.079939475168622,597,1.0287309736107357,68,56.924001765467644,121.43198828614857
godavari_82.260_16.800,2019Q3,0.03445699646636031,0.06437749785379136,0.03591549581445576,0.30595602024407587,0.132898387943595,0.7743944780476693,-0.6327462159091646,0.5156011315443337,-7.519664341744478,-13.710291503700784,6.190627161956306,382,1.0287309736107357,62,44.28474899474315,94.46955509805592
godavari_82.260_16.800,2019Q4,0.07226959846005436,0.08814860138980528,0.057232106714670584,0.30683033176133173,0.1152657946425926,0.6503914246449217,-0.5098446390989151,0.5361700835812151,-7.451628331856613,-13.701746164996301,6.250117833139688,541,1.0287309736107357,153,15.437135654221994,32.930960891655985
godavari_82.260_16.800,2020Q1,0.063510145340457,0.083947351812769,0.05054309767071051,0.32375321480546687,0.12079272670202329,0.7238771244300667,-0.5827887887504487,0.5785895383244836,-7.68237146630525,-14.063966994618777,6.381595528313527,718,1.0287309736107357,75,24.09194261405252,51.39365474257526
godavari_82.260_16.800,2020Q2,0.056119884160433245,0.08674107243149909,0.05209822332634884,0.3524703332813312,0.13938490747623403,0.7304563917328156,-0.5881848096786215,0.5991358194286759,-7.612320297133037,-13.736628186685815,6.124307889552778,525,1.0287309736107357,54,46.613381618742395,99.43706407054982
godavari_82.260_16.800,2020Q3,0.054093641893054704,0.078469085152194,0.04855916722856958,0.28490772048919544,0.1307879492307798,0.7180779793150713,-0.5694172738412536,0.4973393836358694,-6.991169276365946,-13.100213533853669,6.109044257487723,279,1.0287309736107357,55,50.063166072523615,106.79624776088957
godavari_82.260_16.800,2020Q4,0.06082136946983306,0.07844298237517174,0.04999111125293191,0.2883104841636977,0.10806396648926578,0.6789846306380112,-0.5410585991630882,0.517588664568983,-7.1718884949822055,-13.163097813672797,5.991209318690592,493,1.0287309736107357,51,24.623452025756198,52.52748656490389
godavari_82.260_16.800,2021Q1,0.036255513056426714,0.059947331902249906,0.034312079638575375,0.30063731373074415,0.10846695656222079,0.7907502265922899,-0.6638142990930364,0.5354464612007768,-7.77985840404747,-13.81560695999288,6.0357485559454105,651,1.0287309736107357,46,52.39487338518986,111.77031575148857
godavari_82.260_16.800,2021Q2,0.05178464563894231,0.08266316528725025,0.04829464739304131,0.3157494327485202,0.13900492771217893,0.7199580536574395,-0.5728600036174614,0.5331746610424895,-7.8144988532142,-13.915320512634793,6.100821659420593,504,1.0287309736107357,59,39.99653606667386,85.3218106335107
godavari_82.260_16.800,2021Q3,0.07564025162564024,0.09920831409179717,0.06463816589508545,0.31280743309341125,0.13726965849462025,0.6505644152427694,-0.5092419931382336,0.5400713405515657,-7.2752137106201795,-13.199186815556134,5.923973104935954,314,1.0283707106187516,55,48.72897395573413,103.95010911159073
godavari_82.260_16.800,2021Q4,0.03623162905857318,0.06401675949342021,0.033156996572260025,0.30904393371868494,0.11744389853538116,0.8052362160867859,-0.6538410584804273,0.5528720695059505,-7.415014761812656,-13.523240643540127,6.1082258817274715,501,1.0287309736107357,50,34.944062606597114,74.54372267427117
godavari_82.260_16.800,2022Q1,0.051806663041073946,0.06986266513411843,0.04597326323123052,0.27839909717353006,0.11712540989591053,0.6735391915027099,-0.543588579497222,0.47191814820668243,-7.71047211231418,-13.79026025365831,6.07978814134413,646,1.0287309736107357,54,36.3611244102574,77.5666414256934
godavari_82.260_16.800,2022Q2,0.029494937469852548,0.07056544577221352,0.04052682911302342,0.3288666125080359,0.14401034180807992,0.7583671104078183,-0.6263856640097184,0.5370723296371012,-7.944047787285483,-13.930782846397758,5.9867350591122745,546,1.0287309736107357,50,26.71163772439312,56.982066942807144
godavari_82.260_16.800,2022Q3,0.03870278820978059,0.0687498547234071,0.034670660143031946,0.3292088745815275,0.12431338296157572,0.8129476532594093,-0.6567506355830821,0.5891392785060494,-7.4156344774725635,-13.64749651341651,6.231862035943946,347,1.0287309736107357,49,27.50098991918947,58.665936725312555
godavari_82.260_16.800,2022Q4,0.023064605148306,0.05262200713328392,0.02242969487785991,0.3156388295698996,0.10777775560513217,0.8660384427742411,-0.7147419736879068,0.5753883245658089,-7.489734745982873,-13.759583628863293,6.26984888288042,495,1.0287309736107357,50,25.880047138867578,55.208092958046485
godavari_82.260_16.800,2023Q1,0.044382253688848274,0.0629726274747723,0.040646139663409554,0.25558719204936886,0.11670025907764699,0.7094152687978477,-0.59359706566068,0.45796149324716307,-7.703436104265657,-13.780405374508673,6.076969270243016,681,1.0287309736107357,51,39.60955517452296,84.49629138494761
godavari_82.260_16.800,2023Q2,0.034024585921069196,0.0700168564300309,0.039203013787470424,0.31995352611261085,0.13796257850615104,0.7840832209994494,-0.6482590049425933,0.5462192773412603,-8.035996237822156,-14.071255626528545,6.03525938870639,509,1.0287309736107357,54,29.753184060522138,63.47038483342765
godavari_82.260_16.800,2023Q3,0.014750707029031912,0.05873571592842044,0.03066994559187224,0.30430026803380233,0.1294489429521109,0.8180265411946336,-0.6865322506674163,0.508018760593897,-7.636689102868739,-13.977822712701457,6.341133609832718,357,1.0287309736107357,51,42.307770990956826,90.25220631103883
godavari_82.260_16.800,2023Q4,0.04092661732501625,0.06585537434604503,0.0383834567501226,0.3046953281903334,0.11713322649048337,0.7805956629798014,-0.650820095678832,0.5360348285609934,-7.649133303454977,-13.90574349686916,6.256610193414184,574,1.0287309736107357,46,39.46473259360449,84.18735151065489
godavari_82.260_16.800,2024Q1,0.03874068665809031,0.061432513091319876,0.0377509856583913,0.2813350746799938,0.1196157103429077,0.7499386475683435,-0.6281097183430046,0.4945361821990049,-7.705100583472804,-13.887539800493462,6.182439217020658,680,1.0287309736107357,48,37.6784989522247,80.37690431985429
godavari_82.260_16.800,2024Q2,0.022010337491414865,0.05764042724154575,0.02951757730196835,0.304678730435976,0.12821275466137405,0.8210170474098175,-0.6810014909149431,0.5242099829227237,-7.968820769771888,-13.975398139794159,6.006577370022271,513,1.0287309736107357,40,33.862276138960894,72.23602332791556
godavari_82.260_16.800,2024Q3,0.044579717025741504,0.0751395200665316,0.045392004704840075,0.3208245209127495,0.13774505571037693,0.7499538850420319,-0.6166964430228857,0.537985588814233,-7.389297327547897,-13.566502626224965,6.177205298677068,242,1.0287309736107357,49,37.0386857398546,79.01203558083004
godavari_82.260_16.800,2024Q4,0.01961017186062055,0.05234056745125105,0.02311326634645177,0.3268738718360345,0.11465364699833744,0.8618946360294777,-0.71779706627511,0.5642307724221931,-7.4724891247728245,-13.836037473871974,6.363548349099149,443,1.0287309736107357,52,30.241664406403768,64.51242576167272
godavari_82.260_16.800,2025Q1,0.03714409700698099,0.06167509299070666,0.03409258616451275,0.3025468439650236,0.11271016774050384,0.7950605086789198,-0.6586879767153472,0.5454971994050624,-7.4102681443801295,-13.878044999015431,6.467776854635302,653,1.0287309736107357,51,50.46959926782754,107.66326324610775
godavari_82.260_16.800,2025Q2,0.029339361139971598,0.07309545162929197,0.03667721886896642,0.32885098665077517,0.1306552307611305,0.7976388048327828,-0.6561317384210883,0.5535200074702389,-7.497358858983247,-13.582844758834513,6.085485899851266,685,1.0287309736107357,54,25.25067298751677,53.8654931371604
godavari_82.260_16.800,2025Q3,0.030621643646269535,0.06805604739311742,0.03966958023258251,0.322592376943475,0.1375476180073404,0.7740153154471849,-0.64410503846332,0.5178956902226575,-7.385062157821535,-13.727486288126972,6.342424130305437,387,1.0287309736107357,52,37.331871757559405,79.63746878937847
godavari_82.260_16.800,2025Q4,0.03980329628773591,0.06754266119435567,0.03873601613822017,0.31107582148291313,0.11777027361441107,0.78175921393647,-0.6455769246333962,0.5501490329726216,-7.208828226429724,-13.4402926672802,6.231464440850476,638,1.0287309736107357,54,34.57822425338067,73.76330532403925
godavari_82.260_16.800,2026Q1,0.06168491945249283,0.08297526535108675,0.05799181200336103,0.2601699958998665,0.1245875165616168,0.6269109027010298,-0.5076837193620999,0.4486933173024027,-7.66394149219515,-13.605264639425734,5.941323147230584,739,1.0287309736107357,55,27.70422192122287,59.09947732901028
godavari_82.260_16.800,2026Q2,0.04436594054973554,0.0759368850919234,0.04998023710610886,0.29048620485947346,0.14882481215378504,0.686208868344615,-0.5758839205263753,0.4695668023618613,-7.925052938258093,-13.827820291898139,5.902767353640045,696,1.0287309736107357,54,29.935503563062678,63.85931426583221
godavari_82.260_16.800,2026Q3,0.05072258776231945,0.08166491080007024,0.046559561681377586,0.3461083428412265,0.1399417215994756,0.7498373827757409,-0.6024034489221749,0.5901594154756399,-7.828897608483487,-14.106030115979458,6.2771325074959705,408,1.0287309736107357,50,34.88651751421111,74.42096575684056
godavari_82.260_16.810,2019Q2,0.05882150629494607,0.08371601860551961,0.0550928159462826,0.2977896467355112,0.13930181127296676,0.6798719372555976,-0.5542436451657988,0.4974821373666088,-7.737005241677427,-13.850196962439853,6.113191720762425,597,1.0180991802613424,68,48.74113072184638,103.97604228976438
godavari_82.260_16.810,2019Q3,0.03915598757975242,0.06881172484145398,0.039590286120761715,0.31503974869920864,0.13590788446668164,0.7550365531129042,-0.6159566185083686,0.5291533395073527,-7.445404876701386,-13.749609371918154,6.304204495216768,382,1.0180991802613424,62,34.970001571330954,74.59905645201034
godavari_82.260_16.810,2019Q4,0.07110351272029578,0.08578649088358901,0.05371985625737328,0.31036432190839874,0.11392299933521591,0.6758332266888492,-0.5293101462391167,0.5572591291001029,-7.490731456585912,-13.734472531809896,6.2437410752239835,541,1.0180991802613424,153,19.13642453138175,40.82239490307949
godavari_82.260_16.810,2020Q1,0.06257517255814028,0.08310441098625018,0.04958295092703373,0.332322336341191,0.1233632744418527,0.7323429379070758,-0.589286195247668,0.5881674620669806,-7.539939288252201,-13.980872801583805,6.440933513331604,718,1.0180991802613424,75,24.011729129869043,51.22254093171054
godavari_82.260_16.810,2020Q2,0.05722794380306816,0.08855481031586189,0.0519130370535032,0.35545741517846985,0.138861249864959,0.7391743759450836,-0.5944180573349428,0.6041930844647712,-7.465025845258953,-13.646708881342251,6.181683036083298,525,1.0180991802613424,54,47.255624872874535,100.80711664756215
godavari_82.260_16.810,2020Q3,0.06532574983926612,0.08820754915422498,0.057342905876331965,0.296793593181789,0.14165551112450042,0.700672738277968,-0.556198088757061,0.5181138161057299,-6.878313413046805,-13.08653297606062,6.208219563013816,279,1.0180991802613424,55,54.19758455251032,115.61591329495161
godavari_82.260_16.810,2020Q4,0.06311613215550502,0.08050694162647952,0.05018808264593942,0.28553014182488234,0.10788362639913303,0.6905778089722969,-0.5487484921135319,0.5162436302368996,-7.078836121905283,-13.117474755176248,6.038638633270965,493,1.0180991802613424,51,24.98293762085691,53.29435202094058
godavari_82.260_16.810,2021Q1,0.03541664434044158,0.05921829822542392,0.034329998133323075,0.2963637802927744,0.10967012765901815,0.7875712480770053,-0.6635273422969745,0.5291516684190333,-7.572608578311522,-13.741740233412774,6.169131655101252,651,1.0180991802613424,46,50.49665213845664,107.72097324131987
godavari_82.260_16.810,2021Q2,0.05361843961269173,0.0829571460623814,0.04959110027280135,0.31184061053939816,0.13965088311075285,0.7159797732490341,-0.5691521752023865,0.5273233003694769,-7.695325655306096,-13.887850710369623,6.192525055063527,504,1.0180991802613424,59,50.1074230836374,106.89065814470781
godavari_82.260_16.810,2021Q3,0.067825049811595,0.09056149352695246,0.05933429434106574,0.2854154601323191,0.126729025796459,0.6567819817259997,-0.5159625256290339,0.49773169641520737,-7.20341376251377,-13.279135059991283,6.075721297477513,314,1.0180991802613424,55,29.77965821945822,63.52686030349486
godavari_82.260_16.810,2021Q4,0.02887665623339491,0.0548107847847858,0.027298226224582372,0.2958857769336001,0.11470037890083319,0.8261179803299633,-0.6768305645503031,0.5331523359289903,-7.283855978895579,-13.458881680724135,6.175025701828556,501,1.0180991802613424,50,28.486966062579096,60.76925061367562
godavari_82.260_16.810,2022Q1,0.05127681395457772,0.07011954649770155,0.04536693831379222,0.3047802035420554,0.1210940209536165,0.7087294961641012,-0.5829809485799202,0.5358316441121129,-7.509837601211354,-13.72399676829218,6.214159167080826,646,1.0180991802613424,54,33.88795413534109,72.29080040013368
godavari_82.260_16.810,2022Q2,0.029094770951431682,0.06662035755667306,0.04254876038312229,0.29018099749945125,0.14183405424246018,0.7225996997177961,-0.6073678229084183,0.47603419803268693,-7.727557248725152,-13.838215276083673,6.110658027358522,546,1.0180991802613424,50,35.50288610158057,75.73582171847472
godavari_82.260_16.810,2022Q3,0.03836522039372144,0.06907879028790301,0.033524546053303614,0.3420371349828645,0.12769112021005122,0.8200002319987086,-0.6624481224413407,0.6050608504016293,-7.3470006040745,-13.70530987069585,6.358309266621349,347,1.0180991802613424,49,25.75093417726408,54.93266531496506
godavari_82.260_16.810,2022Q4,0.027131515272683204,0.05646033883839727,0.023889171114197968,0.3220075213428676,0.11022163037761169,0.864681003330407,-0.7092530958779275,0.588817967222492,-7.438946922537978,-13.824497121634263,6.385550199096285,495,1.0180991802613424,50,22.156997337687493,47.26597143067509
godavari_82.260_16.810,2023Q1,0.044477402955314736,0.06294723848930105,0.04092318832544682,0.2528726565814187,0.1171311231637957,0.707082995651164,-0.5895798205599331,0.4549277587348271,-7.51023705100062,-13.74059393279509,6.23035688179447,681,1.0180991802613424,51,39.599805019951106,84.4754920627103
godavari_82.260_16.810,2023Q2,0.03676651160527023,0.07254829779529166,0.04006190405034514,0.3335041521721011,0.13902170616337156,0.7850447569749641,-0.6457377082480701,0.5669710777737222,-7.957944826666285,-14.14296476724428,6.185019940577995,509,1.0180991802613424,54,28.087667959243813,59.917455920697684
godavari_82.260_16.810,2023Q3,0.01870810145528725,0.06023575287258281,0.03277098683462828,0.3123044210377242,0.1306391498383971,0.8059654183145313,-0.6780278391170106,0.5278549965844486,-7.547022677958617,-13.959780197957258,6.412757519998641,357,1.0180991802613424,51,44.02531531689426,93.91612339345835
godavari_82.260_16.810,2023Q4,0.036525547811693856,0.061953132391620716,0.03483313126894368,0.312187357512292,0.11802658640907128,0.8040673326333508,-0.6743608762325389,0.539333025687279,-7.614983639243903,-13.916208427888964,6.301224788645062,574,1.0180991802613424,46,46.99253083831941,100.24587656022811
godavari_82.260_16.810,2024Q1,0.037224053413619757,0.06070515520581573,0.03754828007662767,0.2719254373063584,0.12086871474333262,0.7490788175209926,-0.6310208046300924,0.4797035921493204,-7.622696550546246,-13.870711722819873,6.248015172273627,680,1.0180991802613424,48,34.89084241543379,74.43019176587582
godavari_82.260_16.810,2024Q2,0.02661834133021772,0.06056024875437872,0.03179535679433778,0.301017496698978,0.12714502711841802,0.8054949746962419,-0.666048625214298,0.51965321322762,-7.85039936179019,-13.990872250120301,6.140472888330111,513,1.0180991802613424,40,34.562168470586045,73.72905464650829
godavari_82.260_16.810,2024Q3,0.04172693730384564,0.07237564524556304,0.042485515112671186,0.3180239584657833,0.1323730736031451,0.7611659828917526,-0.6251049541979888,0.540672629275662,-7.3191703158965,-13.565412354063831,6.246242038167331,242,1.0180991802613424,49,42.3853637443723,90.41772950040733
godavari_82.260_16.810,2024Q4,0.0172238222820001,0.04936941885220911,0.021471271877293998,0.322017506721129,0.11256586531560607,0.8712049154310139,-0.7315394361068347,0.560910082500471,-7.456416136829295,-13.827232180580184,6.370816043750889,443,1.0180991802613424,52,31.01348849832,66.15890406927117
godavari_82.260_16.810,2025Q1,0.03567410713053715,0.059927007607618196,0.03363087549495907,0.3010609229001776,0.11064833879998667,0.7934216419174619,-0.6625706550116612,0.5431427100145916,-7.241867725666301,-13.81591326642766,6.574045540761359,653,1.0180991802613424,51,54.9641342583202,117.25114012387643
godavari_82.260_16.810,2025Q2,0.0334565568950028,0.07371278078189764,0.03979090332919475,0.3285813267578135,0.13393691569454044,0.7804067838440176,-0.6450768270508714,0.5608682355860347,-7.423138552206083,-13.633701937548018,6.210563385341935,685,1.0180991802613424,54,26.5422565062558,56.620737846840065
godavari_82.260_16.810,2025Q3,0.03297139456262695,0.06744289538646135,0.039700451701522706,0.31130542245552656,0.13513588449862124,0.7669073718866706,-0.6333560904892215,0.5061619268030908,-7.295777328811218,-13.815580717138097,6.519803388326879,387,1.0180991802613424,52,42.7833325995027,91.26668860123715
godavari_82.260_16.810,2025Q4,0.039291054028839305,0.06564181761264955,0.03819141350703478,0.3045763972416449,0.11827171649856892,0.7799126220437138,-0.6494584320422845,0.539979604101683,-7.131328548855704,-13.432802132908748,6.301473584053044,638,1.0180991802613424,54,39.489536598570574,84.2402641581687
godavari_82.260_16.810,2026Q1,0.05082322995135846,0.07212349458070749,0.04740397340305873,0.276806392276541,0.11967308921658705,0.6825877457959714,-0.5555470623948656,0.4818513485260458,-7.514223472288968,-13.588402235405203,6.074178763116235,739,1.0180991802613424,55,35.485820344836256,75.69941653421505
godavari_82.260_16.810,2026Q2,0.0527434097382958,0.08295506328180467,0.05657474910135115,0.28660900762510994,0.14601878006131344,0.6534457893305136,-0.5419282624321328,0.450871500882445,-7.838402816095387,-13.878400545673975,6.039997729578587,696,1.0180991802613424,54,33.31587521178235,71.07042447803046
godavari_82.260_16.810,2026Q3,0.04227368464040384,0.07414604996180262,0.03989778981208624,0.3333948402816863,0.12936335056889842,0.7770547132353788,-0.6264338378800616,0.5768534722442369,-7.666820621641406,-14.13396710252005,6.467146480878643,408,1.0180991802613424,50,36.10659969295219,77.0236816629964
godavari_82.270_16.600,2019Q2,0.06420293416622008,0.089225441750741,0.06354855274254133,0.27851523855768734,0.12582800413206252,0.6064968256577926,-0.4919319339261782,0.44222024173337493,-8.861074618519922,-14.652504742242222,5.7914301237223,597,1.0,68,19.939531646214434,42.535607093654015
godavari_82.270_16.600,2019Q3,0.03937120848770361,0.0738976853491178,0.04644114436317015,0.2941348613579252,0.11286478515461018,0.7186322892358338,-0.5868925651037699,0.4751085826213373,-8.007422949793654,-13.981835412050687,5.974412462257034,382,1.0,62,18.95325811102106,40.43165880017346
godavari_82.270_16.600,2019Q4,0.06515166976710925,0.08585224338246518,0.053510806735340484,0.2943040008072735,0.09559007338911236,0.6844918095402015,-0.5425387714619354,0.523004804997271,-8.084255065335885,-14.125369740584235,6.04111467524835,541,1.0,153,15.96819469108196,34.06383196085677
godavari_82.270_16.600,2020Q1,0.05555246435570279,0.07841858998066854,0.047293487257325094,0.3116540400065381,0.10734880384813099,0.7189321571233791,-0.5758593480758908,0.5416168315770087,-8.526908020354686,-14.628057746368281,6.101149726013595,718,1.0,75,15.572196298477811,33.21907630980183
godavari_82.270_16.600,2020Q2,0.05607795830108598,0.08648743365519503,0.054772378499370916,0.31400760771053743,0.12597273588641922,0.6860888691417415,-0.5487156402436384,0.5086597334185005,-8.383150916379456,-14.330295740092252,5.9471448237127955,525,1.0,54,18.765546953164186,40.031227726898436
godavari_82.270_16.600,2020Q3,0.05935636232546926,0.09010125179663088,0.05621582509364511,0.28812416400069574,0.11529336500383827,0.6688475315726133,-0.519184984487477,0.4931874134376057,-7.572302564603386,-13.580891465861916,6.00858890125853,279,0.9988759534323565,55,14.409503680424802,30.738785536192598
godavari_82.270_16.600,2020Q4,0.09303924791485499,0.1084824575845052,0.07460106242826514,0.3043591443504342,0.0996935740542814,0.5839719787220139,-0.4476091256192735,0.5169563320289703,-7.6265328474722205,-13.608612538320399,5.982079690848178,493,1.0,51,16.28834240203228,34.74678066228733
godavari_82.270_16.600,2021Q1,0.03436329998175135,0.059258010495529305,0.033928741030086904,0.2909459882212056,0.09075913321934607,0.7763301352760456,-0.6483320128436793,0.513277678274806,-8.634401418111713,-14.533483845670013,5.8990824275583,651,1.0,46,15.267533565641715,32.569160628233874
godavari_82.270_16.600,2021Q2,0.04034336477338505,0.07517017234030107,0.045283695018905376,0.3066348256939578,0.11904728280546463,0.7252474606045941,-0.5916494567969095,0.5024093582698708,-8.5231405567375,-14.441735953554915,5.918595396817414,504,1.0,59,20.813429366999816,44.39983192856502
godavari_82.270_16.600,2021Q3,0.07614641782531296,0.09943929087253821,0.06697984147556943,0.2963292033102365,0.11862017646498288,0.6156123404138636,-0.47491573601754383,0.5061456935400637,-7.719413932028875,-13.43652121798566,5.717107285956786,314,0.9993576876756323,55,16.229553878726183,34.621371220715055
godavari_82.270_16.600,2021Q4,0.0360363918876801,0.06538129508885077,0.033639942866792734,0.3041695735138637,0.09666115940494391,0.7894574665847621,-0.6350385532131247,0.5406553533943992,-8.010122823021861,-13.866670223914937,5.856547400893076,501,1.0,50,20.15931108972861,43.004447195941765
godavari_82.270_16.600,2022Q1,0.043130571379566066,0.06776884450675175,0.03856261268785618,0.32053189957331396,0.09880993763411498,0.7696596234162224,-0.6304557125799237,0.5648605659851658,-8.758998282004523,-14.705204117371515,5.946205835366992,646,1.0,54,19.99018770583854,42.64366811972595
godavari_82.270_16.600,2022Q2,0.020138787167659124,0.06257363371452403,0.035467333466590124,0.33267102934270537,0.12170864667820626,0.7921047047344187,-0.6726875204166608,0.5274172773000478,-8.400044310919945,-14.329842169949472,5.929797859029527,546,1.0,50,26.829169344643887,57.23278892107468
godavari_82.270_16.600,2022Q3,0.043938099796052676,0.0791603165066639,0.050461928093054616,0.3097378458126483,0.11573285799836054,0.7226561521018983,-0.595867843043171,0.503563622229362,-7.651190068497523,-13.63305292437116,5.981862855873637,347,1.0,49,17.649099781485734,37.64958912685882
godavari_82.270_16.600,2022Q4,0.028288859980156515,0.05825431078466677,0.027329351270813797,0.33357348929627056,0.09027608129349964,0.8337022697182344,-0.6864197464808834,0.5942671427821703,-8.268201609491445,-14.226016917113258,5.9578153076218126,495,1.0,50,16.587095549909247,35.384089839932905
godavari_82.270_16.600,2023Q1,0.041642079876463,0.06458438697263268,0.03705912787863388,0.30552371569657477,0.09251815655048284,0.7667717878638551,-0.6331462123617665,0.5397053224469432,-8.845019386161464,-14.73583101399509,5.890811627833626,681,1.0,51,16.00583477620509,34.14412691964399
godavari_82.270_16.600,2023Q2,0.03736484383553299,0.07329084232482577,0.041848033702975254,0.33313916886494077,0.11943985432955805,0.7720026822389741,-0.6345971048527896,0.5555522393309568,-8.6924247310576,-14.457897657105894,5.765472926048295,509,1.0,54,25.034898553152622,53.40519664054177
godavari_82.270_16.600,2023Q3,0.02609508067271716,0.06009413038992037,0.033892155147347745,0.2933331778461356,0.11555651770855378,0.7825634080347602,-0.65255191986031,0.49114751673059254,-7.938272762631142,-13.838421483990388,5.900148721359246,357,1.0,51,30.178679558595864,64.37806459478345
godavari_82.270_16.600,2023Q4,0.06224914343641103,0.08218928719544023,0.05114067286304497,0.3129946103894399,0.10317741468151181,0.7104080686561355,-0.573301487348977,0.5528481888568386,-8.390344985233533,-14.318038861272894,5.927693876039362,574,1.0,46,17.896551463993845,38.17746047953559
godavari_82.270_16.600,2024Q1,0.0533338251295229,0.07817307293533621,0.05098720095257535,0.30835328040544896,0.10275108871550862,0.7056930365801231,-0.5851727586222791,0.5259593789089564,-8.89926490132095,-14.67327860196232,5.774013700641369,680,1.0,48,15.594417310973792,33.26647884028862
godavari_82.270_16.600,2024Q2,0.02567656844423851,0.06260486360727888,0.03303185278501051,0.3206453008793061,0.11573320869884678,0.8009047201410003,-0.6639145866033943,0.5343859646478883,-8.692313490724823,-14.442124553613038,5.749811062888215,513,1.0,40,24.670266303531314,52.62735218668211
godavari_82.270_16.600,2024Q3,0.03978806488870901,0.07493580387687536,0.04698703199326685,0.3237559256644537,0.1235435755813186,0.7522383000988222,-0.6260644858541654,0.5287148028766567,-7.872533542765443,-13.858856524676515,5.986322981911072,242,1.0,49,28.513274313997474,60.82537216484883
godavari_82.270_16.600,2024Q4,0.03452023573898442,0.06330598938530677,0.03301202504094056,0.32514006554167113,0.09599526525786689,0.8056326193612388,-0.6620823544924831,0.5728640679220562,-8.381229659038036,-14.28821122809227,5.906981569054235,443,1.0,52,17.761433134129003,37.889222004718015
godavari_82.270_16.600,2025Q1,0.04046545163481065,0.06781132698934957,0.03766450736068781,0.31289380209101597,0.09339538973994371,0.7724724501658332,-0.6330266179407291,0.5540443468892187,-8.722539457794177,-14.709914261229242,5.987374803435065,653,1.0,51,16.617472436362807,35.44889072542223
godavari_82.270_16.600,2025Q2,0.02635822030990091,0.07255754912788469,0.03816394631656657,0.34301756084003265,0.12363169812694288,0.7898661766920172,-0.6481054408062835,0.5589952855583005,-8.492340855271795,-14.219218735344361,5.726877880072566,685,1.0,54,22.082010058117078,47.106006316277096
godavari_82.270_16.600,2025Q3,0.032007529686185046,0.07251464031828517,0.041946063203405576,0.3283991363433642,0.11712743787467454,0.7683055762547524,-0.6293255365300653,0.5269049073570221,-8.001943822290084,-13.988876932611984,5.9869331103219,387,1.0,52,22.724240715610232,48.47603202176122
godavari_82.270_16.600,2025Q4,0.051387950858628614,0.08055007042781545,0.04492157776480857,0.339637234217868,0.1043617546123404,0.768440988331179,-0.619837139580242,0.5955238973790322,-8.156933692688957,-14.029519411465309,5.872585718776351,638,1.0,54,15.339728921335942,32.72316992686147
godavari_82.270_16.600,2026Q1,0.04668573195747497,0.07313967983948831,0.041908766212122826,0.3177300316002944,0.1007185459801536,0.7514131782618938,-0.6107585810810232,0.5546097246166941,-8.89387019232336,-14.645293122468344,5.751422930144983,739,1.0,55,15.46605593377529,32.99265449960747
godavari_82.270_16.600,2026Q2,0.044390539606095604,0.0818853950896446,0.051681187982883674,0.3414810991481016,0.12611228452778547,0.7290996262466588,-0.6055366693851283,0.5522843891775435,-8.50297801629917,-14.322347045040399,5.819369028741228,696,1.0,54,20.378140171466107,43.47125995797665
godavari_82.270_16.600,2026Q3,0.042183039578584075,0.07724637086375968,0.04923953394253334,0.30622647014523413,0.12395043485115208,0.7107546973367356,-0.583028530662763,0.49888753161156757,-7.954642719031336,-13.962450536941997,6.0078078179106615,408,1.0,50,20.457081518084482,43.63966000682336
godavari_82.270_16.610,2019Q2,0.07076857836535648,0.09063571371103703,0.07043793703964828,0.23636321219162484,0.1338332209899366,0.5304537402460684,-0.43725441121015124,0.35604505431242267,-9.113639229147424,-14.223825410704752,5.110186181557328,597,1.009009009009009,68,15.113128851125326,32.239779859086084
godavari_82.270_16.610,2019Q3,0.0416810757438538,0.07506825676625334,0.04681640236509824,0.28046977531151346,0.10898106900686824,0.7028325997610265,-0.5649697470870405,0.45489187054546415,-8.30670348043313,-13.713385931277102,5.406682450843972,382,1.009009009009009,62,19.014727145958556,40.56278638957317
godavari_82.270_16.610,2019Q4,0.07993770997371562,0.09396648262441987,0.059978682023898194,0.2858651310883743,0.09127865598292251,0.6473585464824575,-0.5001216777440418,0.5095288016250185,-8.48031933949633,-14.134171369154725,5.653852029658395,541,1.009009009009009,153,15.667427821801475,33.422227052301565
godavari_82.270_16.610,2020Q1,0.054176861718451166,0.07224809426738528,0.04664875666279078,0.25660279168472655,0.09934047264247475,0.6891938699309621,-0.5555186595950392,0.4506067433955082,-9.074084645250544,-14.607022380049933,5.53293773479939,718,1.009009009009009,75,16.569525274256577,35.34660840080236
godavari_82.270_16.610,2020Q2,0.04747363205232537,0.07432739701501755,0.050779167026048976,0.2549957058496439,0.12166718429639627,0.6550059208520952,-0.53972973843653,0.4084709741754532,-8.808972796809378,-14.117727089206682,5.308754292397303,525,1.009009009009009,54,18.70389820537561,39.899716768653406
godavari_82.270_16.610,2020Q3,0.0600851593905496,0.08710336477624482,0.05492335936135654,0.27383448692996387,0.1110491281381841,0.6642324777018104,-0.5126204088153509,0.48020157544021114,-8.20217525220103,-13.796974273956504,5.594799021755474,279,1.009009009009009,55,16.116724253247835,34.38067967875588
godavari_82.270_16.610,2020Q4,0.07665700291964299,0.09213898349680749,0.05886510520433396,0.2995921270792766,0.08988736091259511,0.6473019287667707,-0.49685647620715134,0.53324187670304,-8.172518872801266,-13.794174092321622,5.621655219520356,493,1.009009009009009,51,14.846703994712025,31.671434362639534
godavari_82.270_16.610,2021Q1,0.030407608056401813,0.051664308151155,0.03173515808552659,0.26101825994376004,0.08370990831461148,0.777476703631133,-0.6590826993089421,0.47060818245450403,-9.230129168559056,-14.64495519352295,5.414826024963894,651,1.009009009009009,46,16.229941663354587,34.62219845451791
godavari_82.270_16.610,2021Q2,0.044243619035706866,0.07098561664232034,0.04870811721270773,0.26056726919540685,0.11188400579233096,0.6751613677538612,-0.5629338813943203,0.4353308202643656,-9.156582515825306,-14.418612914154759,5.262030398329452,504,1.009009009009009,59,16.94035719475131,36.13767817855935
godavari_82.270_16.610,2021Q3,0.06488527589076108,0.09114421137430069,0.05701083746739941,0.298601494382652,0.10609251293142549,0.6720744022631561,-0.5239178705364272,0.5244868186572739,-8.28031381846434,-13.621858241612792,5.341544423148452,314,1.009009009009009,55,15.422893554270019,32.90057921677543
godavari_82.270_16.610,2021Q4,0.03207218189209493,0.062225943183283505,0.028950746548828666,0.31446030447826323,0.08876507874596103,0.830945352709338,-0.6711527089461471,0.5685040562528687,-8.474506200494949,-14.05724144176952,5.582735241274571,501,1.009009009009009,50,15.06095339396836,32.12847760861513
godavari_82.270_16.610,2022Q1,0.03765782264278674,0.058875982293399506,0.03333710018769983,0.2863895225289226,0.08329749152559433,0.7774413858724687,-0.6467669200888324,0.5220169145492913,-9.484866604295405,-14.945395140862946,5.460528536567541,646,1.009009009009009,54,14.476366313916442,30.881418911835976
godavari_82.270_16.610,2022Q2,0.020437698515338092,0.05469141166471002,0.035945289087656734,0.2757393210952203,0.11107002947887966,0.7621567360677484,-0.6643397645062425,0.44570305825849116,-9.064209674740537,-14.39830222313147,5.334092548390933,546,1.009009009009009,50,31.546939315799378,67.29687735664271
godavari_82.270_16.610,2022Q3,0.044003374668740075,0.07834444819103224,0.04741939355718601,0.3187133583175146,0.10260998521792086,0.735484231987239,-0.6013073719338441,0.5247083916969774,-8.341092220141102,-13.935217564920006,5.594125344778904,347,1.009009009009009,49,14.627384852473789,31.203576188842664
godavari_82.270_16.610,2022Q4,0.026476701894911615,0.05436485935149886,0.0239238731066548,0.34344233758484827,0.08250572613329382,0.8611217640298835,-0.7115004600827601,0.6115161208240226,-8.842677188998213,-14.46365250716684,5.620975318168627,495,1.009009009009009,50,12.220915993263294,26.070024624309056
godavari_82.270_16.610,2023Q1,0.04023475426299369,0.05824782544514686,0.034559278064569425,0.2736368093453405,0.0819371174383422,0.7563240166156826,-0.631922960804578,0.4973167217621618,-9.544984463089056,-14.919713959364028,5.374729496274972,681,1.009009009009009,51,14.897057508747597,31.778849989385638
godavari_82.270_16.610,2023Q2,0.035004329746588056,0.06814396369315018,0.041523458675032966,0.2758168767091201,0.11118492798140796,0.7329899307252814,-0.6119810754969647,0.46264310751384125,-9.257883942062685,-14.522647012639233,5.264763070576548,509,1.009009009009009,54,22.890426033910384,48.83054352831866
godavari_82.270_16.610,2023Q3,0.02350382364509042,0.05695006370180151,0.02998992620789882,0.28980824110630954,0.10619432164753397,0.8054732259384209,-0.6658095668985975,0.5031038280999294,-8.564826731189273,-13.955609341007612,5.39078260981834,357,1.009009009009009,51,26.81174658631023,57.19562217031457
godavari_82.270_16.610,2023Q4,0.05460869769546965,0.07662332883085475,0.046253197185113365,0.3073184347093207,0.09718686972551117,0.7307818531881018,-0.5920993267774904,0.5521429917872763,-8.769376714267036,-14.318112575227351,5.548735860960315,574,1.009009009009009,46,12.948207840108987,27.6215054107557
godavari_82.270_16.610,2024Q1,0.05473958441113581,0.07871182961628409,0.051696454772217446,0.2794853249278585,0.09833071064046772,0.691911427375742,-0.5698655078214582,0.4869419334110744,-9.303066264867068,-14.630423146409575,5.3273568815425065,680,1.009009009009009,48,13.842221693244777,29.52864258268055
godavari_82.270_16.610,2024Q2,0.0231188792154173,0.05457632836145165,0.0322169443026813,0.2698859422290593,0.11011028234309111,0.7799310016558322,-0.659486819473944,0.4598751499741278,-8.99466629733231,-14.17450768615055,5.1798413888182395,513,1.009009009009009,40,32.066876517544436,68.40602299352132
godavari_82.270_16.610,2024Q3,0.04569577655661477,0.07897303485014934,0.049941201648593087,0.3250170261654147,0.11758932345305803,0.7638601270109642,-0.632576284197187,0.5445466893588522,-8.392645286809495,-13.952719939613768,5.560074652804273,242,1.009009009009009,49,20.572036966031575,43.88488641704754
godavari_82.270_16.610,2024Q4,0.031244008696412962,0.05983669974580764,0.028536866420221765,0.32947710915231737,0.08912687513160827,0.837091839288659,-0.6904528398614793,0.59154203837998,-8.894538865569947,-14.515905864503619,5.621366998933672,443,1.009009009009009,52,14.261824635883286,30.423752168005304
godavari_82.270_16.610,2025Q1,0.0388608244132113,0.05984037455237226,0.03480716859980336,0.2880296276471886,0.08572993347302428,0.7716605515770834,-0.639814552144229,0.5196400199054253,-9.395143099696869,-14.877529006597637,5.4823859069007685,653,1.009009009009009,51,14.87894190104581,31.740205231567952
godavari_82.270_16.610,2025Q2,0.02188459527870768,0.05597218200017139,0.033311532179764305,0.2847895855718378,0.11077196423436265,0.7847159342162292,-0.6643877149716458,0.4841344306012082,-9.220904021569044,-14.464357711832363,5.243453690263319,685,1.009009009009009,54,24.336300360026684,51.914926017019724
godavari_82.270_16.610,2025Q3,0.019082058336688922,0.066777590586366,0.03508991791484146,0.33231810898614433,0.1091241511753885,0.806760278464524,-0.6725325621095712,0.5320204220141552,-8.608130334202544,-14.175080277496884,5.56694994329434,387,1.009009009009009,52,22.087863064793982,47.11849212571047
godavari_82.270_16.610,2025Q4,0.04760237571132461,0.0743173388777921,0.042003344887442305,0.3471345471253502,0.09693991362192057,0.7841118111995778,-0.6504922624427266,0.6259461182443231,-8.617887069096493,-14.15400300359697,5.536115934500476,638,1.009009009009009,54,16.498277177195618,35.19461982270901
godavari_82.270_16.610,2026Q1,0.04159543662758174,0.06260520630187731,0.036867144694031656,0.2908741513181424,0.08777503768802826,0.7688493987732854,-0.6344775207714872,0.521658538969551,-9.59602069671918,-14.941039794845622,5.345019098126443,739,1.009009009009009,55,17.201363610190338,36.69446489416634
godavari_82.270_16.610,2026Q2,0.047974990025053704,0.0782328766146351,0.05277396786733481,0.2907173098843344,0.11776836627720164,0.6928026574675413,-0.5804429372957653,0.4788174086343243,-9.159997895828383,-14.433974870268965,5.273976974440583,696,1.009009009009009,54,17.95326607765241,38.29844579483045
godavari_82.270_16.610,2026Q3,0.042193752704662024,0.07565780164694866,0.0456950324223166,0.309501556113237,0.11172063840901293,0.7357757423538983,-0.599140097629191,0.5160029501430398,-8.563269803358345,-14.063239566153445,5.4999697627951,408,1.009009009009009,50,20.624527679116145,43.99686118092094
godavari_82.270_16.660,2019Q2,0.08125206470211979,0.10401740602511075,0.0943750742438886,0.22880705035675963,0.16803767489923868,0.3987401579891548,-0.3629124673486452,0.2801274384749286,-8.647266051694595,-14.815829893072724,6.168563841378129,597,1.0,68,13.10400762297116,27.953862181550765
godavari_82.270_16.660,2019Q3,0.05503553685386966,0.08911923133949602,0.07856967497073725,0.22992948025824841,0.11086452119202103,0.4621842889291358,-0.4116053594831892,0.285818699371667,-8.179415071449771,-14.042293034131966,5.8628779626821945,382,0.9998389694041868,62,14.425736126103654,30.773413076288104
godavari_82.270_16.660,2019Q4,0.06481677584387135,0.08142668168775768,0.059039837140067566,0.22682225189924382,0.10800234887116829,0.5642097798579593,-0.4508506717852653,0.3667422883280769,-7.76744969287316,-13.812382532460232,6.044932839587072,541,1.0,153,15.6705951133248,33.428983613597865
godavari_82.270_16.660,2020Q1,0.08282737058610751,0.09864125674208542,0.07945305879725549,0.23984473534620984,0.1351555442508245,0.4877790776354891,-0.4098290655857723,0.35158348607268425,-8.294150996027167,-14.460298475671,6.166147479643833,718,1.0,75,15.98315083078893,34.09573684676387
godavari_82.270_16.660,2020Q2,0.048304557900823386,0.07880884755135774,0.0655767115162824,0.2443198607907642,0.14909388916219887,0.5424483753627272,-0.4851750436720978,0.34553411562157665,-8.4459133221071,-14.372184358880268,5.926271036773169,525,1.0,54,15.743732927443846,33.58500339281104
godavari_82.270_16.660,2020Q3,0.06448866811995614,0.09084097979558443,0.06854339153880534,0.239617260266069,0.11106871933412626,0.5329997258696519,-0.435483241250139,0.35918296389626914,-7.8077611156606945,-13.716799624788965,5.909038509128271,279,0.9438003220611916,55,17.96460503894029,38.3226344072186
godavari_82.270_16.660,2020Q4,0.09333144037903089,0.10683385482790174,0.08324675823551177,0.23847965455458867,0.10855195980286327,0.4519626446398555,-0.351921567230203,0.35583145768891583,-7.534250960277146,-13.421737806563492,5.887486846286346,493,1.0,51,15.002540410930324,32.0038692808089
godavari_82.270_16.660,2021Q1,0.038048247703731504,0.059826640843074284,0.04952403779837539,0.22070022446084173,0.11517820266065791,0.5894210620360376,-0.5356538429458625,0.3420736878567845,-7.955412912270855,-14.031181768572498,6.075768856301643,651,1.0,46,26.64001860118276,56.829286880601096
godavari_82.270_16.660,2021Q2,0.05529482454760205,0.08370005742393298,0.067061311195585,0.23874968606388675,0.1334231779998743,0.5166889120360547,-0.4503131533962653,0.3405207550073855,-8.053565847674404,-14.21295979002587,6.159393942351466,504,1.0,59,15.128052183987826,32.27161476044835
godavari_82.270_16.660,2021Q3,0.08482502364419149,0.10762055566151849,0.08669793236562352,0.24652790962551693,0.12288399851066117,0.4515237629134702,-0.362486773958849,0.3467117452540632,-7.8238501381419,-13.508711002434959,5.684860864293059,314,1.0,55,15.116454633371777,32.24687451754768
godavari_82.270_16.660,2021Q4,0.044218223627479306,0.06977489281977765,0.04792291480142762,0.24517819193403464,0.10090190767643069,0.6238394211573047,-0.5094803494236259,0.39655253204055957,-7.715375715767054,-13.53243332102082,5.8170576052537655,501,1.0,50,16.25175817867908,34.66873809950357
godavari_82.270_16.660,2022Q1,0.05393231308805889,0.07154231033996716,0.0565343612732388,0.2429254083403412,0.12020068209428483,0.5872779478547869,-0.5098613661340375,0.38153605303142013,-8.095707599499375,-14.267796193368493,6.172088593869118,646,1.0,54,18.170905295510927,38.76272030354278
godavari_82.270_16.660,2022Q2,0.020233780501755845,0.05893344954840787,0.046771382273083445,0.25218524108420387,0.14464170174055271,0.6455189944572163,-0.5949832908758608,0.3695492599543812,-8.283621456087287,-14.22983631358883,5.946214857501543,546,1.0,50,28.207257949953437,60.17256887657917
godavari_82.270_16.660,2022Q3,0.06778457572595115,0.09958520008030472,0.08618180730051708,0.2618835440743243,0.09045722999850785,0.4591123071875618,-0.39908894772689996,0.33895335116438613,-8.06708444473481,-14.041754438541759,5.974669993806948,347,1.0,49,13.949221433485075,29.75689763855337
godavari_82.270_16.660,2022Q4,0.03168218846633756,0.05662681641950982,0.038660832075521546,0.245936630055875,0.09097381350541864,0.6769391825490407,-0.5745639085310256,0.40431595560606054,-7.83871250889379,-13.729251218893426,5.890538709999635,495,1.0,50,20.32461088005261,43.35706966765463
godavari_82.270_16.660,2023Q1,0.0502227639352244,0.06779494917510559,0.051814608816158354,0.23544896991143732,0.1105910245280873,0.607011279960312,-0.5234342029573664,0.38829228374020147,-8.203559489243684,-14.241310558473149,6.037751069229465,681,1.0,51,17.428328145106224,37.17863244898495
godavari_82.270_16.660,2023Q2,0.03641624498352926,0.06914615979299141,0.05223576893815648,0.26912663591557034,0.14279302299556648,0.6375488553925397,-0.559905679284772,0.4023814086156428,-8.474196746304592,-14.325006141570789,5.850809395266197,509,1.0,54,19.44203353191015,41.47432919127669
godavari_82.270_16.660,2023Q3,0.04453314494703251,0.07339169532678828,0.05415494744139023,0.26449649004948794,0.11812542995981465,0.6387699402766277,-0.5458069207600468,0.4020148145687836,-8.08856042839487,-13.912759031051685,5.824198602656814,357,1.0,51,20.17185292633062,43.031201818036266
godavari_82.270_16.660,2023Q4,0.06185314284110336,0.08005447510602075,0.05854622948910786,0.2634438920988638,0.11519624988878965,0.6181797003420809,-0.5158873099726261,0.43648654096046324,-8.247673929935699,-14.100520730541868,5.852846800606169,574,1.0,46,17.383307782918788,37.08259366175585
godavari_82.270_16.660,2024Q1,0.05370280183020041,0.07749800527627734,0.06237381589735793,0.26254574183108553,0.13416137812134965,0.5971311335378386,-0.5273070250860191,0.40725095386133364,-8.440954346206212,-14.351504388799846,5.910550042593634,680,1.0,48,19.593786759397155,41.7980537287488
godavari_82.270_16.660,2024Q2,0.026581892150266944,0.060423501491028306,0.04578952089522663,0.25398850638779313,0.147362083153883,0.664716661683217,-0.5916376628111834,0.39165756236885907,-8.583843592480438,-14.369493080952047,5.785649488471609,513,1.0,40,28.890804985870577,61.63073192000869
godavari_82.270_16.660,2024Q3,0.02453165872650513,0.059193739576865655,0.04186515921879752,0.2644991181034987,0.10173448163012395,0.6800855272521357,-0.592856324852618,0.40943508159513214,-7.763485285537071,-13.576572712625314,5.813087427088243,242,1.0,49,21.579549537661272,46.034142460225155
godavari_82.270_16.660,2024Q4,0.03292535217283146,0.0583427341590723,0.03739102409717263,0.27222383428624,0.1021161330053668,0.7236818173517591,-0.6150267971072131,0.45925653139387707,-7.889452726196407,-13.79284759671036,5.903394870513952,443,1.0,52,25.752214973070675,54.93539754700357
godavari_82.270_16.660,2025Q1,0.038644317970196816,0.06193685400903459,0.044139348173277256,0.247088433983116,0.10751016132473412,0.6585743369720058,-0.5698497683863468,0.4095678810878854,-8.165909180109187,-14.106514720959456,5.940605540850269,653,1.0,51,25.306168392877773,53.98387760073866
godavari_82.270_16.660,2025Q2,0.029852286399210986,0.06578795284496057,0.04632891706902693,0.2694012841253329,0.13128942766080845,0.6630187422530136,-0.5767362168915664,0.4145881283384445,-8.277177414079725,-14.07220021109742,5.795022797017694,685,1.0,54,24.104867236094798,51.42122593405451
godavari_82.270_16.660,2025Q3,0.030146276791405465,0.07505429601505742,0.05404531986301057,0.2986974372979909,0.11689743192791213,0.6631634492565112,-0.5733742794416521,0.4265268393611445,-7.94883698584081,-13.965067569954082,6.016230584113272,387,1.0,52,18.540282602512306,39.55068705615732
godavari_82.270_16.660,2025Q4,0.05571762158464851,0.07714698123255875,0.0563437573151642,0.27394924848224883,0.10593966972790908,0.6262116609037006,-0.5246826677869928,0.4500971386324889,-7.714027985225415,-13.622266308079663,5.908238322854248,638,1.0,54,21.646575476961175,46.17712420471789
godavari_82.270_16.660,2026Q1,0.04982053410391653,0.07082639221540651,0.050806530567827246,0.2618890311457559,0.11248106326867846,0.6460857039766512,-0.5452400028617916,0.4333776854958719,-8.271892382052133,-14.137346999174344,5.865454617122211,739,1.0,55,20.82987489929849,44.434914031430516
godavari_82.270_16.660,2026Q2,0.056784556582966536,0.08607302885817035,0.06217722898781094,0.2840305386006524,0.14392378045579968,0.614278861820633,-0.5118322109651805,0.4418544551389347,-8.400918209909591,-14.222296986122103,5.821378776212512,696,1.0,54,29.07007877178777,62.013164138340834
godavari_82.270_16.660,2026Q3,0.040377486602040005,0.07569553910207578,0.05690341475913113,0.282066136392631,0.11870307274538579,0.6453802069700383,-0.5535605654004488,0.4311603838322683,-8.062634874481965,-13.870866562995863,5.808231688513898,408,1.0,50,18.319360030496984,39.07940839785709
godavari_82.270_16.790,2019Q2,0.0638329351413878,0.08869398516834627,0.061838308573676774,0.28457814009279364,0.13057832155043866,0.6210607226873542,-0.494771118673462,0.45562539309233935,-8.30145522405745,-14.346685066429146,6.045229842371695,597,1.0,68,39.114001606178334,83.43916164634781
godavari_82.270_16.790,2019Q3,0.04610491495364009,0.07708290942674621,0.04913916182970862,0.2877353634138123,0.12706826016779088,0.6954404432544524,-0.5626496154008708,0.4607574650561717,-7.859532237234562,-14.000557464379003,6.141025227144441,382,1.0,62,26.760234302103576,57.08573462027641
godavari_82.270_16.790,2019Q4,0.08209302759734588,0.09518484516617493,0.06591948692334816,0.2642213570132928,0.10262426358927004,0.5803523260866391,-0.44893526974903525,0.4539515372784808,-7.851296567786915,-14.01574635047319,6.164449782686275,541,1.0,153,18.05989185293883,38.525903097444704
godavari_82.270_16.790,2020Q1,0.06197982727966909,0.07921525251875727,0.052858978255133166,0.27930241793431765,0.11431328867048901,0.6591615185526134,-0.5336655331601048,0.48469214236243185,-8.294258582670693,-14.487829065096093,6.1935704824254,718,1.0,75,21.30765759899016,45.45413441989379
godavari_82.270_16.790,2020Q2,0.066080786704545,0.09445675083103738,0.06026744105838611,0.31144861475583735,0.13191288535010437,0.6604108472377829,-0.5221574552700705,0.5137627426001766,-8.13231121310958,-14.211206813254677,6.078895600145097,525,1.0,54,42.15344175705549,89.9229865594035
godavari_82.270_16.790,2020Q3,0.05200856969163114,0.07930459916703722,0.04806950605444281,0.2870701583690819,0.12294853207131654,0.6960915954520767,-0.546863235152794,0.49464757684412486,-7.378824589259169,-13.501265540129168,6.122440950869999,279,0.9998836262073781,55,23.75393701458427,50.6726110576216
godavari_82.270_16.790,2020Q4,0.06879454962748463,0.08481006673618365,0.05672503011297197,0.27881218942464575,0.09852327820249107,0.6232045507643884,-0.4849290257389122,0.4866733760707626,-7.511943530752223,-13.481770855216482,5.969827324464259,493,1.0,51,19.176565222604445,40.90802422981648
godavari_82.270_16.790,2021Q1,0.03732261934584793,0.06174815659855163,0.0375040637749225,0.2889346093228317,0.10105864852189503,0.7545868425240312,-0.631216192140776,0.49779150004517564,-8.17366961251672,-14.225197055670765,6.051527443154045,651,1.0,46,22.471665728511635,47.93723148203288
godavari_82.270_16.790,2021Q2,0.050527914404415245,0.08407468254297323,0.05169401787470184,0.29548307226580345,0.1272653084115544,0.6548155391189846,-0.5145603434366034,0.48239486914360363,-8.076020248184912,-14.24259018888802,6.166569940703107,504,1.0,59,21.503281702197032,45.87144562557777
godavari_82.270_16.790,2021Q3,0.06915135805634141,0.09253230037659167,0.06161676984723513,0.26720011557380546,0.12114047179045051,0.6110609749434686,-0.46883909638851123,0.448954184574895,-7.426858751480012,-13.36516023931923,5.938301487839219,314,0.997672524147562,55,22.8892469542572,48.828028280230086
godavari_82.270_16.790,2021Q4,0.04162915576122181,0.06880135605169894,0.03930726923604825,0.29520421029364047,0.10658225357512599,0.7552942496653997,-0.6082599477296403,0.5100763966761118,-7.612771863181983,-13.533673306854386,5.920901443672403,501,1.0,50,29.269533780493894,62.43864754656298
godavari_82.270_16.790,2022Q1,0.0655839149388555,0.08424007796231509,0.05568247110975076,0.28732436473195744,0.11086195033351352,0.6567486389022463,-0.5249408236995157,0.4967786497437046,-7.994753372329684,-14.20870961502545,6.213956242695766,646,1.0,54,19.2077243761667,40.974493870970086
godavari_82.270_16.790,2022Q2,0.02608730351653334,0.06390373447488433,0.039474713312098515,0.2741265127294808,0.13080510314656774,0.7400635565178565,-0.6155928490519977,0.4378657507113307,-8.211753872095764,-14.209413447728297,5.997659575632532,546,1.0,50,31.65488161953063,67.52714311723132
godavari_82.270_16.790,2022Q3,0.04090603131807448,0.07250036698527448,0.03868118688536507,0.3219315451474055,0.11748432671779134,0.7799469074385312,-0.6266932959283522,0.5677720850886064,-7.642801345329837,-13.776006597416181,6.133205252086344,347,1.0,49,28.730370298429317,61.28848783171836
godavari_82.270_16.790,2022Q4,0.03036691069263621,0.06085143798495287,0.028973146766485932,0.3177289250372588,0.10035536630953935,0.8245037042083427,-0.6759748136601271,0.5647906113254101,-7.808861732893682,-13.983537996001129,6.174676263107447,495,1.0,50,17.548816468226285,37.435661754514356
godavari_82.270_16.790,2023Q1,0.04826284355171965,0.06837632187926422,0.043817082692081274,0.2777842196455618,0.10690383284916044,0.7189989516041426,-0.5930351117116747,0.49370923633812847,-8.018133104965765,-14.16475576781869,6.146622662852925,681,1.0,51,30.642900897507552,65.36835548159003
godavari_82.270_16.790,2023Q2,0.033947837975181305,0.0717731999279685,0.04192904156592244,0.30290846762166573,0.12856451342421393,0.7533106108601888,-0.622619827043006,0.5127734680247152,-8.32005900184442,-14.37338598533791,6.0533269834934895,509,1.0,54,28.04523058114794,59.82692723262222
godavari_82.270_16.790,2023Q3,0.02461303136065429,0.06830930142360449,0.039400820173702916,0.3128806893117766,0.12739168243392118,0.7726192037724036,-0.6415422461689606,0.5001907484012533,-7.84180057664212,-14.142150991595484,6.300350414953364,357,1.0,51,29.61607099741262,63.17789113381053
godavari_82.270_16.790,2023Q4,0.048624890621806915,0.0742593043551748,0.04703661888684211,0.3037449315550595,0.11327352097956889,0.7318270431774206,-0.6068061617915141,0.529486311433781,-7.88643652985717,-14.108258851071708,6.221822321214538,574,1.0,46,22.328347109955438,47.63149990537024
godavari_82.270_16.790,2024Q1,0.0433312119592141,0.06666635643246012,0.04301327552684835,0.28990018430077047,0.11205047050557278,0.7185734012458899,-0.5983743754150931,0.5000724836981812,-8.048801628290267,-14.2173799340666,6.168578305776332,680,1.0,48,37.526568910483505,80.05280259691072
godavari_82.270_16.790,2024Q2,0.021188355708113907,0.05542242089487695,0.031570166386577135,0.2757184610746856,0.12384722016653402,0.7867559293075664,-0.6604501624800242,0.46801921094667787,-8.266817489467089,-14.162350275968672,5.895532786501583,513,1.0,40,39.0900775126516,83.38812605231377
godavari_82.270_16.790,2024Q3,0.04605967940274634,0.07879388932368336,0.04969849258024683,0.3223486446548562,0.1343343146369876,0.7288884059152099,-0.6014428642834556,0.5309585216510657,-7.61815548943649,-13.739549283908332,6.1213937944718415,242,1.0,49,30.458619484333273,64.97524084256428
godavari_82.270_16.790,2024Q4,0.01977967043762757,0.053590187919361966,0.02456522755796622,0.33005433757995883,0.10548793485155594,0.8555529987171117,-0.7159261272198867,0.5668141521309021,-7.752235973072584,-13.995215436560912,6.242979463488328,443,1.0,52,30.611164680436154,65.30065483124682
godavari_82.270_16.790,2025Q1,0.03763712356249106,0.0647803696025155,0.03587770845279925,0.3155456859265321,0.10691517154709328,0.7855535744048162,-0.6478951389560317,0.554269335123298,-7.814580859911372,-14.143257042944239,6.328676183032867,653,1.0,51,40.803863858101636,87.04402649801817
godavari_82.270_16.790,2025Q2,0.02843013045558232,0.07051282044887351,0.037478181803169315,0.3270537558943089,0.12393902794096827,0.7932214069194097,-0.6497470854051565,0.5459558700580779,-7.817133205828348,-13.770302193834523,5.9531689880061744,685,1.0,54,23.653908561138127,50.459227359876685
godavari_82.270_16.790,2025Q3,0.028311893936219516,0.06495588256501617,0.038267247591132134,0.31163260345194305,0.12819099567533376,0.7713472347429264,-0.6424094652887171,0.5011962830180382,-7.480442937811226,-13.708448089566375,6.2280051517551485,387,1.0,52,39.697792992844875,84.68452294612648
godavari_82.270_16.790,2025Q4,0.04338016754072519,0.06886542812469343,0.03978376138603371,0.3158201589968749,0.11033751676044963,0.774572644872464,-0.6379344206331935,0.5520348076177413,-7.351802910162024,-13.403997278517814,6.0521943683557895,638,1.0,54,28.70573046462386,61.23592539904954
godavari_82.270_16.790,2026Q1,0.06584009480320467,0.08557521925402943,0.05807461884897836,0.2661412943527277,0.1171863987518441,0.6453308434345212,-0.5213920026080521,0.45482811777131,-8.079399962811536,-13.977274958050607,5.897874995239071,739,1.0,55,23.44126098431781,50.00560116957629
godavari_82.270_16.790,2026Q2,0.056869262824498494,0.08562029140248628,0.06059766743936142,0.26891630986700493,0.14396807697770192,0.6396106620119847,-0.5233958426230313,0.42294396117591615,-8.23693532090662,-14.038344922801434,5.8014096018948145,696,1.0,54,22.478533436548013,47.95188188284732
godavari_82.270_16.790,2026Q3,0.04667809638692619,0.08306999906539475,0.04791233338262402,0.34642215774293167,0.136387487749229,0.749361757862034,-0.605083660954473,0.5819986666417457,-7.958613977689199,-14.199609432546303,6.240995454857105,408,1.0,50,35.54037791557056,75.81580038083258
godavari_82.270_16.820,2019Q2,0.0596583457245801,0.08368167171497345,0.05551621780565311,0.302838998369995,0.13731335458107716,0.6694016746021707,-0.5417804004823691,0.5026936317850736,-7.896708541341844,-13.997956542843685,6.101248001501841,597,1.0,68,50.17193304975225,107.02827273972298
godavari_82.270_16.820,2019Q3,0.039706356574600365,0.06800721089389458,0.03947414540562623,0.2945820879921095,0.1327914205193221,0.7556912433030998,-0.6148323639660597,0.5001682302293039,-7.583893150281491,-13.821469279807308,6.237576129525817,382,1.0,62,39.893916227881085,85.10289891480276
godavari_82.270_16.820,2019Q4,0.062404401790677445,0.08038927902786751,0.04640921769595051,0.31240058773753104,0.11410161140962403,0.7234012294917972,-0.567402228746887,0.5713504057726234,-7.706075831969402,-13.893827805933265,6.187751973963863,541,1.0,153,22.588101844217007,48.18561649713905
godavari_82.270_16.820,2020Q1,0.06293115706416148,0.08459457985757188,0.049579842878401385,0.3382888798101381,0.1232326196736761,0.7348757281841194,-0.5865147713049123,0.597159146129278,-7.719011328546188,-14.136160503138019,6.417149174591831,718,1.0,75,24.351284099145158,51.94688977881943
godavari_82.270_16.820,2020Q2,0.06876943248843738,0.09686369698057277,0.05997462464302817,0.36179239781866673,0.14397779393935067,0.7041559862607834,-0.559611917725874,0.6108009834592436,-7.587694212717771,-13.707215140951103,6.119520928233332,525,1.0,54,50.10238582205861,106.8799125071901
godavari_82.270_16.820,2020Q3,0.06717031330157891,0.09206801235930984,0.059308650697626364,0.30060426929125994,0.1474918822951283,0.69799885026508,-0.5478804037288919,0.5210795000243805,-6.9389067065164545,-13.135047171819604,6.1961404653031495,279,1.0,55,50.17513026399841,107.03509313306934
godavari_82.270_16.820,2020Q4,0.07119611533623392,0.08936838720774434,0.0570172511624831,0.28142799852911676,0.11088648299724521,0.6665446664947619,-0.5219494258220694,0.5049683701398544,-7.192526354265859,-13.167792795365944,5.975266441100085,493,1.0,51,21.47450162646123,45.810051104615894
godavari_82.270_16.820,2021Q1,0.0355717104211493,0.06049020746895441,0.03384227305815213,0.29554758244333057,0.10680025886331035,0.7891414810351753,-0.6559963081041337,0.5284409950224234,-7.7194963441728595,-13.864902131425211,6.1454057872523515,651,1.0,46,44.58212745745613,95.10393175606914
godavari_82.270_16.820,2021Q2,0.055969508340667294,0.08601461116655737,0.052664287614716844,0.30440177153268827,0.1388823128778136,0.6996192138119661,-0.5574413473988732,0.5098093426089787,-7.7231638083674685,-13.911953399420852,6.188789591053384,504,1.0,59,50.81574964126659,108.40168160723914
godavari_82.270_16.820,2021Q3,0.06247003803300773,0.0883938737076097,0.055923468001111344,0.2931951010025191,0.1382278543221934,0.6796190229388218,-0.5339298418080239,0.5041868904312051,-7.290298470508867,-13.281461831306572,5.991163360797705,314,1.0,55,55.34053894268261,118.05409788869885
godavari_82.270_16.820,2021Q4,0.031587328086468656,0.05763174138646085,0.02920903596451311,0.2734773435440617,0.1121999745968045,0.8014849758195811,-0.641892306605284,0.4988127173343122,-7.4722366223348216,-13.568801456363628,6.096564834028807,501,1.0,50,36.49991793737058,77.86271994153705
godavari_82.270_16.820,2022Q1,0.04605751900666723,0.06745231937436903,0.04045825692185095,0.28942305866817597,0.11244327902519367,0.7325382952836775,-0.6001942497443696,0.5160533704268926,-7.5855999045725415,-13.87495740978596,6.2893575052134185,646,1.0,54,32.40024111258336,69.1171663485962
godavari_82.270_16.820,2022Q2,0.028684769126996967,0.06633659390089354,0.040113159928388396,0.3027073300582604,0.13637730299286555,0.7461944379364752,-0.6237014584581353,0.4982430978410332,-7.821368178825756,-13.872795894582485,6.051427715756729,546,1.0,50,33.68247229127314,71.85246036591262
godavari_82.270_16.820,2022Q3,0.03958240939826955,0.07033684127675657,0.03736705029797433,0.31388640435192466,0.12550557400774418,0.787150899859489,-0.6330245837511631,0.5553940591450774,-7.393488226767431,-13.580666093682765,6.187177866915334,347,1.0,49,30.994679046687093,66.11877918276431
godavari_82.270_16.820,2022Q4,0.025793095935396113,0.05563727482755615,0.023218703653420672,0.31144869999337105,0.10891852020684821,0.8602488087764258,-0.6949650527220075,0.5729896681592322,-7.602349636318228,-13.818640172658954,6.216290536340726,495,1.0,50,21.372513189423287,45.592486311073436
godavari_82.270_16.820,2023Q1,0.04692751953128357,0.06600340343610214,0.04181663636355111,0.2651281194429199,0.11308071698980829,0.7156128995782772,-0.5834312598950531,0.4855511303440947,-7.748286722351284,-13.904563921476797,6.156277199125513,681,1.0,51,40.995902183018586,87.45368841388074
godavari_82.270_16.820,2023Q2,0.03883951916065036,0.07318067218724583,0.042244682483431946,0.32345451772985495,0.1378362159188382,0.7691405932561088,-0.6335647649152361,0.5502387539215893,-8.055855779068503,-14.18285995143931,6.127004172370807,509,1.0,54,37.77067597478637,80.57353910969354
godavari_82.270_16.820,2023Q3,0.020802436855863325,0.062209296264462456,0.03457428863978719,0.2988136824210923,0.13115184129603435,0.7897624732798245,-0.6615208492166561,0.5082374354580677,-7.648355045382285,-13.978352193866197,6.329997148483912,357,1.0,51,42.29773307754841,90.2307931330186
godavari_82.270_16.820,2023Q4,0.042564410815260155,0.06591668225128054,0.03780098801065971,0.3034491193901286,0.11970759215590694,0.7785201228284364,-0.6411433402790899,0.5261510331556747,-7.790016937584974,-14.054226475861197,6.264209538276224,574,1.0,46,33.92205784134186,72.3635514488857
godavari_82.270_16.820,2024Q1,0.040189053265467525,0.0627127552001134,0.03931353367789938,0.2581255858702533,0.11778113907365254,0.7271841344489861,-0.6029525982091657,0.4558612778082119,-7.863049382528082,-14.053195854854152,6.19014647232607,680,1.0,48,32.014142680718564,68.29352959078926
godavari_82.270_16.820,2024Q2,0.027055413069878784,0.06110220716594423,0.03234357271630712,0.30149847341304353,0.12571253523842163,0.8030729519261696,-0.6594431085988712,0.5209546383911647,-8.027216380053785,-14.037508100443825,6.01029172039004,513,1.0,40,33.88857337937914,72.29212139009297
godavari_82.270_16.820,2024Q3,0.045068013273444875,0.07507792856991939,0.04338995187612161,0.3176396327332674,0.13493886046144368,0.7567148609528055,-0.614097667102656,0.5415576749172765,-7.5214907402028155,-13.628299438484019,6.1068086982812035,242,1.0,49,39.057451934709206,83.31852819067971
godavari_82.270_16.820,2024Q4,0.01579576108422196,0.050156655715948295,0.021644578008277914,0.31089141092434786,0.11262462792939565,0.868304992077524,-0.723488071738061,0.5441390838379181,-7.616884738541943,-13.901158333393361,6.284273594851419,443,1.0,52,30.919870875164154,65.95919614702642
godavari_82.270_16.820,2025Q1,0.04043635742894879,0.06609875905382552,0.03617961687391895,0.3019345911998162,0.10893551980374676,0.7799771001739502,-0.6345764428218467,0.542929627260222,-7.392259089776755,-13.920864528694192,6.528605438917437,653,1.0,51,36.170932930147245,77.160919254578
godavari_82.270_16.820,2025Q2,0.032047834522631824,0.07464147600695,0.03762545932881646,0.3241833090811873,0.1320230661140452,0.7873663864432092,-0.6427233112174409,0.5476853547113151,-7.488963606935588,-13.642538639962979,6.153575033027391,685,1.0,54,25.169081917966835,53.6914406198644
godavari_82.270_16.820,2025Q3,0.03095546105066076,0.06836251338091152,0.04000967452270858,0.3039069621098167,0.13545787439861168,0.750673269211748,-0.6176093943938641,0.49156020568070574,-7.391848395454668,-13.75556197128256,6.363713575827893,387,1.0,52,33.7461313313437,71.98825973996232
godavari_82.270_16.820,2025Q4,0.04398510754917938,0.07078244097783354,0.040368190433858024,0.2959229260288439,0.11800944735777362,0.764730909022636,-0.6221526331596432,0.5283199254754649,-7.347293452984458,-13.634383459022379,6.287090006037921,638,1.0,54,23.959235281290493,51.110559479107316
godavari_82.270_16.820,2026Q1,0.05421729521681635,0.07931033532542438,0.05086538129384883,0.2820331692997274,0.11654866001420244,0.6818831951393912,-0.5425780099009138,0.49335976957007915,-7.651665062191273,-13.82407882768419,6.172413765492917,739,1.0,55,22.01116476587548,46.95487701350856
godavari_82.270_16.820,2026Q2,0.06928239984885788,0.09767693727777303,0.0640327028280583,0.30178160344552085,0.15108111877071562,0.6624884954685972,-0.5290332405955165,0.48196891673200615,-8.009273256057885,-14.040254842949409,6.030981586891524,696,1.0,54,33.49132660539665,71.4447026544303
godavari_82.270_16.820,2026Q3,0.04961234100639507,0.0804598264486201,0.04754780925961777,0.32147570497234046,0.13653486424495695,0.7375543013922998,-0.5937308480658926,0.5451214321606657,-7.796943470541554,-14.042316863113227,6.245373392571673,408,1.0,50,35.69460619044856,76.14480476365058
godavari_82.280_16.640,2019Q2,0.073715802933123,0.09772771714549297,0.0741635804273144,0.2623014360329771,0.14347625307513134,0.5428191939668235,-0.4450197106671722,0.39278895046712187,-8.42818039770384,-14.099687924716275,5.671507527012434,597,1.0257264868242892,68,16.2352933784543,34.63361489372007
godavari_82.280_16.640,2019Q3,0.04687207565022673,0.08003132780030171,0.05363755961419068,0.28457239925032635,0.11323266724319031,0.671587771736788,-0.5510506057307449,0.44010653927181703,-7.686464134626664,-13.577236958548609,5.890772823921945,382,1.0257264868242892,62,15.640164845539378,33.364068853449965
godavari_82.280_16.640,2019Q4,0.06115620517522518,0.08223531022829346,0.04916228903160582,0.28746481285663145,0.09911508780891867,0.6938777549272842,-0.5490611507952796,0.507105132767517,-7.7369726941363375,-13.75424735244467,6.017274658308333,541,1.0257264868242892,153,16.819791619960256,35.88048407744782
godavari_82.280_16.640,2020Q1,0.06760329647196182,0.08695316548750064,0.05675969766154053,0.2881164675740246,0.11125027033601002,0.665873426861227,-0.534709059912748,0.49239570025397716,-8.213660561256008,-14.265299335778156,6.051638774522148,718,1.0257264868242892,75,18.445545898779223,39.3485918776528
godavari_82.280_16.640,2020Q2,0.05229718440759702,0.08278150386545322,0.05528988262807417,0.29877928498596074,0.13254594422407873,0.6647573551708359,-0.5418001161475439,0.4803524498947288,-8.023558383780808,-13.888004749405454,5.864446365624646,525,1.0257264868242892,54,32.931484562592786,70.2504308134598
godavari_82.280_16.640,2020Q3,0.06160482860204706,0.09112248976433533,0.05929268381515914,0.28711114518670344,0.11222990000036313,0.66142128696477,-0.5171334557332743,0.4809048499241492,-7.364456833773793,-13.386420111910438,6.021963278136645,279,1.0246849286532653,55,14.792600747139096,31.556019691819532
godavari_82.280_16.640,2020Q4,0.07623283736073341,0.09231326544920924,0.06034823606122804,0.29035150921470665,0.0945868398359983,0.6323616029447414,-0.4925412838499513,0.5180154071684124,-7.321697516734633,-13.298616760855857,5.976919244121224,493,1.0257264868242892,51,18.11065825099826,38.63419950077702
godavari_82.280_16.640,2021Q1,0.03277828219711813,0.056380718777961567,0.033433941246436075,0.288816673781674,0.09305367619969634,0.7815459920668881,-0.6630127998490187,0.5086203554768134,-8.260129499507972,-14.163990104870049,5.903860605362077,651,1.0257264868242892,46,14.049203068348707,29.970181461493514
godavari_82.280_16.640,2021Q2,0.04612192268822857,0.07835504037421805,0.049208729599335505,0.3054497122568801,0.12341981260491044,0.7034964164226141,-0.5769041877886084,0.4922371221495219,-8.17587388420974,-14.023431502701087,5.847557618491347,504,1.0257264868242892,59,19.581637753191906,41.77213710424157
godavari_82.280_16.640,2021Q3,0.08341694652089096,0.11004595317180456,0.0759109797895094,0.3125765754171596,0.12897142470882259,0.6096999984175783,-0.47760229420638506,0.523145516967185,-7.436848680067816,-13.195491823569299,5.758643143501483,314,1.0249973961045724,55,20.38092215317548,43.477194564818525
godavari_82.280_16.640,2021Q4,0.04251850308971182,0.06921889354517417,0.037031145537904354,0.3140156044794654,0.09614246668531612,0.7846777390245601,-0.6378428094763509,0.5540494628779851,-7.4553234397250705,-13.43061909690794,5.975295657182869,501,1.0257264868242892,50,16.02173805140167,34.178052263391585
godavari_82.280_16.640,2022Q1,0.04154889683222449,0.06457218497959932,0.0362956393696953,0.31328005017413646,0.09470867965120927,0.7872228792235998,-0.6511050033462739,0.5577990365731835,-8.356936162072637,-14.288025946640008,5.931089784567371,646,1.0257264868242892,54,16.915329362677564,36.08428805634466
godavari_82.280_16.640,2022Q2,0.015182318950334108,0.05841134821585714,0.03266182997334455,0.31985843304079126,0.12355772811615659,0.8085018410033924,-0.688530988230119,0.5154498935149031,-8.189733857788896,-14.01773923102617,5.828005373237273,546,1.0257264868242892,50,38.77555572177734,82.71717873236707
godavari_82.280_16.640,2022Q3,0.04870192056763193,0.08484035581661305,0.05565457774463565,0.32841285441118934,0.11092568809623242,0.6976595874231223,-0.5768051145334824,0.5160667557371404,-7.546845736595702,-13.494329806768484,5.947484070172782,347,1.02489324028747,49,14.553428351844131,31.045809963004455
godavari_82.280_16.640,2022Q4,0.026625647228082645,0.054720538622288255,0.025333660652299177,0.3461602405143192,0.09058412301595145,0.8557993726166006,-0.7171064968126207,0.6118406281164275,-7.813562203573049,-13.815957881517082,6.002395677944033,495,1.0257264868242892,50,16.433974077271138,35.057446520857106
godavari_82.280_16.640,2023Q1,0.045371726890175906,0.06642285855480762,0.04001545409471818,0.3048790529080662,0.09407518244064936,0.7608989131954801,-0.6328016191977225,0.5405112021134272,-8.471578671534116,-14.29066840716498,5.819089735630863,681,1.0257264868242892,51,17.496951638710648,37.325022144246724
godavari_82.280_16.640,2023Q2,0.032392809509317784,0.0707831103320918,0.04097498676576167,0.3263552737831985,0.12473190243833908,0.7620387909092238,-0.6320827272962439,0.5347886318168484,-8.24239092517659,-14.064590769135457,5.822199843958867,509,1.0257264868242892,54,26.68033113384671,56.91528278465582
godavari_82.280_16.640,2023Q3,0.03304144499469799,0.0644156308702693,0.03643284846420978,0.3013661638281196,0.11622505145000918,0.7806263164888096,-0.6410111107086359,0.5050783322297641,-7.706108012246919,-13.578598691507715,5.872490679260795,357,1.0257264868242892,51,36.095589902753936,77.00019524825179
godavari_82.280_16.640,2023Q4,0.0575866358951275,0.07925748436114982,0.049588402608735656,0.3120509610163563,0.10636111875441204,0.7153743492092031,-0.5816154461140979,0.5514254443337422,-7.907948494658709,-13.821380835295985,5.913432340637276,574,1.0257264868242892,46,18.057364244086155,38.52051112641191
godavari_82.280_16.640,2024Q1,0.0571730999160533,0.08049335652452193,0.05264700066696469,0.3138568152650977,0.10904126995816792,0.6984792186321566,-0.5724112337906118,0.5359684444672511,-8.314654284949277,-14.199592451245561,5.884938166296283,680,1.0257264868242892,48,17.021908018593805,36.31164484250487
godavari_82.280_16.640,2024Q2,0.01931682448531571,0.05792678020531683,0.030771353297234676,0.30382647563660053,0.12097935827518792,0.8088852053738806,-0.6756666114949199,0.5083620123071281,-8.209252987610817,-14.008527324123765,5.799274336512948,513,1.0257264868242892,40,34.3558972001642,73.28903058430627
godavari_82.280_16.640,2024Q3,0.05536560344720278,0.08747181681871122,0.06040361279804211,0.32477337450438887,0.12469850932271145,0.714291623162454,-0.5975794625365572,0.5221922436370647,-7.580750840064296,-13.54988501056,5.969134170495705,242,1.0257264868242892,49,24.91543789477557,53.150359580272095
godavari_82.280_16.640,2024Q4,0.02970476057175106,0.059152825529548723,0.029889337721875752,0.3348918976068545,0.09897110460618681,0.8329069838278955,-0.6894225123418896,0.5870846039675934,-7.817661236019065,-13.826336384613656,6.008675148594591,443,1.0257264868242892,52,15.509925031987047,33.086237375985725
godavari_82.280_16.640,2025Q1,0.043085992615269096,0.06816128209575771,0.03855045569391345,0.31448398835414526,0.09920484375027523,0.7750178916473163,-0.6391134942087788,0.5604332990884097,-8.328551663702479,-14.310550070445608,5.981998406743129,653,1.0257264868242892,51,21.923679428668724,46.768250667618986
godavari_82.280_16.640,2025Q2,0.02390959155989617,0.06677297045040619,0.036871684025100056,0.3286515842412029,0.12226428535712637,0.7957493028391562,-0.6603612042201598,0.545719062082832,-8.182982206317014,-13.948918268832823,5.765936062515809,685,1.0257264868242892,54,25.610344877743085,54.63275600354788
godavari_82.280_16.640,2025Q3,0.02215544092647221,0.0714199987472798,0.041751125403794,0.3332456411637095,0.11448436061261334,0.7758644952060308,-0.6552819673477953,0.5203086096058628,-7.710902119741513,-13.72125626236377,6.0103541426222575,387,1.0257264868242892,52,23.409109451247353,49.937014554684396
godavari_82.280_16.640,2025Q4,0.05016062097446284,0.07629327594961248,0.04664193125409118,0.33695987451501974,0.10268655454229864,0.7517742116986769,-0.6239514431339311,0.5864601552571486,-7.73244772036329,-13.667360713984491,5.934912993621201,638,1.0257264868242892,54,17.85210797303262,38.08265229131237
godavari_82.280_16.640,2026Q1,0.04831081305560868,0.07100408948955564,0.0421377642575727,0.3129024786650815,0.09843914588518524,0.7570323104780224,-0.623055977767166,0.55679306057222,-8.475097088443345,-14.30183875060848,5.826741662165135,739,1.0257264868242892,55,18.064715353219757,38.53619273294898
godavari_82.280_16.640,2026Q2,0.05993905029932748,0.0915851979764738,0.058394518608008934,0.3315998734607671,0.1296814487347613,0.6951488755009516,-0.5652631566090237,0.5413071857644681,-8.252671145413057,-13.994096738873662,5.741425593460605,696,1.0257264868242892,54,22.269827674774792,47.50666449065983
godavari_82.280_16.640,2026Q3,0.043501716768137064,0.07786235210936175,0.047571093018088526,0.31651258866997733,0.12002751874865347,0.7373666458274063,-0.6001948520496734,0.5182401599103524,-7.792615570483159,-13.701077656778669,5.9084620862955095,408,1.0257264868242892,50,20.84082825897813,44.458280066899924
godavari_82.280_16.780,2019Q2,0.06844758858827686,0.09184257329184346,0.0691128963096405,0.24743437982709635,0.12739277866006454,0.5330416740652897,-0.42651503379594075,0.3722802835331497,-8.334369244792017,-14.321843150118676,5.9874739053266595,597,1.031069531069531,68,14.829958359843955,31.63571207196993
godavari_82.280_16.780,2019Q3,0.05043969907475781,0.08476667460581154,0.05961069325397603,0.2789734289701908,0.11721216957647958,0.634033718265624,-0.5190140390978109,0.4183903050524312,-7.931711107307247,-14.139861224059997,6.20815011675275,382,1.0308385308385308,62,16.20755514521046,34.57444286241731
godavari_82.280_16.780,2019Q4,0.08461319804360974,0.09840133335985206,0.07023536072294706,0.2502411747176586,0.09520160476027034,0.5352809459944873,-0.4057700350872483,0.4090391759947025,-7.8283964135899655,-14.116576394707646,6.288179981117681,541,1.031069531069531,153,18.791313528320984,40.08619375802018
godavari_82.280_16.780,2020Q1,0.06756617084337517,0.0830089304176029,0.05921499228965318,0.2500406559331783,0.10652342585603833,0.5959000835152408,-0.48104456487029223,0.41972674118232267,-8.112495328675944,-14.419584160945284,6.30708883226934,718,1.031069531069531,75,13.632862538225092,29.082031352417914
godavari_82.280_16.780,2020Q2,0.06376803121918823,0.09333277258708074,0.061435400165649745,0.282965574746134,0.1238466924066921,0.6281719374796161,-0.4986169412638023,0.4520757452067094,-8.223326003028404,-14.250882507351236,6.027556504322831,525,1.031069531069531,54,19.060630566304237,40.66070894295719
godavari_82.280_16.780,2020Q3,0.054069854591585156,0.08301842013435223,0.05266724073338598,0.28166848980644377,0.11137398263642748,0.6647716942351259,-0.5258619879157734,0.4766638034993398,-7.582570722974333,-13.800705207554998,6.2181344845806645,279,1.03003003003003,55,14.776659777670504,31.522013937520047
godavari_82.280_16.780,2020Q4,0.07954127087486672,0.0958966388661823,0.06701939640609253,0.2704642422951845,0.09544072821943965,0.5761603661172807,-0.448040362095557,0.4546857201993188,-7.672851845130635,-13.678918803117002,6.006066957986366,493,1.031069531069531,51,16.886234346574657,36.02222169514346
godavari_82.280_16.780,2021Q1,0.03998275754239317,0.06358447082199763,0.04250856958243182,0.2650992206926882,0.09544445654834804,0.69931979010448,-0.5881238889055521,0.4461086094421078,-8.14344912078253,-14.258359574948694,6.114910454166164,651,1.031069531069531,46,21.922758598261563,46.76628632456951
godavari_82.280_16.780,2021Q2,0.061512707796722826,0.08996736119747877,0.05961735703136905,0.2770471965545707,0.12133618811292532,0.6318983090019404,-0.49520672544956096,0.4410747798973689,-8.16225167779635,-14.238649329093269,6.076397651296919,504,1.031069531069531,59,15.785624884297068,33.67436857192903
godavari_82.280_16.780,2021Q3,0.06884590206950358,0.09638958407621936,0.06433589277259832,0.2788368011614779,0.11510818334847396,0.5997449774797724,-0.462332084666582,0.45801208912247776,-7.700662340295301,-13.617629965674238,5.916967625378938,314,1.027027027027027,55,13.853947669441453,29.553656786882595
godavari_82.280_16.780,2021Q4,0.04691657589617228,0.07336536538100048,0.04570951721383242,0.285879070588292,0.10029348517289317,0.7051302561597655,-0.5734619970008001,0.48198468476917067,-7.6806402448966065,-13.71313581186062,6.032495566964014,501,1.031069531069531,50,16.223610866672015,34.60869340911075
godavari_82.280_16.780,2022Q1,0.05512576542647681,0.07750509262376905,0.05182384652067626,0.283549504061562,0.10743148118085662,0.6701861666850426,-0.5515212644032459,0.48042259665836945,-8.020382342158646,-14.226678421112258,6.206296078953612,646,1.031069531069531,54,17.293706411148964,36.89145332745531
godavari_82.280_16.780,2022Q2,0.028310374671968765,0.06562514673523875,0.043151127703219355,0.27050409030555145,0.12175116237056834,0.6918431054375912,-0.5756791896334622,0.4115392197054764,-8.22303534372166,-14.243275240792368,6.020239897070708,546,1.031069531069531,50,23.44205509768058,50.00729519602515
godavari_82.280_16.780,2022Q3,0.04212933182086535,0.07514737595756582,0.0446216535682725,0.3130974863307302,0.11117945195617306,0.7287034299170856,-0.593144500661269,0.5198729938337419,-7.6661836646360335,-13.878758916608117,6.212575251972083,347,1.031069531069531,49,21.061512653067265,44.92905063690268
godavari_82.280_16.780,2022Q4,0.03211934990759226,0.06167370673822143,0.03285031854499787,0.30022814117420715,0.09717910092656014,0.7879399532247443,-0.6517340618027994,0.5254914606157857,-7.817627641154205,-13.955484409142489,6.137856767988284,495,1.031069531069531,50,18.791630641960264,40.0868702343489
godavari_82.280_16.780,2023Q1,0.04679959223550798,0.06718194214854534,0.04353897516139649,0.27694581577911215,0.10022325197217992,0.7052312394171346,-0.5869822114750695,0.4850349405685682,-8.051289602326726,-14.21122966531582,6.159940062989094,681,1.031069531069531,51,24.66378845623962,52.61353344850405
godavari_82.280_16.780,2023Q2,0.03710174992177621,0.0726267951045603,0.04602837753168486,0.2781382688029089,0.12247872762555854,0.7035372923345364,-0.582242985033202,0.4563624455638829,-8.314330471435683,-14.343488544115697,6.029158072680014,509,1.031069531069531,54,25.796897659507824,55.03071599419187
godavari_82.280_16.780,2023Q3,0.02577701618356776,0.070257948926126,0.04320390642045983,0.3087142730263222,0.12283910219762914,0.7394836746330099,-0.6169376132447215,0.4773993268738405,-7.956124610773632,-14.179526696146558,6.223402085372927,357,1.031069531069531,51,26.405930301902366,56.32992269792718
godavari_82.280_16.780,2023Q4,0.051879384574487666,0.07822937500575902,0.05062909332888071,0.3039622844565457,0.11330055848701497,0.7103771742076209,-0.5901519459563797,0.5118908321158937,-7.952415538307626,-14.188143291044346,6.23572775273672,574,1.031069531069531,46,16.707950286119804,35.64190078885935
godavari_82.280_16.780,2024Q1,0.04554849495521229,0.06923935572070107,0.045756373599492556,0.275029322540312,0.10917780630214688,0.695281827888298,-0.5810477530469844,0.46876543427883527,-8.076509896370958,-14.213083037194561,6.136573140823604,680,1.031069531069531,48,26.225879747079244,55.945833452861855
godavari_82.280_16.780,2024Q2,0.023211433035890107,0.05843673709338928,0.036132196013189975,0.2532968902923657,0.12011184272294055,0.7317588954112355,-0.6163549173431958,0.4214625190180767,-8.338654817910811,-14.182879432939856,5.844224615029045,513,1.031069531069531,40,30.37276261527304,64.7920883937789
godavari_82.280_16.780,2024Q3,0.05453060725985946,0.08768600300410649,0.057399761317178256,0.32551500244325643,0.13053717308656645,0.6986350909086834,-0.5758588183603119,0.5281930563533377,-7.720059742045641,-13.916226876750205,6.196167134704564,242,1.031069531069531,49,36.55809670263224,77.98682862895618
godavari_82.280_16.780,2024Q4,0.022131274538959713,0.05401287366786434,0.0273374784700442,0.31326550240775697,0.10018751714285845,0.8207385176864112,-0.6888992413710485,0.5355524039535485,-7.90010963031765,-14.182207452575142,6.282097822257492,443,1.031069531069531,52,20.60137079745034,43.94746222624499
godavari_82.280_16.780,2025Q1,0.03897433342853645,0.06619714706446869,0.03875119476729894,0.29223370885916206,0.10210395889418854,0.7508496466951574,-0.6208066562684577,0.5084172602880376,-7.998157617670831,-14.181411078611712,6.183253460940881,653,1.031069531069531,51,22.618805409170644,48.25111426300509
godavari_82.280_16.780,2025Q2,0.030622037476452337,0.07285650796047931,0.04043074463667853,0.30875708254934736,0.11988130330840008,0.7460917512423685,-0.6089217017291747,0.5032396363685433,-7.944468475461531,-13.829096728893482,5.884628253431951,685,1.031069531069531,54,21.870276838385657,46.65433065994944
godavari_82.280_16.780,2025Q3,0.030532183285907566,0.07095955519218614,0.044792704232958225,0.3092754612923894,0.11784299030751269,0.7326710360480075,-0.6123111706324149,0.4805580419624927,-7.649026607067025,-13.913794759994449,6.264768152927424,387,1.031069531069531,52,20.848392528680538,44.47441639395719
godavari_82.280_16.780,2025Q4,0.0459823742047604,0.07218270133745792,0.044486475631130694,0.31276924562657543,0.10554665723032661,0.733168113447641,-0.6061615159314394,0.5412856538659686,-7.5985811743339005,-13.609142671744438,6.010561497410538,638,1.031069531069531,54,24.591117584257933,52.45850976426655
godavari_82.280_16.780,2026Q1,0.051704245943539597,0.07549235524181142,0.049609671374728596,0.26784144442076147,0.10463412284389519,0.6798205362587828,-0.5492967526238858,0.4745754228752682,-8.170351278304228,-14.069863076633606,5.899511798329378,739,1.031069531069531,55,19.684854442872393,41.99232204316868
godavari_82.280_16.780,2026Q2,0.05204585060385453,0.08256955776728155,0.05885806457566752,0.2613831967187225,0.13727449216176124,0.6273153917470596,-0.5210172963879384,0.4015395727030875,-8.254484574298113,-14.077105506828644,5.822620932530532,696,1.031069531069531,54,19.293381357293146,41.15721991281846
godavari_82.280_16.780,2026Q3,0.04800662789500278,0.08365402712537498,0.04991435790803637,0.339121737684198,0.12487244769697647,0.7264637942003199,-0.5866224810621102,0.5581701409174189,-7.971837647697059,-14.173457773028266,6.201620125331207,408,1.031069531069531,50,17.469576191511972,37.26662401901908
godavari_82.280_16.820,2019Q2,0.061644655424719134,0.08571353996127827,0.061578987508004515,0.2725820359318751,0.1368915762014521,0.6148560989989831,-0.505910742786549,0.438084022869177,-7.986763181359088,-13.656734543783296,5.669971362424208,597,1.018018018018018,68,32.925970038759864,70.2386670657837
godavari_82.280_16.820,2019Q3,0.041869060447082766,0.07211066080363454,0.04280167556619285,0.2950895831631896,0.12831290297236286,0.7360411240819666,-0.593439121209799,0.496525596856127,-7.581172084090875,-13.544386270972213,5.963214186881338,382,1.018018018018018,62,35.34401420898673,75.39691143103677
godavari_82.280_16.820,2019Q4,0.06477344506345666,0.08069376442896921,0.0475379827396959,0.3051358705189178,0.10747311023533657,0.715859077376921,-0.5616353131631631,0.5617419538300176,-7.599679581687724,-13.76833980763514,6.168660225947416,541,1.018018018018018,153,20.02454478543513,42.71695967263378
godavari_82.280_16.820,2020Q1,0.05838941790490677,0.07736073212400883,0.0458022729045832,0.30602331985784703,0.11162398350485349,0.7264096814600943,-0.5832267655891052,0.548547118236627,-7.767936621423827,-14.050882431023162,6.282945809599335,718,1.018018018018018,75,20.924189743468073,44.63610928645841
godavari_82.280_16.820,2020Q2,0.06119822642529249,0.08689789301728965,0.0561695999596457,0.3101941040281651,0.1318758150944231,0.6685128243262813,-0.5328385844654786,0.5123359198521104,-7.689840589256312,-13.572957466924374,5.883116877668061,525,1.018018018018018,54,49.11875896051644,104.78161017734249
godavari_82.280_16.820,2020Q3,0.047261188333319326,0.07489321837365778,0.04154915343913487,0.2961264327306096,0.12348477258859675,0.7502259783396609,-0.5900446546823911,0.530246007021963,-7.129119870193018,-13.203894233021563,6.074774362828545,279,1.018018018018018,55,25.017032091939527,53.367083369488164
godavari_82.280_16.820,2020Q4,0.06497261068869206,0.08416032824849605,0.05117254373593745,0.29032027436216934,0.10204775803717525,0.7044048910107031,-0.5493874910382979,0.527916408783901,-7.287222169984897,-13.202608617570242,5.915386447585345,493,1.018018018018018,51,19.882703084130753,42.41437870016025
godavari_82.280_16.820,2021Q1,0.03579963946081427,0.05928138145598905,0.03434053643036593,0.2840021795463936,0.10188842151472216,0.7762111932224112,-0.64796985928579,0.5111382059635758,-7.897643099142769,-13.850255068347828,5.9526119692050585,651,1.018018018018018,46,30.952792377834708,66.02942528416834
godavari_82.280_16.820,2021Q2,0.06345510571808138,0.09037606131902827,0.0580759488963719,0.2919896713386153,0.13770009789352564,0.6552870289139724,-0.5212653685979642,0.4798290443947222,-7.80556597667442,-13.607456996142053,5.801891019467633,504,1.018018018018018,59,37.553014082412965,80.1092162310258
godavari_82.280_16.820,2021Q3,0.07644735161910829,0.09497998966911923,0.06539711914708209,0.25682821754525487,0.12140844269629388,0.5715547089871483,-0.4325954601692437,0.4268800047866581,-7.362292834986704,-13.17635036156215,5.814057526575446,314,1.018018018018018,55,18.573081005873124,39.62065359415873
godavari_82.280_16.820,2021Q4,0.03187011823215854,0.05693584047065737,0.029072055914238885,0.28223646941587666,0.10476278028525944,0.7971647507092514,-0.6391551643826411,0.5173648181750855,-7.4582791501504815,-13.44629321269139,5.988014062540909,501,1.018018018018018,50,34.96904987147978,74.59702625733682
godavari_82.280_16.820,2022Q1,0.05716378771326336,0.07521188812329159,0.046813373512253745,0.2821038453709777,0.10376699780565428,0.7094405130585443,-0.568346152207918,0.5097523794399091,-7.8315923305021435,-13.908743979685777,6.077151649183634,646,1.018018018018018,54,18.893540150056815,40.3042666543057
godavari_82.280_16.820,2022Q2,0.02864511804187528,0.06520882147316892,0.037710188305749494,0.2982612463134428,0.13079649385195707,0.7625713938742608,-0.6339597040649341,0.4950287405271893,-7.803417063432865,-13.693667558961868,5.890250495529004,546,1.018018018018018,50,37.736201095343056,80.49999626261867
godavari_82.280_16.820,2022Q3,0.04121710189029151,0.07196479315036401,0.03909972809372485,0.32437170934535237,0.12473666150916629,0.7824849060776987,-0.6323658229359926,0.5681091397876218,-7.32428554584256,-13.318071435558423,5.993785889715863,347,1.018018018018018,49,31.671574024235877,67.5627518557207
godavari_82.280_16.820,2022Q4,0.02444925663965961,0.053110461274243174,0.02217288814898483,0.31957894771278517,0.10379069157477445,0.8698750302069908,-0.7155710584796344,0.5865772750444458,-7.594327026907566,-13.639085291069632,6.044758264162066,495,1.018018018018018,50,23.53837158624721,50.21276041893014
godavari_82.280_16.820,2023Q1,0.04674238205398535,0.06599745694343824,0.042585475036623154,0.27512856199145097,0.10908901539899905,0.7036603071003,-0.580905158736433,0.5051486957706163,-7.873989153067678,-13.734130670605026,5.860141517537348,681,1.018018018018018,51,39.05911908344982,83.32208460238768
godavari_82.280_16.820,2023Q2,0.03709695069407377,0.06860643728269014,0.04272847650984005,0.2910337745401173,0.1355940369589963,0.7398636537486597,-0.611865093591837,0.49418422904701687,-8.143238895396694,-13.915287463916115,5.772048568519422,509,1.018018018018018,54,36.87622691301018,78.66547353764071
godavari_82.280_16.820,2023Q3,0.016829410062670948,0.06029747635911355,0.03208954559827712,0.3124213244646129,0.12632343213354333,0.8089920097630026,-0.6759380290962332,0.5188376784590254,-7.759583590061326,-13.852183273103563,6.092599683042237,357,1.018018018018018,51,34.51418989096494,73.62670530110314
godavari_82.280_16.820,2023Q4,0.03866855146699154,0.06489148720184028,0.0359370377877834,0.31094675223549045,0.11254411128477942,0.7977434726561481,-0.6616531000775971,0.5487790665382496,-7.873580982560423,-14.006554385941328,6.132973403380905,574,1.018018018018018,46,40.55511088808129,86.51337919978164
godavari_82.280_16.820,2024Q1,0.039706778994438266,0.06109327746111599,0.036931952854333164,0.2693511249365915,0.11183427333126467,0.7581175547430484,-0.6337442389474062,0.4818221782584054,-7.917041267434286,-13.95948518139992,6.042443913965634,680,1.018018018018018,48,34.1475711824178,72.84462327346911
godavari_82.280_16.820,2024Q2,0.023986876926519185,0.05602346815186813,0.031623849864258716,0.27995082099656987,0.12126031788965959,0.7921623639160947,-0.6652206913440176,0.48442272910391415,-8.021797575578208,-13.73387970670512,5.712082131126911,513,1.018018018018018,40,35.93560753417193,76.6589160601216
godavari_82.280_16.820,2024Q3,0.044350444674164685,0.07544303421677001,0.042500806959086125,0.3335249877316265,0.13615042348805426,0.7733119828726762,-0.629743132371171,0.5699882290634783,-7.469240804068773,-13.405402784995601,5.936161980926828,242,1.018018018018018,49,37.428382536009806,79.8433484772922
godavari_82.280_16.820,2024Q4,0.01435089900422469,0.046841266223881024,0.019275443556931917,0.3187360346947547,0.10573010303394123,0.8866081049019177,-0.7481808654868696,0.5614184376014888,-7.6057238511495315,-13.795944442825633,6.190220591676101,443,1.018018018018018,52,35.44126625383468,75.60437241066775
godavari_82.280_16.820,2025Q1,0.040868128888490056,0.06414890674094133,0.03601228215276885,0.2986420810496556,0.10477962055358597,0.7762930620840519,-0.6384295705382864,0.5383187153887191,-7.667408248104405,-13.910303610131855,6.2428953620274505,653,1.018018018018018,51,32.80998471785422,69.99124369966817
godavari_82.280_16.820,2025Q2,0.031669244491066416,0.07244811784715585,0.038159702839026186,0.31275209052076086,0.12958991568255346,0.77835063817494,-0.6404092716791828,0.5274616510061448,-7.606265274375083,-13.48852244458282,5.882257170207737,685,1.018018018018018,54,24.611347812428832,52.50166549390756
godavari_82.280_16.820,2025Q3,0.029878141541934092,0.06784120113442235,0.03963125550039006,0.31236419434902757,0.12910605063669847,0.7652984891926227,-0.6415461325318139,0.5096285539792478,-7.437522851563221,-13.608433604034476,6.170910752471254,387,1.018018018018018,52,36.314984352006555,77.46821406923095
godavari_82.280_16.820,2025Q4,0.04032441909432609,0.06614607342181375,0.03771426132564367,0.3088561736117943,0.11263312869937722,0.7817364723230058,-0.6501067450116644,0.5496964159657324,-7.343923896784443,-13.44206051136595,6.098136614581507,638,1.018018018018018,54,36.261682711554535,77.35450941076948
godavari_82.280_16.820,2026Q1,0.05105344702198597,0.07242532620883774,0.04630269830869022,0.27612985484451574,0.11106688357698244,0.6979604054508786,-0.5680363432918366,0.4944679504641416,-7.864824956155156,-13.825753749010497,5.9609287928553405,739,1.018018018018018,55,32.191540096528016,68.67195908011645
godavari_82.280_16.820,2026Q2,0.07235381058024062,0.09559976718424697,0.06704081200384164,0.2745047390659101,0.1488268357601512,0.6226449393985098,-0.4995411264257351,0.43204818726335714,-7.944332794862069,-13.586677133195613,5.642344338333544,696,1.018018018018018,54,26.388483406499937,56.29270445724786
godavari_82.280_16.820,2026Q3,0.040393467497927805,0.0720774088286302,0.041322663171041864,0.3022538423429126,0.12851303133842387,0.7590503186110749,-0.614024967118695,0.5199147593719806,-7.782453761104209,-13.795361017827181,6.012907256722972,408,1.018018018018018,50,35.79636710377156,76.3618841967786
godavari_82.290_16.710,2019Q2,0.07173645749914864,0.09705596526406786,0.07909517279710392,0.27201943550641894,0.15544743609128248,0.5222950291784384,-0.44431991744447064,0.3920544617138626,-7.943157635378726,-13.966489853020128,6.023332217641403,597,1.0201065246338217,68,18.612427882320503,39.70458953140257
godavari_82.290_16.710,2019Q3,0.047222055690492586,0.08615178781832518,0.06408134362366008,0.29944700028187254,0.11879245005016606,0.6145607501278807,-0.5168823980785134,0.4194490844011453,-7.400154315248048,-13.495898845143234,6.095744529895186,382,1.0201065246338217,62,16.7730617488079,35.78079851440948
godavari_82.290_16.710,2019Q4,0.08343189323855382,0.10546825186506029,0.07194576135079617,0.32061442090997755,0.11885529725898024,0.6214247658411767,-0.48834991918498266,0.5415550955111014,-7.295864079921079,-13.66879257412548,6.3729284942044,541,1.0201065246338217,153,17.080426952874674,36.43647918868084
godavari_82.290_16.710,2020Q1,0.0626405853139481,0.08579226767984757,0.05667745149021205,0.31206734095125155,0.1264448254817321,0.6661620781465942,-0.5426568163167259,0.5213807334263153,-7.586149758222613,-13.96147105460632,6.375321296383707,718,1.0201065246338217,75,26.71192817764491,56.98268654639745
godavari_82.290_16.710,2020Q2,0.05348101846751145,0.09045879493056622,0.059206723427142484,0.3296675555564423,0.14480751174277465,0.6668912155392767,-0.5428183427915324,0.524545099410255,-7.546459099978849,-13.7136530001424,6.167193900163552,525,1.0201065246338217,54,35.82021354820409,76.41275414743541
godavari_82.290_16.710,2020Q3,0.055330209794410314,0.09238259892427168,0.056514907140971,0.3353573489841892,0.12546117447021277,0.6978971156219047,-0.5567591065619821,0.5433442623228604,-7.042458650932763,-13.246800969524003,6.20434231859124,279,1.018508655126498,55,20.031871171001956,42.73258853811651
godavari_82.290_16.710,2020Q4,0.07841884529055221,0.09594247777817991,0.06387663000681666,0.29610684428829726,0.10447306835109368,0.6266682979241889,-0.4921663002243537,0.5204231015004801,-7.076947930997814,-13.21953773076672,6.142589799768907,493,1.0201065246338217,51,19.980143707371955,42.62224196087708
godavari_82.290_16.710,2021Q1,0.041391309725970875,0.06824260445011636,0.043145430928079466,0.31294966351373904,0.11257126240412353,0.7339303116773181,-0.6199896045619574,0.5242994733335071,-7.603572541665761,-13.829928018884033,6.226355477218272,651,1.0201065246338217,46,33.11050741846598,70.63232774029419
godavari_82.290_16.710,2021Q2,0.0549521453178662,0.0909764248899064,0.057511383500620475,0.32875086827969324,0.140940402439369,0.6738400981887096,-0.5475936352877193,0.518185952298227,-7.644341627233297,-13.857265507259203,6.212923880025906,504,1.0201065246338217,59,38.51805224812254,82.16786459726245
godavari_82.290_16.710,2021Q3,0.06598818933949065,0.09832095943726532,0.06793827347163663,0.3156553787688955,0.12673488822890952,0.6180950013489434,-0.49655718779847435,0.5020116772188813,-7.242728710972118,-13.169773289508031,5.927044578535913,314,1.0201065246338217,55,22.309926820986767,47.59220519233361
godavari_82.290_16.710,2021Q4,0.035737679741195065,0.06831180642480235,0.03550119683551833,0.3275461593581109,0.10759346087516572,0.7904100596732403,-0.6434059799497065,0.5595650499647041,-7.153465978740513,-13.322720278186138,6.169254299445624,501,1.0201065246338217,50,30.12359845824846,64.26056393908937
godavari_82.290_16.710,2022Q1,0.0504919420452013,0.07512074305400189,0.046825963276119494,0.33241919919186996,0.11442122730884008,0.7241972245885272,-0.6028181356422152,0.5616558646524469,-7.740240103305933,-13.975476541863243,6.23523643855731,646,1.0201065246338217,54,28.884443210104315,61.61716078909083
godavari_82.290_16.710,2022Q2,0.02547152162583022,0.0736697107290493,0.041799394531340225,0.3530486279038088,0.14490902657003957,0.7587801209380338,-0.6269044615288089,0.5386832246235463,-7.773016441256296,-13.847006521343218,6.073990080086922,546,1.0201065246338217,50,24.424676117447767,52.103451834023105
godavari_82.290_16.710,2022Q3,0.04599498202109714,0.08364318772826364,0.05306782535228358,0.3341155096343999,0.11534695542095003,0.7122477295792515,-0.5859499110921569,0.5312356857591954,-7.379905309423184,-13.47340000545794,6.093494696034756,347,1.0201065246338217,49,15.52661500557142,33.121840928335125
godavari_82.290_16.710,2022Q4,0.037647255481294446,0.06984452391842698,0.03557981280561446,0.3662449980367762,0.11075148226910525,0.8049645832673166,-0.66406766713871,0.614615640634773,-7.498459746939552,-13.73020815992315,6.231748412983597,495,1.0201065246338217,50,21.907992150417332,46.734786095034764
godavari_82.290_16.710,2023Q1,0.04720754957578526,0.07071945824413439,0.044005353633520206,0.3236652950867261,0.11064305028883815,0.7381533998981349,-0.6173553244158783,0.5597597035846661,-7.791080126133299,-13.961190406001535,6.1701102798682355,681,1.0201065246338217,51,22.420029709973186,47.82707997820609
godavari_82.290_16.710,2023Q2,0.028959755002404934,0.0704267620228203,0.03987185729381341,0.34784200565927326,0.14062004154550406,0.7708472628969588,-0.6378952512104213,0.5604981109907166,-7.911576537888379,-13.897642554974276,5.986066017085896,509,1.0201065246338217,54,24.573748795031143,52.421458142024285
godavari_82.290_16.710,2023Q3,0.037378692701522234,0.07082497190663123,0.04188188716187567,0.32254461156665715,0.12440596951118649,0.7606736843591759,-0.6248179748763752,0.5284086595194694,-7.529130351411183,-13.70975212024991,6.180621768838726,357,1.0201065246338217,51,30.824151371702065,65.755004430656
godavari_82.290_16.710,2023Q4,0.06487373623440407,0.09002255075161901,0.05842422888756194,0.3524139753689439,0.12214525827510304,0.7019229125942559,-0.5791477905187933,0.5915657063022588,-7.525686498828095,-13.848538137360215,6.3228516385321205,574,1.0201065246338217,46,23.802228737006956,50.77562840864535
godavari_82.290_16.710,2024Q1,0.05460357402395841,0.08114788672052704,0.054586050050430275,0.3335931020462861,0.12439311488659162,0.6988821114508332,-0.5881393064943558,0.5474228272621844,-7.669537808823527,-13.842187177186096,6.172649368362569,680,1.0201065246338217,48,23.169730994835437,49.4263652501128
godavari_82.290_16.710,2024Q2,0.016336007245543915,0.0589064984427173,0.03059523184396284,0.3162644006492288,0.13953646667029743,0.8099006701525224,-0.6769255643612025,0.5159405928098134,-7.935127428832724,-13.95402357903162,6.018896150198897,513,1.0201065246338217,40,38.366895671868484,81.8454128541
godavari_82.290_16.710,2024Q3,0.031180920557916054,0.07214587233463587,0.04435707806812902,0.3325244896104456,0.12268072360853487,0.7572862905902294,-0.6353731435952585,0.5218584286245574,-7.227237564844384,-13.468900708915935,6.241663144071551,242,0.996537949400799,49,26.54975224309885,56.63672797754577
godavari_82.290_16.710,2024Q4,0.0278362144429467,0.062407188726852685,0.030072946580618133,0.3619287988903817,0.11117966426660837,0.8375438731608096,-0.6935821087537689,0.6116657831597138,-7.3891565134564265,-13.697678541518933,6.308522028062506,443,1.0201065246338217,52,15.681904445649073,33.453109020591974
godavari_82.290_16.710,2025Q1,0.03952216071002915,0.06785845618269694,0.039594837073059955,0.3221302795220624,0.11578523845541873,0.7655409717329325,-0.6374787476548947,0.5554713075878643,-7.621341343579341,-13.998405197397743,6.3770638538184015,653,1.0201065246338217,51,35.29160607725293,75.28511283217827
godavari_82.290_16.710,2025Q2,0.02606580953267155,0.07103136000371227,0.037945734406003184,0.34804495204154734,0.14102551614216235,0.7930577651855073,-0.6522682963271426,0.5613824375492554,-7.696500524899305,-13.739116158897787,6.042615633998482,685,1.0201065246338217,54,22.51423063282972,48.028032212871345
godavari_82.290_16.710,2025Q3,0.02508324709346842,0.0772369778055292,0.04752579502475249,0.35737234636706394,0.12756311308176027,0.7637682776431247,-0.6490159053727289,0.5283321416234427,-7.32816200492336,-13.666083055941344,6.337921051017984,387,1.0201065246338217,52,25.086205516919883,53.514646194859004
godavari_82.290_16.710,2025Q4,0.044043368883621536,0.0741665904628886,0.04344339704239852,0.36120724984418245,0.11519254715318461,0.7769877445980882,-0.6491241882774856,0.6176596728613885,-7.281376362124271,-13.584770504670331,6.30339414254606,638,1.0201065246338217,54,27.773074119591218,59.24635490413558
godavari_82.290_16.710,2026Q1,0.04602009544092284,0.07416993580958806,0.045283173514964754,0.3357023178557454,0.11828349303646711,0.7473435356059979,-0.6209073968192771,0.5697285623553306,-7.653612873802254,-13.909736519718642,6.256123645916388,739,1.0201065246338217,55,21.695660063859005,46.28183291802595
godavari_82.290_16.710,2026Q2,0.05833723627277634,0.09456252127027313,0.05782031433585377,0.3509619252322926,0.14697770838904364,0.7115726562439592,-0.5758787034851288,0.5621393167589859,-7.8491242636869,-13.96997556104341,6.120851297356511,696,1.0201065246338217,54,39.313254599348916,83.8642141089691
godavari_82.290_16.710,2026Q3,0.03870594881195612,0.08114813391469648,0.04958157043074627,0.3365674956232373,0.13513840141340583,0.7404811876564803,-0.6073081094386605,0.5381388550269025,-7.478273448915951,-13.855038352090807,6.3767649031748554,408,1.0201065246338217,50,27.424741044383662,58.503280338110564
godavari_82.290_16.750,2019Q2,0.06429470750040125,0.08920591718325263,0.07710407632269285,0.23343565642225636,0.14245368508623418,0.4670829395815366,-0.417474510713867,0.3139432406295509,-8.310879379216459,-14.752369693136364,6.441490313919905,597,1.0202188392007612,68,15.025267926166034,32.05235229813517
godavari_82.290_16.750,2019Q3,0.053752060286496525,0.08770396979260432,0.06997527952916874,0.24931229324352594,0.10925384955874165,0.5377743914689282,-0.4566045040867446,0.33886150335294796,-7.745011830575925,-14.0366864937492,6.291674663173274,382,1.0202188392007612,62,13.672542099377118,29.16667698265425
godavari_82.290_16.750,2019Q4,0.08329611406604781,0.09904780868964631,0.07213956891609435,0.25334635785809007,0.09953844403329884,0.5360080033661611,-0.4158785129305852,0.4118362637228597,-7.936524920439725,-14.056779429133798,6.120254508694073,541,1.0202188392007612,153,16.61805700727182,35.45013774962246
godavari_82.290_16.750,2020Q1,0.0626563000132013,0.0814226864648568,0.06268854537696227,0.24191667547839055,0.11721328288982455,0.5584280311814367,-0.46751474335442406,0.3820082898127051,-8.266073901998682,-14.535914772989557,6.269840870990874,718,1.0202188392007612,75,16.63507354064639,35.4864379291131
godavari_82.290_16.750,2020Q2,0.05875138019774387,0.08583596082557826,0.06519200513881053,0.24936538114344578,0.13089162959440606,0.5507355154438573,-0.46452767607046624,0.37402597358561246,-8.064096001755487,-14.209363102152736,6.145267100397248,525,1.0202188392007612,54,18.219985137581308,38.86741889504257
godavari_82.290_16.750,2020Q3,0.054101216070123165,0.0816299861956134,0.05664806576406601,0.2526727999679273,0.10546168030175308,0.604590087056741,-0.4875697091112091,0.40373028996739496,-7.660400806821059,-13.777066575043008,6.116665768221949,279,1.0202188392007612,55,12.05680982676702,25.71994842675421
godavari_82.290_16.750,2020Q4,0.0808768150849704,0.09754521381006596,0.069843305517716,0.2532622868835144,0.09129737218750328,0.5498654412869766,-0.42942636789536576,0.4216182500187599,-7.810181358381412,-13.710166118825512,5.8999847604441005,493,1.0202188392007612,51,19.10285612046731,40.75078576186448
godavari_82.290_16.750,2021Q1,0.04123370133628002,0.06345951825767245,0.045036436444712336,0.25023172316590514,0.09664114951739894,0.6530937666731302,-0.5606640372479833,0.40858572434941975,-8.06233317855376,-14.121831439292297,6.059498260738536,651,1.0202188392007612,46,19.931652108397643,42.5187982271971
godavari_82.290_16.750,2021Q2,0.06037325167142928,0.08736763240336148,0.06256379243249835,0.26248846553013144,0.11905848062769137,0.574049789936634,-0.469274535635271,0.40578997760291824,-7.94151850412837,-14.113854749362734,6.172336245234364,504,1.0202188392007612,59,15.48431346529774,33.03160201357709
godavari_82.290_16.750,2021Q3,0.06906925710468997,0.09989569861820538,0.07282322718085517,0.2680829930495353,0.1097699281085604,0.541220037106098,-0.4283244304630799,0.4017543430345351,-7.640355850597185,-13.521174696149089,5.880818845551904,314,1.0200999048525214,55,14.208085657356314,30.309114566842215
godavari_82.290_16.750,2021Q4,0.03806681403623412,0.06837991604067627,0.04022745821792864,0.2880917933458604,0.09519400896335427,0.7351301440872164,-0.6016487656767088,0.48505412177763835,-7.917379931765678,-13.775814055643663,5.858434123877984,501,1.0202188392007612,50,15.76504015507532,33.63045661001133
godavari_82.290_16.750,2022Q1,0.05024166915693471,0.07375958900664348,0.05065240717813677,0.276801073149259,0.10062456253223784,0.6598273586560038,-0.5533418752911308,0.468265618002559,-8.280211951922084,-14.344618489594678,6.064406537672594,646,1.0202188392007612,54,16.850698168468,35.94641485392099
godavari_82.290_16.750,2022Q2,0.032088731825622226,0.07033488697498634,0.04846163704715236,0.27811609486876526,0.12163705543427622,0.6727202095917816,-0.5718256387567907,0.43063668089104096,-8.198204153521266,-14.2001547696789,6.001950616157634,546,1.0202188392007612,50,22.115619066020436,47.17770206020677
godavari_82.290_16.750,2022Q3,0.04470614149485205,0.07492464512914374,0.04857702553379302,0.2905769047837108,0.100615729515729,0.6781605641997841,-0.5549703161513776,0.4713741668310877,-7.857178792457744,-13.875304478798007,6.018125686340263,347,1.0202188392007612,49,15.621999047506026,33.32531702811128
godavari_82.290_16.750,2022Q4,0.02758563930604012,0.054511461152851944,0.0283189344558089,0.31389020687231156,0.09017786047175617,0.8098002074780118,-0.6817129249701983,0.5480474333885677,-8.002165883738543,-13.952345330841315,5.950179447102771,495,1.0202188392007612,50,16.0218421978388,34.17827443169566
godavari_82.290_16.750,2023Q1,0.04629460780033427,0.06703840804033635,0.04507833080299604,0.27592144980016664,0.09682107193271301,0.6960556309662673,-0.5867853855744528,0.47597894827730103,-8.35854593534018,-14.363484472148054,6.004938536807874,681,1.0202188392007612,51,23.50896897906148,50.150037895203326
godavari_82.290_16.750,2023Q2,0.03379498006903642,0.06866857281061398,0.04363252378948164,0.29334323403065427,0.1243295960726931,0.7222885714490885,-0.6067149014029206,0.47637991662274587,-8.351419409726898,-14.31584014413853,5.9644207344116325,509,1.0202188392007612,54,28.82018144540448,61.48007566478021
godavari_82.290_16.750,2023Q3,0.03605836016785688,0.06994190582692887,0.04445129926049433,0.29562464547794615,0.11960155727545749,0.7239619053429655,-0.6075352831525447,0.46484651979191566,-8.086162624773525,-14.1758254179954,6.0896627932218745,357,1.0202188392007612,51,23.945617028336976,51.08150861335929
godavari_82.290_16.750,2023Q4,0.046348015393874564,0.06957541297681115,0.04466258627476759,0.3012564917406426,0.1039003814235059,0.7251803255005291,-0.6078915542048235,0.5210998411061797,-8.209258839144232,-14.23863493037482,6.0293760912305885,574,1.0202188392007612,46,25.417721908923184,54.2218469077722
godavari_82.290_16.750,2024Q1,0.05063655708451503,0.07347369394654052,0.04934932350647677,0.2936358102844724,0.11054783852609845,0.6848001095625538,-0.5724989213298958,0.49849570639346436,-8.505419937098576,-14.467207755158176,5.9617878180596,680,1.0202188392007612,48,25.722565254523168,54.872147877906464
godavari_82.290_16.750,2024Q2,0.02052025405147226,0.05665925585309432,0.03269179346277503,0.2831321564773724,0.12439944668009933,0.7697342145470312,-0.6505820594922092,0.4708495511827982,-8.341168000547958,-14.278745500707746,5.937577500159788,513,1.0202188392007612,40,38.304688397067295,81.71271042927587
godavari_82.290_16.750,2024Q3,0.032725998084086244,0.07085999754209753,0.04270612939636719,0.31280823883374076,0.11645352607978798,0.7515319176065021,-0.623908008381133,0.5092583579297845,-7.796706827349276,-13.753315275319904,5.956608447970629,242,1.0202188392007612,49,21.331170210063394,45.50429222721354
godavari_82.290_16.750,2024Q4,0.021969616641310495,0.05359786690549361,0.025987129213958453,0.32704514103829185,0.09654770998914701,0.8338911462174886,-0.6962560245515413,0.5615126493598294,-8.104826545382672,-14.094525853364367,5.989699307981695,443,1.0202188392007612,52,19.89777009654967,42.44652010306266
godavari_82.290_16.750,2025Q1,0.03278029449658383,0.058623336446823646,0.03322931818474835,0.2925525454746238,0.1009500899608253,0.7839635143153209,-0.6571931003497865,0.5155069133772631,-8.409933131797011,-14.404763329567501,5.99483019777049,653,1.0202188392007612,51,26.455938626684127,56.43660195660138
godavari_82.290_16.750,2025Q2,0.030676732980961012,0.07205060212595119,0.04110204879654549,0.3303258425641226,0.12945306056371675,0.7652234662085624,-0.6338597882485258,0.5340481453699498,-8.278840566690752,-14.079062066632115,5.8002214999413635,685,1.0202188392007612,54,25.365753268892902,54.11098584580041
godavari_82.290_16.750,2025Q3,0.022605044776288625,0.061807119889431834,0.034537994231701556,0.32596162144195384,0.11724728091159894,0.7988937072696765,-0.6702988907359683,0.5192481335385443,-7.8876067439403545,-13.99146719587645,6.103860451936095,387,1.0202188392007612,52,28.585142097618476,60.97868267690266
godavari_82.290_16.750,2025Q4,0.03410127651674733,0.06213750591211263,0.03439178570232373,0.33232511283297195,0.09993652937605428,0.8007850568163174,-0.6716313396641754,0.5781222597633874,-7.833147574794745,-13.764842298271569,5.931694723476824,638,1.0202188392007612,54,16.849263692159393,35.94335478602519
godavari_82.290_16.750,2026Q1,0.04470264011113113,0.06929998257525802,0.0436495984085192,0.3042937519944897,0.104460845780207,0.7262415282325856,-0.6041235336896713,0.5265736767119585,-8.603701449998564,-14.343251703168043,5.7395502531694795,739,1.0202188392007612,55,29.06263175919857,61.99727794767517
godavari_82.290_16.750,2026Q2,0.037445971871830276,0.06971561084568079,0.04662879343478017,0.26358584634271753,0.13442250241587456,0.7016587038228989,-0.5947402786803971,0.4218847907771416,-8.593723476469746,-14.299874956815815,5.706151480346069,696,1.0202188392007612,54,26.873924803971338,57.32826260957578
godavari_82.290_16.750,2026Q3,0.04957056737280402,0.08352169176751227,0.05168426081102742,0.338123919607876,0.1257437753806872,0.7228131444057664,-0.5926816484789975,0.552025179262611,-8.196618160426441,-14.243200171082805,6.046582010656364,408,1.0202188392007612,50,19.109256493106983,40.764439228790614
godavari_82.290_16.760,2019Q2,0.061232599265465926,0.08984585545498465,0.07689963671236152,0.23003442637211402,0.13563076934570745,0.46268178411837335,-0.4082074079482366,0.3027655833061918,-8.403141146004295,-15.145782800873171,6.742641654868876,597,1.0090454975023626,68,13.292886360906467,28.356783971676506
godavari_82.290_16.760,2019Q3,0.05560496792478217,0.08943398415317107,0.07945802885256037,0.22803332152325612,0.10510407971020352,0.4578734044474039,-0.3982959676019615,0.27196837963015197,-7.929707744395108,-14.441444934783716,6.511737190388608,382,1.008505467800729,62,13.132445607454109,28.014526943189328
godavari_82.290_16.760,2019Q4,0.0882367914922019,0.10468662208160683,0.08113390119812725,0.24347366992315664,0.10162174103599463,0.46592802343904793,-0.359631428677863,0.37379306590779504,-8.020985006882732,-14.445534700526023,6.424549693643291,541,1.0090454975023626,153,15.415100030196351,32.88395383741577
godavari_82.290_16.760,2020Q1,0.06744556717661293,0.08434582337418223,0.06663460639992927,0.2262129484574212,0.11775177886709133,0.5067908872409671,-0.4224699603300895,0.3409020219600151,-8.217842760119783,-14.859412206001956,6.641569445882173,718,1.0090454975023626,75,19.68581367402791,41.99436830384656
godavari_82.290_16.760,2020Q2,0.06376856764406887,0.09113218375246203,0.07090279486754499,0.24588829520947594,0.13042870427702585,0.5127588057596284,-0.4347823178750137,0.35641417898539507,-8.204520560781006,-14.662281942705755,6.457761381924749,525,1.0090454975023626,54,15.684184198453828,33.45797225766766
godavari_82.290_16.760,2020Q3,0.058583272055258366,0.08473663840626584,0.06246315623341466,0.24394633494820672,0.10990432639212071,0.559728948414547,-0.4539182206866241,0.377512649907774,-7.800506328487204,-14.020908086657343,6.220401758170139,279,1.0031051707843932,55,13.520877222134956,28.843140916574953
godavari_82.290_16.760,2020Q4,0.07985298983103828,0.09588117161599571,0.07082747784741295,0.2354271195366033,0.08814025916681285,0.507628175057009,-0.39632221392039846,0.3798753850489723,-7.909665289447605,-14.076271495243727,6.166606205796122,493,1.0090454975023626,51,16.93269755898565,36.12133841375496
godavari_82.290_16.760,2021Q1,0.044607628738740294,0.06723386471629941,0.05065284463983124,0.24447168020249024,0.09922768741538193,0.6099116002128573,-0.5231268454671963,0.3876202402477635,-8.014001926293115,-14.452302813549231,6.438300887256116,651,1.0090454975023626,46,16.224818273322246,34.61126908519922
godavari_82.290_16.760,2021Q2,0.06797163779725562,0.09454119104533232,0.06916388908481345,0.2638354848797592,0.1180871516728366,0.5499077100963307,-0.44510039105420707,0.3964445836904655,-8.064137077127407,-14.606535864135985,6.542398787008578,504,1.0090454975023626,59,13.594342352379345,28.99985893636619
godavari_82.290_16.760,2021Q3,0.08227779299481322,0.10904712672569532,0.0827932000118431,0.26082117345995065,0.11233340626576889,0.4947430415092379,-0.38493373078723075,0.3820615356708987,-7.580689607891298,-13.728955526227374,6.148265918336076,314,1.008100445524504,55,14.520831069214474,30.976272461780393
godavari_82.290_16.760,2021Q4,0.040441301283324245,0.06826550651637608,0.04475383996737027,0.2634343051093297,0.0924036953245631,0.668219235182771,-0.5480126823206953,0.43973396140329507,-7.91152798335945,-13.951466536506345,6.039938553146895,501,1.0090454975023626,50,16.3518864455,34.88233472213397
godavari_82.290_16.760,2022Q1,0.05618798251162506,0.0760204639681917,0.05322483400050562,0.26728006025050605,0.09851168833035671,0.6315238529013971,-0.5189956848981333,0.452535735595279,-8.176916359101424,-14.490583354100897,6.313666994999473,646,1.0090454975023626,54,16.760385924482904,35.75375806568466
godavari_82.290_16.760,2022Q2,0.0366302941860837,0.07538078905263232,0.05209827499271986,0.2879901586453145,0.12186021034595192,0.6536597100756774,-0.5478396503609106,0.4353415948598103,-8.308514008394427,-14.50465789039632,6.196143882001893,546,1.0090454975023626,50,17.4923271169513,37.31515697569403
godavari_82.290_16.760,2022Q3,0.048386779015393816,0.07939193252592075,0.05416244303708169,0.2897881994945729,0.10151880569875618,0.6647834910414102,-0.5498524941007197,0.4659805766547546,-7.782020180511532,-13.8703929358825,6.088372755370967,347,1.0090454975023626,49,14.011266388290299,29.889253797492515
godavari_82.290_16.760,2022Q4,0.02875585165630243,0.05713992017757786,0.03142333206971697,0.29747840287852956,0.08797339708181832,0.7688853788217281,-0.641076534572459,0.5124602872080337,-7.938148440805309,-13.949578837766499,6.01143039696119,495,1.0090454975023626,50,15.317634100526872,32.67603659226695
godavari_82.290_16.760,2023Q1,0.047960288656281394,0.06769362862012557,0.046619240110609396,0.2753690741471534,0.09526049604095145,0.6691493810018148,-0.5629967220472741,0.47185702515164474,-8.354931691413128,-14.426235555211518,6.07130386379839,681,1.0090454975023626,51,16.419421255720337,35.026402005340294
godavari_82.290_16.760,2023Q2,0.0408078016075844,0.07706783098839554,0.051585516090101216,0.29380704038771766,0.12617866914535567,0.6828795121667591,-0.5741049376969656,0.46567557404315374,-8.649575503651842,-14.545862030379288,5.896286526727446,509,1.0090454975023626,54,22.059242246187864,47.05743733683534
godavari_82.290_16.760,2023Q3,0.03832951755841245,0.07291395753326972,0.04817733915230798,0.2936684372627401,0.11860603362747467,0.7029030756535598,-0.5889418644295918,0.4556241942196752,-8.154207296421529,-14.310836886721228,6.1566295902996995,357,1.0090454975023626,51,24.091589641407964,51.392901770740714
godavari_82.290_16.760,2023Q4,0.05451620751262904,0.08116181556448768,0.051635352327554236,0.3122793088426961,0.10561392146806843,0.703560928219381,-0.5746698708836351,0.5293678877212213,-8.19903487317505,-14.331962626375672,6.132927753200622,574,1.0090454975023626,46,13.97292594664295,29.807464817157143
godavari_82.290_16.760,2024Q1,0.05841317827677694,0.08126178520949282,0.05621947561297333,0.2940403094257527,0.11067491474482621,0.6600659656808011,-0.5469831242395695,0.4966835947829868,-8.339175562554304,-14.491414970754219,6.1522394081999145,680,1.0090454975023626,48,16.268652296436123,34.70477713832643
godavari_82.290_16.760,2024Q2,0.02777707306468507,0.06446067324953221,0.040602534976699155,0.28369579440118164,0.12582227472248853,0.7238526058532713,-0.6114801746438361,0.45688735174718365,-8.430156899867407,-14.423780028822534,5.993623128955127,513,1.0090454975023626,40,28.545653305833014,60.89444400160216
godavari_82.290_16.760,2024Q3,0.04712304355544923,0.08270819990914333,0.05538336562476816,0.3108049473981955,0.12201788261033593,0.6914615322000803,-0.5763521258195606,0.4894665094577266,-7.839436417060996,-13.942260903890633,6.102824486829637,242,1.0090454975023626,49,16.53346266129512,35.26967855295459
godavari_82.290_16.760,2024Q4,0.0244894502596511,0.05563081638072788,0.028370068459968804,0.3195740841007446,0.09520215343474155,0.806525453685748,-0.6705244837449793,0.5446016224067342,-8.145286079333689,-14.26461179358153,6.119325714247841,443,1.0090454975023626,52,16.058186787273982,34.25580580021648
godavari_82.290_16.760,2025Q1,0.038733182726492434,0.06535760528074322,0.03814825440072703,0.29904690915940496,0.10032765855077226,0.7473308073898037,-0.617242044382223,0.51924300806439,-8.25894242913758,-14.410497235750633,6.151554806613053,653,1.0090454975023626,51,21.367085356682484,45.58090749543578
godavari_82.290_16.760,2025Q2,0.03616009738779615,0.07841226533500491,0.04653552609667619,0.33414574197676655,0.1268193267631194,0.7314923162770404,-0.6045194215406456,0.5290886779153615,-8.277607397722386,-14.093624938597443,5.816017540875057,685,1.0090454975023626,54,20.624172948374866,43.996104458661726
godavari_82.290_16.760,2025Q3,0.03374523891915042,0.07341494744456196,0.04838438269415276,0.31432949730458776,0.11783678758598796,0.7303449540148331,-0.6179987098245056,0.4858166517205358,-7.8498048522276065,-13.965400843701289,6.115595991473683,387,1.0090454975023626,52,21.933668228389582,46.78955907484751
godavari_82.290_16.760,2025Q4,0.04097480604289204,0.06755915643480483,0.0400828415273626,0.3207693851897288,0.0994029102699908,0.7601501710070087,-0.631192867415272,0.5544239213872726,-7.867643648773834,-13.834830164571539,5.967186515797705,638,1.0090454975023626,54,18.76525238375484,40.03059934259735
godavari_82.290_16.760,2026Q1,0.04934534280533588,0.07627643875036721,0.050160682189359374,0.3012581688318622,0.10771470750521343,0.6837401954525236,-0.5600921114567977,0.5155823090427025,-8.594268239008377,-14.370015330902445,5.775747091894068,739,1.0090454975023626,55,15.95825313940981,34.04262434458319
godavari_82.290_16.760,2026Q2,0.051480057640917405,0.08166328951429587,0.06067828780303455,0.25724661570945967,0.14369762789458448,0.6128273672680583,-0.5222815194208537,0.3832052905006862,-8.718148551677222,-14.387638503314125,5.669489951636903,696,1.0090454975023626,54,16.748589533356885,35.72859365024291
godavari_82.290_16.760,2026Q3,0.048203120278623106,0.08638802293547505,0.05509203094569354,0.350265204102622,0.12443191176574876,0.7184064587375304,-0.5917399851186763,0.5627492682165341,-8.37096589469476,-14.480714190990401,6.109748296295642,408,1.0090454975023626,50,20.757969846627294,44.281524015920745
godavari_82.290_16.790,2019Q2,0.0663459926649147,0.08959581537147997,0.06132074578844608,0.2878199033772346,0.13097879828860343,0.6316227223556443,-0.5048935337461633,0.47218823910382446,-8.425719195017372,-14.501561370202694,6.075842175185322,597,1.009009009009009,68,43.83393944103471,93.50787463379847
godavari_82.290_16.790,2019Q3,0.04370240791674255,0.07375928613947255,0.04507965141590907,0.27949798998366543,0.12581826458781525,0.7188681103060219,-0.5751535920724057,0.46685201382451424,-7.959873485867325,-14.082331217315144,6.122457731447819,382,1.009009009009009,62,38.83664054131687,82.84748670195339
godavari_82.290_16.790,2019Q4,0.07871602736860724,0.09470374595968324,0.06262791292662576,0.2854801463154283,0.10434677716722639,0.6343125032774164,-0.49031023205479485,0.5107259673762917,-8.082694140080198,-14.18578256582993,6.103088425749732,541,1.009009009009009,153,19.942070216868302,42.54102244872997
godavari_82.290_16.790,2020Q1,0.06813726379182455,0.08523300147319586,0.05622132145041193,0.2603114985707751,0.10855194582155589,0.6345515450196908,-0.49672099121826774,0.4545014870373711,-8.620703624503903,-14.650006658131517,6.029303033627613,718,1.009009009009009,75,15.375266825663608,32.79898045051038
godavari_82.290_16.790,2020Q2,0.05778466347027138,0.08833964500495814,0.053407831820827284,0.3116988333458057,0.1305157103512416,0.6957192282550397,-0.5494840300635526,0.5195622233950341,-8.163866708911023,-14.237875360862159,6.074008651951136,525,1.009009009009009,54,41.1807156784029,87.8479381066394
godavari_82.290_16.790,2020Q3,0.05346721558538653,0.0796966318296938,0.04732033985684463,0.26534379780728695,0.11628833385914572,0.6896393802238484,-0.5284484004834505,0.47599724167304674,-7.474353925228156,-13.476688508902548,6.002334583674392,279,1.009009009009009,55,23.38776010756511,49.89147149426112
godavari_82.290_16.790,2020Q4,0.06722938070616323,0.08570977846696291,0.05298644231403893,0.2754653713306668,0.09763963388354108,0.6757319702750563,-0.5238651909641467,0.5015657330776152,-7.75860568990546,-13.610315863619782,5.851710173714322,493,1.009009009009009,51,15.402833494375466,32.857786495206575
godavari_82.290_16.790,2021Q1,0.03697054337735442,0.06181180219156278,0.035632049227269535,0.2854327265959273,0.09783354188174162,0.7701267164625462,-0.6358096523395009,0.5092585642767549,-8.268338367540156,-14.35200527576823,6.083666908228073,651,1.009009009009009,46,23.723158585061423,50.60695358841058
godavari_82.290_16.790,2021Q2,0.05924675287286579,0.088259991442678,0.05545940487930425,0.3033378125128154,0.1285047026078492,0.6718723209735243,-0.5253592831520808,0.5112326360543802,-8.119066186018143,-14.307083089527733,6.18801690350959,504,1.009009009009009,59,21.726586218756506,46.34780551943794
godavari_82.290_16.790,2021Q3,0.06580571112947016,0.09093106535356882,0.060662510774486325,0.26470850210798863,0.125004294893,0.6303507684788651,-0.48850621529216226,0.46383492638909013,-7.492603816350916,-13.29269584072837,5.800092024377455,314,0.9757078507078507,55,31.022003559306153,66.17706865281868
godavari_82.290_16.790,2021Q4,0.031067191882400258,0.06036935925272231,0.03027213244930908,0.2899762549301504,0.10520138720599959,0.8043478213456313,-0.6438226164170242,0.5150540143569133,-7.859449024326621,-13.715860962668053,5.856411938341432,501,1.009009009009009,50,27.649048322768007,58.981779353578396
godavari_82.290_16.790,2022Q1,0.048560444642555135,0.07159013604043786,0.042827552221880075,0.2942439021245163,0.10578231740927502,0.7300245384086861,-0.5902134113005155,0.5291738398533163,-8.212915292392811,-14.400069160498505,6.187153868105694,646,1.009009009009009,54,23.997521728288422,51.19223327643672
godavari_82.290_16.790,2022Q2,0.02548830060909261,0.06439858494349049,0.03918653289434993,0.2820370918742568,0.1274565498070174,0.7424083001387205,-0.620022759889783,0.4506349067095265,-8.33494186043957,-14.333642016194688,5.998700155755117,546,1.009009009009009,50,32.55524530020098,69.44782593174774
godavari_82.290_16.790,2022Q3,0.03989513902124852,0.0698734074210201,0.03646750946816993,0.30290856125215687,0.11628650280121716,0.7796457469537875,-0.6163704363507144,0.5396198787574399,-7.833726340224009,-13.837874969527771,6.004148629303762,347,1.009009009009009,49,26.790712892200848,57.15075246302962
godavari_82.290_16.790,2022Q4,0.031526126202302676,0.06256296399123992,0.027274487130654865,0.30956873541620566,0.0966670924230307,0.846948429386614,-0.6784107998031953,0.5633451305904887,-8.144901579547557,-14.201370368913844,6.056468789366287,495,1.009009009009009,50,22.599493253657958,48.20991699350077
godavari_82.290_16.790,2023Q1,0.04615589116389636,0.06856290132802913,0.04114872137024941,0.28765121764026647,0.10295277689056742,0.7352962401842167,-0.598506470643013,0.5139066935471283,-8.3660667767642,-14.482251329127191,6.116184552362991,681,1.009009009009009,51,27.901310017038384,59.5199115676468
godavari_82.290_16.790,2023Q2,0.034360951280451114,0.07045933592215137,0.04055635363631157,0.29763879780507585,0.12362637404628136,0.7612049551696497,-0.6214414026359937,0.5016233150426056,-8.552686418830664,-14.563202730369284,6.01051631153862,509,1.009009009009009,54,25.27001385603665,53.90675165811306
godavari_82.290_16.790,2023Q3,0.032656031550637336,0.06930585521134947,0.03951742240783271,0.307065086819099,0.12542069640025164,0.769173299529626,-0.6306703854167707,0.4959953040706493,-7.9879395900825365,-14.287447589964179,6.299507999881643,357,1.009009009009009,51,28.595008576002414,60.999730144585634
godavari_82.290_16.790,2023Q4,0.04687249390588731,0.07140618819935438,0.042112156639072855,0.28932766184617675,0.10892794685685607,0.7529322561644919,-0.6141805869824226,0.5146932634418601,-8.239214856813952,-14.376625576103022,6.13741071928907,574,1.009009009009009,46,27.25485950393902,58.14088393958784
godavari_82.290_16.790,2024Q1,0.03689977103738811,0.06257916997051542,0.037899814124108915,0.2694894595973645,0.10821910660951091,0.748749803819049,-0.6177612625203104,0.4657554169410796,-8.362047313107453,-14.514314729158214,6.15226741605076,680,1.009009009009009,48,28.05968635474613,59.85776472253509
godavari_82.290_16.790,2024Q2,0.02451276732794323,0.05744673669420215,0.03326388983750992,0.265905301156346,0.11944422169644921,0.7699648270614798,-0.6421098136088306,0.4592738139256719,-8.58121179349528,-14.404129609184775,5.822917815689495,513,1.009009009009009,40,31.30234107582025,66.77509305317203
godavari_82.290_16.790,2024Q3,0.048723505900107024,0.08119101683008415,0.047729416364965485,0.3245355279915782,0.13090080604818738,0.7479212382818018,-0.6057897272324367,0.5508116175785188,-7.992821035111589,-13.987637738451191,5.994816703339602,242,1.009009009009009,49,34.50854603481391,73.61466565784609
godavari_82.290_16.790,2024Q4,0.019234863787087213,0.05284309090155841,0.022219208387770393,0.3145890911862008,0.10167585587262234,0.8654947151402657,-0.7113372303033115,0.5510016580529847,-8.22553315146463,-14.325057147887808,6.099523996423178,443,1.009009009009009,52,29.57226864254176,63.084450636329365
godavari_82.290_16.790,2025Q1,0.03773357385349831,0.06601942502685908,0.034307004872376284,0.31502147672932174,0.10416951760837843,0.798138423719599,-0.649640297269761,0.5594380049077466,-8.027111193914298,-14.375639229075396,6.348528035161099,653,1.009009009009009,51,34.14908393456466,72.84785032173137
godavari_82.290_16.790,2025Q2,0.03229248534241143,0.07493278660863228,0.04040730452313213,0.3402770009706843,0.12920755608362666,0.7852202918764534,-0.6385537867549749,0.5697927551374216,-7.876372097145314,-13.85843451635334,5.982062419208026,685,1.009009009009009,54,20.061201979995182,42.795157899785124
godavari_82.290_16.790,2025Q3,0.02621565810911288,0.06426293459660468,0.038686409192299764,0.2750086301662463,0.11993433936648906,0.7582385582743635,-0.6254087607515592,0.4585623241967799,-7.563572084733556,-13.76650207625211,6.202929991518554,387,1.009009009009009,52,24.071954229486813,51.35101492096816
godavari_82.290_16.790,2025Q4,0.04650348923938783,0.07490835760334214,0.04269489885510624,0.3100002878350344,0.11048153518620307,0.759054068545919,-0.6118298545738389,0.5492627459601239,-7.70034847589589,-13.66668065475086,5.9663321788549695,638,1.009009009009009,54,21.54504965273116,45.96054627069569
godavari_82.290_16.790,2026Q1,0.05073825806383415,0.07885832353744583,0.04680697449272642,0.3037147613826567,0.10627741833218948,0.7286598548437604,-0.5769311901475522,0.537367022640823,-8.289981589150164,-14.358705506474534,6.06872391732437,739,1.009009009009009,55,13.692444227147321,29.209132798677484
godavari_82.290_16.790,2026Q2,0.046251556033555935,0.08050603932191189,0.053070776217218986,0.28184503143046286,0.13439003262002908,0.6904708117476938,-0.5688547776837816,0.4550322617429694,-8.423801327042554,-14.444524090860753,6.020722763818199,696,1.009009009009009,54,30.643169351946586,65.36892815665301
godavari_82.290_16.790,2026Q3,0.043645344385847384,0.0784879245931513,0.04527774803867724,0.32212228140160987,0.12877607938848767,0.7467873076735418,-0.6006337882350394,0.5406917262160209,-8.122703754432482,-14.255449995565602,6.13274624113312,408,1.009009009009009,50,25.029290776792106,53.39323396377623
godavari_82.290_16.800,2019Q2,0.06781395830175344,0.09064876497227518,0.06387860268107731,0.2875395673753867,0.13065123174640753,0.6213608198238557,-0.4973342694243475,0.4689718493195884,-8.396354621322388,-14.431865486571935,6.035510865249547,597,1.0271893515136759,68,46.03903594732733,98.21185265391709
godavari_82.290_16.800,2019Q3,0.04940023481465151,0.07858218363904776,0.049536793964897914,0.28796032452824366,0.12777613503633986,0.6944849269798209,-0.5560116641703579,0.4759433257610566,-7.989533608521673,-14.035237443292857,6.045703834771184,382,1.0271893515136759,62,25.248198554775133,53.86021460300296
godavari_82.290_16.800,2019Q4,0.07237936518418063,0.0884952307024935,0.05714325440547168,0.2812519305833326,0.10085479796804339,0.653612789882696,-0.5106246899506639,0.5115155442384511,-8.102742766475792,-14.164253648060342,6.0615108815845495,541,1.0271893515136759,153,18.404603470957735,39.26125226235117
godavari_82.290_16.800,2020Q1,0.06339428455871599,0.07973739959138894,0.05174247367118729,0.2695199831081197,0.11016810681888721,0.6543550171137787,-0.5140523383004229,0.47282426434067215,-8.624668453781574,-14.631233461213693,6.006565007432119,718,1.0271893515136759,75,17.437730876656182,37.198690638009275
godavari_82.290_16.800,2020Q2,0.06908438585880192,0.09420516061381881,0.060929634377206165,0.30156654156316137,0.13066014028151648,0.6477765147685097,-0.5070681201286297,0.5020380067695602,-8.129078932994368,-14.182020165371693,6.052941232377325,525,1.0271893515136759,54,46.05390591065514,98.24357370578686
godavari_82.290_16.800,2020Q3,0.04877198382090263,0.0758481617102959,0.04329969555770315,0.2695107389033909,0.11945296705674414,0.7243683733154425,-0.5644179366282143,0.4817849197763205,-7.403729873330496,-13.440203121746643,6.036473248416147,279,1.0271893515136759,55,19.638788432679316,41.894052648244504
godavari_82.290_16.800,2020Q4,0.07019661194298513,0.0891789912220124,0.05623725573475677,0.2842727579976888,0.09932678004855706,0.6680588774854334,-0.5201175645419842,0.5160152764576128,-7.702834399797967,-13.590601522148823,5.887767122350856,493,1.0271893515136759,51,15.887321970750076,33.89131184766318
godavari_82.290_16.800,2021Q1,0.03528274296398827,0.05992048764721938,0.034074929312396425,0.28690637287546394,0.09725319995814598,0.7798329832729529,-0.64640467209238,0.5137208558384243,-8.292448651308824,-14.277432685021939,5.984984033713115,651,1.0271893515136759,46,23.9027992014111,50.9901683404262
godavari_82.290_16.800,2021Q2,0.051247007987994635,0.0815105241208689,0.049032436697015375,0.3038907177419634,0.1301373398201875,0.7097009358537081,-0.5634724537463804,0.5112526555531117,-8.150376888105809,-14.203623532072367,6.053246643966558,504,1.0271893515136759,59,25.475242892213977,54.344552394957624
godavari_82.290_16.800,2021Q3,0.07275577745018916,0.09353757428604959,0.06440561462867918,0.2510813402294541,0.11987037781591892,0.594901872949886,-0.4592685807758369,0.41902311514172474,-7.454248677157129,-13.289615937325205,5.835367260168076,314,1.0271893515136759,55,16.731626074553134,35.69240669101898
godavari_82.290_16.800,2021Q4,0.030750804645566038,0.0595682625995236,0.030299573108207894,0.28841588419627123,0.10353504991293394,0.8072510899651603,-0.6516047818669372,0.5177233042262539,-7.889506343131636,-13.74421728280523,5.854710939673595,501,1.0271893515136759,50,23.28089869515145,49.663511523457935
godavari_82.290_16.800,2022Q1,0.048082998615127166,0.07085603181845673,0.042609599038599705,0.292901516568956,0.10661198699818042,0.7331201255563421,-0.5962767094800409,0.5208454580304247,-8.222705575718884,-14.366670627418275,6.143965051699391,646,1.0271893515136759,54,24.394976512854132,52.04009574651582
godavari_82.290_16.800,2022Q2,0.026194414885984285,0.06251583875548342,0.03799044834109195,0.27597757258204086,0.12546296348393135,0.7444222566208477,-0.6254508580556487,0.4496598276071676,-8.357027631316235,-14.286357960678433,5.929330329362198,546,1.0271893515136759,50,32.35047961625932,69.01101363179286
godavari_82.290_16.800,2022Q3,0.04201718998919714,0.07224584407774062,0.039007451721355675,0.3085118107398387,0.11725019948270703,0.7732293745180758,-0.615706513807326,0.5502854955017124,-7.721789599741358,-13.761016466856184,6.0392268671148255,347,1.0271893515136759,49,27.91358530027919,59.54609757011459
godavari_82.290_16.800,2022Q4,0.027303020613465852,0.05890838772151705,0.02462331205234309,0.3161311896841426,0.0974550048219799,0.8577317685910268,-0.6965476390076948,0.5766664770539955,-8.094035622785249,-14.132924968442408,6.038889345657159,495,1.0271893515136759,50,19.68859146467537,42.00029397018944
godavari_82.290_16.800,2023Q1,0.04415999012683166,0.06526707788572943,0.03923044759992368,0.2772636975794684,0.10096755168386998,0.7351501598114382,-0.6012993979825747,0.4979214363106234,-8.379234278031475,-14.396609022553605,6.0173747445221295,681,1.0271893515136759,51,24.106225517101592,51.42412345984663
godavari_82.290_16.800,2023Q2,0.03635194041863266,0.0685850867024984,0.040633708242093516,0.2915611855268123,0.12282001792387261,0.7504426134374976,-0.6194471111670896,0.49520445548050196,-8.61659080267097,-14.480678422901232,5.864087620230261,509,1.0271893515136759,54,31.643183904299633,67.5021892001691
godavari_82.290_16.800,2023Q3,0.01647186038779643,0.06033316512989469,0.03302557759867581,0.3069894568442249,0.12287804200377722,0.8025881774672593,-0.6708653438541393,0.49810235105560063,-8.067419837951546,-14.304999483228233,6.237579645276687,357,1.0271893515136759,51,31.613009711855792,67.43782070762214
godavari_82.290_16.800,2023Q4,0.04603519312807409,0.06964390582568221,0.04164395570419747,0.3001531852758105,0.11025557783919267,0.7592504415719253,-0.6274257629605758,0.5287845256519532,-8.300028705499596,-14.411904473293424,6.111875767793828,574,1.0271893515136759,46,35.903065793682984,76.58949704305836
godavari_82.290_16.800,2024Q1,0.035489830537004906,0.06015164006077152,0.03709827598744281,0.2697953043379208,0.10635154441967488,0.7440955986502958,-0.6188545961444133,0.4657635632637708,-8.399089999628606,-14.415537268131528,6.016447268502922,680,1.0271893515136759,48,27.899126659907683,59.51525396471487
godavari_82.290_16.800,2024Q2,0.025340826718744387,0.05766965564759058,0.03298872439511191,0.27221497138486944,0.11873210360402917,0.7801206965803741,-0.647811130298264,0.4684773555061414,-8.537838731279546,-14.330428826069957,5.792590094790411,513,1.0271893515136759,40,32.39339862746395,69.10256975406493
godavari_82.290_16.800,2024Q3,0.03981501230465168,0.07211214629058078,0.04030204874586019,0.3210288303617398,0.12502796285110002,0.7761377856097299,-0.6324098541888397,0.5541737109102162,-7.9678802738942185,-13.88436569545247,5.916485421558251,242,1.0271893515136759,49,37.40423685944728,79.79184019567872
godavari_82.290_16.800,2024Q4,0.01940036816003087,0.052658476601737905,0.02200550024786623,0.3214033278592689,0.10272230844491767,0.8705183816156571,-0.7180056156180221,0.5632863074550348,-8.184427372687558,-14.268441417039767,6.084014044352209,443,1.0271893515136759,52,28.40784045063342,60.60045748450474
godavari_82.290_16.800,2025Q1,0.04067669167290942,0.0665992493632207,0.03565035299920712,0.3203284196059806,0.10693421066237256,0.7891044199396986,-0.6442454836434632,0.566570485848085,-8.0669822228891,-14.318468857193597,6.251486634304497,653,1.0271893515136759,51,36.559558969587435,77.989947980693
godavari_82.290_16.800,2025Q2,0.032841838966395503,0.07424666990416431,0.04072803112084418,0.33854454027678976,0.1297866680392165,0.7818614881515858,-0.6387997126264615,0.564197626803606,-7.9380936979786725,-13.85187919998204,5.913785502003368,685,1.0271893515136759,54,21.88708583792737,46.6901881220418
godavari_82.290_16.800,2025Q3,0.02521214922334473,0.06331467887477032,0.038203240455354726,0.29105487242794564,0.12307205311706401,0.7675620301933372,-0.6398388684347119,0.47440648123495993,-7.549466664960772,-13.719539577156855,6.170072912196083,387,1.0271893515136759,52,30.566217289861996,65.20477170925231
godavari_82.290_16.800,2025Q4,0.046675458948951934,0.07471693190451782,0.04309808589622579,0.31607887286239483,0.11093691786031046,0.7620151128497018,-0.620206847582633,0.556941948595036,-7.670369027990365,-13.639413095426502,5.969044067436137,638,1.0271893515136759,54,23.67649602622888,50.50741161803223
godavari_82.290_16.800,2026Q1,0.04333083210847729,0.07469189420898296,0.04298438166892523,0.3077565515186388,0.10750488593323242,0.7524818979277533,-0.6095644698123334,0.5404508307613463,-8.291100067539679,-14.32734779682333,6.036247729283652,739,1.0271893515136759,55,23.31180225487372,49.72943592416427
godavari_82.290_16.800,2026Q2,0.05165600946298651,0.08382534160999552,0.055572014268914116,0.2919456504068988,0.13680650432455052,0.6872088095118586,-0.5660867294218688,0.46901746697329466,-8.448107978608142,-14.358753028522742,5.910645049914599,696,1.0271893515136759,54,33.9655904986424,72.45641661941893
godavari_82.290_16.800,2026Q3,0.04971786785510259,0.0816612644534408,0.04866251789133737,0.3122686135953445,0.12711327726947222,0.7292565655037048,-0.583596733157036,0.5190403431367883,-8.11003578038809,-14.164882061179377,6.054846280791287,408,1.0271893515136759,50,21.762705727651312,46.424856739397605
godavari_82.290_16.840,2019Q2,0.059705600890143734,0.08707632387799062,0.06216714328297924,0.27552584165475075,0.13604567071615,0.6162032761253822,-0.5058099401195165,0.4365110567637705,-8.483160713230216,-14.496571426260568,6.013410713030352,597,1.0180991802613424,68,31.63580486584564,67.4864480139679
godavari_82.290_16.840,2019Q3,0.04544120956295229,0.0745438742235723,0.04798737223113644,0.2657311882810964,0.12721886324449808,0.6846597397268134,-0.5518909701686062,0.43596883320641966,-8.01150513694324,-14.105193712093861,6.093688575150621,382,1.0180991802613424,62,27.393980374290436,58.43766075384758
godavari_82.290_16.840,2019Q4,0.06331155039054255,0.08243995080039646,0.047865129784589955,0.28227325712931406,0.10506783580093126,0.7052408075773765,-0.5451216604769389,0.5217319911494349,-8.11645870507068,-14.190497121845645,6.074038416774965,541,1.0180991802613424,153,20.30097947400117,43.30665844332352
godavari_82.290_16.840,2020Q1,0.056498935666036025,0.07752845207387786,0.047496802058023944,0.2765601140969364,0.10840944079298169,0.6996547575588173,-0.5565322654015157,0.4886370808488321,-8.35022936494167,-14.56925869246669,6.2190293275250195,718,1.0180991802613424,75,16.045022621870853,34.227723607653566
godavari_82.290_16.840,2020Q2,0.062061902807270836,0.0903538961538957,0.05968466758604972,0.2934199878630395,0.13599192815141983,0.6516053788246845,-0.5171838865499806,0.4741536888949839,-8.109695023992293,-14.153617516768275,6.043922492775982,525,1.0180991802613424,54,34.71724054606711,74.05985905008676
godavari_82.290_16.840,2020Q3,0.06241587000303867,0.08796170904886937,0.056559960995412106,0.2710695153124296,0.13341851373099745,0.6703511583987002,-0.5181099802693417,0.465540644241138,-7.20685077892838,-13.346431458602863,6.139580679674483,279,1.015420826231637,55,41.50596654024569,88.54177300264831
godavari_82.290_16.840,2020Q4,0.06180230357371535,0.08459909182207535,0.05132489752656448,0.28442740436066655,0.10006983733952769,0.689931174263106,-0.5362467396076497,0.5123255639959048,-7.529811595339168,-13.447178160062965,5.917366564723797,493,1.0180991802613424,51,15.662790379060347,33.41233432032291
godavari_82.290_16.840,2021Q1,0.03802741237421219,0.06357275504625144,0.03693189641632605,0.28893302880327065,0.10326286885583193,0.7611353967584484,-0.627469598147516,0.5120521713170485,-8.197786098100533,-14.259797957507654,6.0620118594071215,651,1.0180991802613424,46,26.815750200630365,57.204162800490714
godavari_82.290_16.840,2021Q2,0.06719222061032039,0.09473420267263258,0.061575804792799664,0.2982316709021455,0.13527869889429767,0.6423820156944987,-0.505429695100713,0.4925485022275798,-8.124479779614118,-14.27150007183305,6.147020292218931,504,1.0180991802613424,59,41.455188016615324,88.4334507326843
godavari_82.290_16.840,2021Q3,0.08882228635184292,0.10957056964867382,0.07908047690058846,0.2798559719585508,0.13654499755402116,0.5567874268914564,-0.4349153055555754,0.4606554145586165,-7.378754056066859,-13.336393630198458,5.957639574131599,314,1.0180991802613424,55,25.896708716928586,55.24363593621357
godavari_82.290_16.840,2021Q4,0.027773537839469845,0.0574142692488918,0.027126845207457537,0.2853036257553861,0.10185311904865692,0.8147704948267354,-0.6518292222686153,0.5188438427523341,-7.812307170522233,-13.88771427941981,6.075407108897577,501,1.0180991802613424,50,23.175026384175133,49.437661533513925
godavari_82.290_16.840,2022Q1,0.05154354143474649,0.07348214923393787,0.04445444742168448,0.29837905037424056,0.10377235448518189,0.7207881601303201,-0.5823367975756305,0.5270142610313431,-8.210345607681802,-14.364997283512563,6.1546516758307614,646,1.0180991802613424,54,18.09755287598457,38.60624272163657
godavari_82.290_16.840,2022Q2,0.03500634876022141,0.07368414475297373,0.045571830023320097,0.31468813544638946,0.1330983365549651,0.730961110693559,-0.6064837453129039,0.5038748321094001,-8.053311232117096,-14.21122632617033,6.157915094053234,546,1.0180991802613424,50,30.03444218712069,64.07037310683147
godavari_82.290_16.840,2022Q3,0.0411170532388226,0.07078825180540757,0.0425213616217514,0.2844094701226158,0.12080938459150793,0.7363912313316826,-0.5978071306061487,0.4903086114412209,-7.249295635244151,-13.297367636211014,6.048072000966863,347,1.0180991802613424,49,24.184195933366006,51.590452290934365
godavari_82.290_16.840,2022Q4,0.02573337418701615,0.055698236098542665,0.02377430805214846,0.31211146044991767,0.09918957323127582,0.8503575798804712,-0.6895030457981981,0.5699794812387834,-7.89927979606576,-13.995711887615185,6.096432091549425,495,1.0180991802613424,50,20.694896231477543,44.146973487874845
godavari_82.290_16.840,2023Q1,0.04777714315780216,0.06788035690600704,0.042120855371029595,0.2845318055382506,0.10462999960508916,0.7164972799717515,-0.589804527188706,0.5171413649769004,-8.472259163358212,-14.430949842482184,5.958690679123972,681,1.0180991802613424,51,35.29252260069681,75.28706798748446
godavari_82.290_16.840,2023Q2,0.038753280046549356,0.07083680205302025,0.04589495742487522,0.28757817046005857,0.13048238692693853,0.7174729766826383,-0.5988466553177,0.47506984781350914,-8.658649940415806,-14.52399610722165,5.865346166805844,509,1.0180991802613424,54,33.93534018285351,72.3918857382686
godavari_82.290_16.840,2023Q3,0.016613562546176203,0.05594364472663345,0.03236536526025774,0.2748215977622117,0.12338742983383578,0.7870338360111062,-0.6568668145637229,0.4472900452757111,-8.04300900146986,-14.072199909945812,6.029190908475952,357,1.0180991802613424,51,37.95723238510781,80.97150684088354
godavari_82.290_16.840,2023Q4,0.046576854504271833,0.0703202775213484,0.04353454832264292,0.29378690602711727,0.1145281512900383,0.736577579319529,-0.604255008565298,0.5111197324728959,-8.503520661053882,-14.554368406473511,6.050847745419629,574,1.0180991802613424,46,26.39310302658354,56.3025591693988
godavari_82.290_16.840,2024Q1,0.05086673141595035,0.07413763733077045,0.04670861643728127,0.2964205173743547,0.11311008274004922,0.7205383545204807,-0.5822458924210034,0.5207887460621582,-8.480199640270135,-14.659410850176771,6.1792112099066365,680,1.0180991802613424,48,21.4997125277091,45.86383175548488
godavari_82.290_16.840,2024Q2,0.02718530520601206,0.06082598632532895,0.03481260769734617,0.28526920543719736,0.12458066239655051,0.7710836462241308,-0.6394798179281086,0.48346344242721256,-8.407484502878333,-14.34343731452056,5.9359528116422275,513,1.0180991802613424,40,35.22407976004242,75.14106366651531
godavari_82.290_16.840,2024Q3,0.0429865362178518,0.06998349622287484,0.04466285159275617,0.27804046115454284,0.12346413924475094,0.701210766630557,-0.5693876164397128,0.46888403339374296,-7.491538733869212,-13.458065518998936,5.966526785129724,242,1.0180991802613424,49,36.276647437729004,77.38643261358665
godavari_82.290_16.840,2024Q4,0.017084935945828616,0.05072917210772317,0.021758694213389648,0.30035090269885784,0.10460765698238736,0.86242001637209,-0.7197115131635148,0.5347903727835757,-7.9614913939440335,-14.023871763514782,6.062380369570748,443,1.0180991802613424,52,28.740310764906432,61.30969313302135
godavari_82.290_16.840,2025Q1,0.039882485561968085,0.0660932310992505,0.03617921156244648,0.30803061461902764,0.10661561807695716,0.7784115164266642,-0.6353175662075438,0.5460643846176416,-8.104624282798031,-14.300693325217651,6.196069042419619,653,1.0180991802613424,51,33.700470909564466,71.89085555841021
godavari_82.290_16.840,2025Q2,0.03573218171875562,0.07527655210914169,0.04287139262001559,0.31175022559686505,0.12611848400629883,0.7553717212229892,-0.6145839474710645,0.5235873714026552,-7.884479066460139,-13.844200860428518,5.959721793968379,685,1.0180991802613424,54,22.608120634128156,48.228321180341204
godavari_82.290_16.840,2025Q3,0.03303120505808105,0.06994948530991937,0.04432171383360565,0.28623926205644956,0.12830164592990476,0.7224037125170972,-0.5977385044919508,0.45146583361150866,-7.497961029771677,-13.718288970499772,6.220327940728096,387,1.0180991802613424,52,29.236911157725196,62.36905598899413
godavari_82.290_16.840,2025Q4,0.04756789858601562,0.0736261633174254,0.042887373961435916,0.3038824773942743,0.11116611398430334,0.7531461544897409,-0.6120835119314859,0.5360384499670063,-7.682532684340302,-13.745284751381206,6.062752067040904,638,1.0180991802613424,54,23.36114404689312,49.83469331515381
godavari_82.290_16.840,2026Q1,0.040822793375687144,0.06944112729284271,0.04089563423005692,0.29607217670617164,0.10944927080215583,0.7430969402548678,-0.6051963957907205,0.5177832784800491,-8.293054766025337,-14.396118505213627,6.10306373918829,739,1.0180991802613424,55,35.49216546942115,75.71295214433329
godavari_82.290_16.840,2026Q2,0.06475040955869406,0.09542336982606155,0.0648237733160657,0.30819772342345597,0.14660769357769465,0.6486855482148771,-0.5262346635110174,0.4876267288770836,-8.348451877348301,-14.462511830846658,6.114059953498357,696,1.0180991802613424,54,33.854926736143184,72.22034536134272
godavari_82.290_16.840,2026Q3,0.04614444856230919,0.07616808215462231,0.04846605824342315,0.28388267765317343,0.13485977691950418,0.7076328114548032,-0.5751172288897201,0.48012060516296357,-7.899417594706401,-14.061267840316544,6.161850245610143,408,1.0180991802613424,50,35.57022184680046,75.87946435025015
godavari_82.290_16.850,2019Q2,0.06044031439937549,0.08729078259990651,0.06335872341011504,0.275759193446512,0.14125018761546745,0.6101107699399135,-0.5020744675893501,0.4303107756764322,-8.781602640918134,-14.839104449840372,6.057501808922238,597,1.008848845627866,68,26.10050346227233,55.67837700082321
godavari_82.290_16.850,2019Q3,0.048044834246186746,0.07667429212752169,0.04962043354225613,0.26214202769707357,0.12828927926713388,0.6755506530261223,-0.542073322776084,0.4310091682683431,-8.221774556256674,-14.35910403116119,6.137329474904515,382,1.008848845627866,62,21.632189833680393,46.14643631890203
godavari_82.290_16.850,2019Q4,0.05998397013037031,0.07912703749936018,0.04605238777646387,0.2697203263084141,0.10629297314497127,0.7024415227194333,-0.5404358243312408,0.49774681740191484,-8.257660585781677,-14.27778255520529,6.020121969423613,541,1.008848845627866,153,17.68693782310663,37.730306372385755
godavari_82.290_16.850,2020Q1,0.06065225124645712,0.08016127355720432,0.05232148388284391,0.2667934394034393,0.11256792660615465,0.6606603605460705,-0.5254872358894,0.4634356471161115,-8.66338423859709,-14.786021107082385,6.122636868485296,718,1.008848845627866,75,16.226060110696608,34.613918209941325
godavari_82.290_16.850,2020Q2,0.0691823435584061,0.09663474257698064,0.0654700671704932,0.2938618070066703,0.14547903328597744,0.6273327533495975,-0.49695417295640276,0.4727063644735759,-8.352424970197411,-14.430266258073392,6.07784128787598,525,1.008848845627866,54,39.08387658875056,83.37489805542036
godavari_82.290_16.850,2020Q3,0.05909240942438065,0.0839674101145791,0.053286799483657804,0.26557408102288316,0.12666866499029353,0.6651137709379445,-0.5168271616512122,0.45620824751390543,-7.349725919920568,-13.46716771406509,6.117441794144522,279,1.008848845627866,55,27.472361388943238,58.60486548573538
godavari_82.290_16.850,2020Q4,0.056894346166381754,0.08090527742746458,0.04839896325366574,0.2757606931572393,0.09868237418335317,0.691348365138617,-0.5346100313652026,0.4942772270427691,-7.565325105563394,-13.514066090176968,5.948740984613574,493,1.008848845627866,51,14.434755885785252,30.792654298233675
godavari_82.290_16.850,2021Q1,0.03699968364779394,0.06278678099636355,0.03640340400541602,0.2854528715616424,0.10495068203225125,0.7665453827565476,-0.63287522383633,0.5052364304468818,-8.278776650142433,-14.368433277473295,6.0896566273308625,651,1.008848845627866,46,29.63748979243446,63.22358234991498
godavari_82.290_16.850,2021Q2,0.06679504164752315,0.09650477981860256,0.060742796757205494,0.3019453730201782,0.13833531895121687,0.6686648806034947,-0.523830199678837,0.5032897249518028,-8.23456948867041,-14.515755036375882,6.281185547705473,504,1.008848845627866,59,41.142889049681926,87.76724520745297
godavari_82.290_16.850,2021Q3,0.06993393568571728,0.09286666103490175,0.061826906555146686,0.27941939126435716,0.13095210397303936,0.63086959433697,-0.4912556621202523,0.483186528777707,-7.40187634008281,-13.490678668319902,6.088802328237092,314,1.008848845627866,55,50.12838373682778,106.93537203891314
godavari_82.290_16.850,2021Q4,0.025016297369645595,0.05383033570304105,0.024466670290819517,0.28073989577823494,0.10048288689288745,0.8375142242295386,-0.6725303724415089,0.515783524546892,-7.733077066585073,-13.870083110871239,6.137006044286165,501,1.008848845627866,50,20.85773672999744,44.49434972453244
godavari_82.290_16.850,2022Q1,0.04351865297483965,0.06803690829326695,0.03842406328453432,0.30691091543873134,0.10536843137194041,0.7652381446414727,-0.6242289126636207,0.545331989526365,-8.196131458027732,-14.449979208136767,6.253847750109035,646,1.008848845627866,54,36.35734059265942,77.55856967247887
godavari_82.290_16.850,2022Q2,0.03234257997470225,0.07412436012431227,0.04435550393745661,0.3408366128072635,0.13967222038098323,0.7579639152529487,-0.6276663768875945,0.5424476696609503,-8.04272949937154,-14.385026569018905,6.3422970696473655,546,1.008848845627866,50,25.297073995108946,53.964477158586256
godavari_82.290_16.850,2022Q3,0.03840666972796128,0.06740143135860403,0.038160907118145404,0.28777909900955745,0.11864861029399584,0.7623342365875245,-0.6168340844913263,0.5061685478092901,-7.174931461972679,-13.27739364202862,6.102462180055942,347,1.005631083581369,49,27.137931978953265,57.89145063546248
godavari_82.290_16.850,2022Q4,0.023829109016711307,0.05416068956304071,0.02170937195809473,0.3142754695791879,0.09859581099594678,0.8679029005367742,-0.7023063683587676,0.5762352596781729,-7.817882330201886,-14.081354456280321,6.263472126078435,495,1.008848845627866,50,22.037100856629447,47.010204660387636
godavari_82.290_16.850,2023Q1,0.04604103160343212,0.06740421135756738,0.039835008195736245,0.3016121311093715,0.10415805686766123,0.7513718985886423,-0.620969791978008,0.5473683285160991,-8.53928332266606,-14.542812940061918,6.003529617395857,681,1.008848845627866,51,32.79542356968017,69.96018142154882
godavari_82.290_16.850,2023Q2,0.039258060577804475,0.07172341216332795,0.045272657093883194,0.3042950179857703,0.13211234388195608,0.7429682097818263,-0.6195917538688775,0.5059780998878287,-8.789506885175458,-14.723576046679533,5.934069161504075,509,1.008848845627866,54,31.137760427640515,66.42400467705558
godavari_82.290_16.850,2023Q3,0.01697220766145584,0.056044814779899345,0.031552547318029596,0.28533108955153846,0.12272933632036243,0.7951853927013094,-0.6666420100184398,0.46019682372120263,-8.108067895176298,-14.187493527873816,6.079425632697518,357,1.008848845627866,51,38.03180178909078,81.13058053054212
godavari_82.290_16.850,2023Q4,0.044919922290715265,0.0692403765125412,0.04307847589501344,0.28464416838407897,0.11493058062544953,0.7393831707723545,-0.6048592422407495,0.49743639935189893,-8.571280993668978,-14.692360625529497,6.121079631860519,574,1.008848845627866,46,27.277792553896436,58.189805409748494
godavari_82.290_16.850,2024Q1,0.05250668064125405,0.07565282731400769,0.04762746661705016,0.2962190048554515,0.11675355545731429,0.7096803925928884,-0.574816383823221,0.5166053871462063,-8.63589676948047,-14.823669415976013,6.187772646495544,680,1.008848845627866,48,18.593622745897555,39.66447385023105
godavari_82.290_16.850,2024Q2,0.027844927267948426,0.0632311844471153,0.035951956433094165,0.29645760563747914,0.1322897262946638,0.7801207657989667,-0.6448364133082104,0.5004581238870819,-8.571257104028886,-14.584871355752275,6.013614251723389,513,1.008848845627866,40,37.264721001045444,79.49422078106018
godavari_82.290_16.850,2024Q3,0.04902029508532367,0.07860061000436866,0.051497397415787426,0.2849895621927614,0.13415406767922727,0.6975729100870702,-0.5698178299568748,0.4768995651665668,-7.515300356360115,-13.4686447176095,5.9533443612493855,242,1.008848845627866,49,28.36271277960795,60.50418978284307
godavari_82.290_16.850,2024Q4,0.015309264535553641,0.05055098981654864,0.020830100042702276,0.3071322717515979,0.10563122209486346,0.8734290571249866,-0.7285690328882157,0.5426134819558898,-8.049854723250789,-14.141000468711207,6.091145745460418,443,1.008848845627866,52,30.245757902992906,64.52115813140155
godavari_82.290_16.850,2025Q1,0.040686921017760086,0.06686371546471503,0.03547426648729374,0.3182879255117938,0.10811213112982017,0.7905206198980502,-0.6407460906227832,0.5673979065453606,-8.140578396619492,-14.448417012657892,6.307838616038399,653,1.008848845627866,51,35.6833346694931,76.12076001700278
godavari_82.290_16.850,2025Q2,0.03618706393300177,0.07576081259570044,0.04173474071749664,0.32991236425284004,0.12801051715711614,0.7777265126825119,-0.6295762485192485,0.5565250770588933,-7.852833707137156,-13.977595476745094,6.124761769607938,685,1.008848845627866,54,22.64665452252456,48.310522827085066
godavari_82.290_16.850,2025Q3,0.030520660317796277,0.07069037836755485,0.04358791361291028,0.2924952535836995,0.13454270994993883,0.736871889815945,-0.6078945816582393,0.46557357107917713,-7.472346848578935,-13.800399245599051,6.328052397020116,387,1.008848845627866,52,28.880719010397673,61.609216214550635
godavari_82.290_16.850,2025Q4,0.0460599555958787,0.0732438625518298,0.042180685116292846,0.30496003402075555,0.11322658283801322,0.7575340030430975,-0.615156194947659,0.5363952524630372,-7.6882630080010355,-13.86351715434499,6.1752541463439545,638,1.008848845627866,54,24.661507528715003,52.608667705480705
godavari_82.290_16.850,2026Q1,0.039103861869705936,0.06967372516863514,0.03915254159133865,0.31063164820734496,0.11189661692591019,0.7737766330073166,-0.6319304864140207,0.5451483689551158,-8.266042247272445,-14.531787508415835,6.26574526114339,739,1.008848845627866,55,31.912025154655783,68.07568942066636
godavari_82.290_16.850,2026Q2,0.050139636820209305,0.08618285480393299,0.05482520478804946,0.31855308232786145,0.14555286563244385,0.7068449261598742,-0.5787003973814777,0.5083111168751414,-8.369281500829375,-14.769891466769902,6.400609965940527,696,1.008848845627866,54,27.793864664901236,59.29070591910727
godavari_82.290_16.850,2026Q3,0.042179705968241145,0.071197759803125,0.04388189363676911,0.28936467865331095,0.12873185766494202,0.7281113027000501,-0.5950673946252649,0.49859971828652955,-7.790364049033588,-14.16069861059084,6.370334561557252,408,1.008848845627866,50,38.77953360920994,82.72566448117492
godavari_82.300_16.730,2019Q2,0.0572382624687034,0.08499954434991619,0.07733508223711598,0.22151582930175795,0.15013816849606182,0.4578260764021252,-0.42155092676519623,0.28296405363509286,-8.255064670109999,-14.423942778005115,6.168878107895116,597,1.0084592982942726,68,14.316310723207085,30.539983524067054
godavari_82.300_16.730,2019Q3,0.04710090320107629,0.0835864795768839,0.06545961979383992,0.2554025278795481,0.10439762827578752,0.563120957208103,-0.47592545111297085,0.3511195625575402,-7.705537245741615,-13.861846068314499,6.156308822572884,382,1.0081819442518374,62,13.551539053153281,28.908549654358172
godavari_82.300_16.730,2019Q4,0.09217647663318716,0.10899612595974498,0.08033958859044889,0.2715933313140029,0.10588776133376901,0.530988432035125,-0.4113453504772744,0.445788154021829,-7.771724111888789,-13.984242453625463,6.212518341736674,541,1.0084592982942726,153,15.731102702859728,33.55806021882146
godavari_82.300_16.730,2020Q1,0.059614288849801224,0.08000428073040511,0.06047108735702872,0.2523871010001635,0.1190488573496001,0.587673134814699,-0.4958509337244878,0.3981924624803972,-8.127448311518426,-14.38525720811651,6.257808896598084,718,1.0084592982942726,75,16.350874291104684,34.88017556401324
godavari_82.300_16.730,2020Q2,0.05528076977107969,0.08441862356476597,0.06724457381154822,0.2486603058735869,0.13336670502417372,0.535201304221249,-0.4585980602540257,0.36291419047138884,-8.122952518705969,-14.149848693545206,6.026896174839237,525,1.0084592982942726,54,16.328454638228955,34.83234928790915
godavari_82.300_16.730,2020Q3,0.052959910410991906,0.08358818296656272,0.05502892002952378,0.26517289269601746,0.10681639768019721,0.6205598798155563,-0.4916857073196998,0.421563337411614,-7.628939724504356,-13.716460123187705,6.087520398683349,279,1.0084592982942726,55,11.988722666513814,25.574702853887263
godavari_82.300_16.730,2020Q4,0.07916049402659804,0.0961298241118723,0.0674839200077551,0.26434966615457595,0.09246122180103546,0.5822662087520656,-0.4591480630402312,0.4487161220626532,-7.752456320335449,-13.735123907689683,5.982667587354234,493,1.0084592982942726,51,17.05530829019139,36.38289530388498
godavari_82.300_16.730,2021Q1,0.0397912668465129,0.06359128078319529,0.044547372838772886,0.25694533300482997,0.09657750936598433,0.6695702925434278,-0.5754765597282825,0.421598049476272,-8.082581714610127,-14.124053112281818,6.041471397671691,651,1.0084592982942726,46,19.007075945206527,40.54646461859293
godavari_82.300_16.730,2021Q2,0.054154935941922534,0.08293571078831478,0.059591085851363676,0.25936661459705396,0.1201485185244089,0.5910444659130863,-0.489117651122351,0.4022478879027664,-8.091048012609237,-14.139459909690572,6.048411897081335,504,1.0084592982942726,59,16.159914918517906,34.47281530162996
godavari_82.300_16.730,2021Q3,0.0607124104015245,0.09502705780531974,0.06728507339754114,0.2831078419870075,0.10810374006810453,0.5868077338362476,-0.4684523520058681,0.4410285096137702,-7.66407341755225,-13.484633324957082,5.820559907404832,314,1.0084592982942726,55,13.7412223647782,29.313187785215803
godavari_82.300_16.730,2021Q4,0.03517663972115408,0.06608381305295401,0.03711585043954594,0.2963380532508154,0.09528708965070791,0.7522423275558628,-0.6100422902839243,0.49975392416678005,-7.853706397914586,-13.772019769396195,5.918313371481609,501,1.0084592982942726,50,17.147951882193293,36.58052539365121
godavari_82.300_16.730,2022Q1,0.04942521379370584,0.07053582560055793,0.0489324687902001,0.2755634570757288,0.10173704400577145,0.677033604434903,-0.570060691842277,0.4670690590755684,-8.356116177539914,-14.388461356364106,6.032345178824192,646,1.0084592982942726,54,21.881417462103954,46.678096172684015
godavari_82.300_16.730,2022Q2,0.022520482093151824,0.05777429652432302,0.04079910642828788,0.254715826581971,0.11938294167892187,0.6968444032655987,-0.6081705696348363,0.3986044568508971,-8.269375277124725,-14.12633685706,5.856961579935275,546,1.0084592982942726,50,32.430846488250474,69.18245465413058
godavari_82.300_16.730,2022Q3,0.04765243609646798,0.08201858459850228,0.0557145410251443,0.30598487836657007,0.10070549095109274,0.6657194466016267,-0.5528364673129901,0.4820299655213821,-7.990606118254121,-13.96542441384069,5.974818295586569,347,1.0084592982942726,49,14.131424190745605,30.14557802642425
godavari_82.300_16.730,2022Q4,0.030338165403279774,0.060291590308032654,0.030518207003027747,0.3379773230400462,0.09069223840598281,0.8094705814061139,-0.6739476817821861,0.5762902566015002,-8.21734221690125,-14.166082225462532,5.948740008561282,495,1.0084592982942726,50,13.905058901399158,29.66268880023173
godavari_82.300_16.730,2023Q1,0.04809575523327352,0.06770102423349245,0.04554300098714149,0.27931382099066143,0.09651601505921416,0.6886043039509496,-0.5796765448445761,0.4741586847532467,-8.50056143179467,-14.433844041952968,5.933282610158297,681,1.0084592982942726,51,21.077687011569065,44.96355426368948
godavari_82.300_16.730,2023Q2,0.03050596034726711,0.06383965951590959,0.040011353349331695,0.29368685296462327,0.1260585609706,0.7230123868300169,-0.6111233576242023,0.4696636775122998,-8.568015377103587,-14.352519511090833,5.784504133987246,509,1.0084592982942726,54,29.29057738517673,62.483538395380556
godavari_82.300_16.730,2023Q3,0.03614261811745545,0.0692787528886169,0.04297808505117107,0.30381109118288574,0.11355791679201062,0.7359928340978934,-0.6100368463296144,0.49758198666497855,-8.102332700717776,-14.060101460232746,5.95776875951497,357,1.0084592982942726,51,23.840124547857194,50.8564688892254
godavari_82.300_16.730,2023Q4,0.05536239837132762,0.07885197308304431,0.05137030200293914,0.312320613947798,0.10644917088276472,0.7025812336131282,-0.5814051094193518,0.5318462201947418,-8.304685087722161,-14.206194039561304,5.901508951839142,574,1.0084592982942726,46,18.850496262993307,40.21244414310521
godavari_82.300_16.730,2024Q1,0.051586237055980026,0.0748748492839729,0.05196310084788043,0.290322429050667,0.11203549555317625,0.6621624313064712,-0.5540333436419946,0.48744677035697964,-8.538351100552733,-14.436226762046187,5.897875661493455,680,1.0084592982942726,48,24.570095137448888,52.413664050060085
godavari_82.300_16.730,2024Q2,0.018305099902210582,0.05289276590735235,0.031608990439779376,0.27284895805427967,0.124729162701787,0.7609449216666178,-0.6547666763611129,0.44976968089477,-8.473709465155732,-14.214072903287903,5.740363438132171,513,1.0084592982942726,40,42.90758463612863,91.53174677332868
godavari_82.300_16.730,2024Q3,0.02505235518624287,0.06150786647221698,0.035556408271221716,0.30009493819465227,0.10705707741744522,0.766660996499839,-0.6370989720782567,0.48569144596085295,-7.805460708229637,-13.647472454212558,5.842011745982921,242,1.0084592982942726,49,26.451813086902607,56.42780123137325
godavari_82.300_16.730,2024Q4,0.020812891179434426,0.05351759184792053,0.02493676355390254,0.32965163177453816,0.09539218298175046,0.8413812723628334,-0.705103882370006,0.5685552118858493,-8.222475834288309,-14.142963391843452,5.920487557555143,443,1.0084592982942726,52,18.244313028270394,38.91931588129726
godavari_82.300_16.730,2025Q1,0.03395903663979297,0.060062336286684066,0.03631990783106417,0.2807777992136097,0.10183904133700937,0.7523079826981294,-0.633658435636521,0.48740042096557035,-8.431700904350496,-14.415451267301481,5.983750362950985,653,1.0084592982942726,51,25.262823141029696,53.891412209138785
godavari_82.300_16.730,2025Q2,0.0216668745375247,0.06081926613091448,0.03720343541406472,0.29110932437079984,0.12267714314090895,0.7482607096308841,-0.63689481612147,0.4733613919344805,-8.352800677589862,-14.067985639708997,5.715184962119135,685,1.0084592982942726,54,31.37374213125272,66.92740792665224
godavari_82.300_16.730,2025Q3,0.018904801220239496,0.06476245590922917,0.038245203328402776,0.32265377358439823,0.10974519751683359,0.7748260605490921,-0.6534155129099493,0.502058485997151,-7.999041994578882,-13.986337860484445,5.987295865905563,387,1.0084592982942726,52,25.87896374102506,55.20578182126689
godavari_82.300_16.730,2025Q4,0.03495012581383822,0.06320263100552383,0.03621202084181258,0.330640422230542,0.10038387505915984,0.7862303961586385,-0.6629290132171249,0.5689946902198094,-8.060542977905804,-13.943063645711822,5.882520667806018,638,1.0084592982942726,54,17.952448204910453,38.29670108416113
godavari_82.300_16.730,2026Q1,0.05008832291664143,0.07203030067361667,0.04668661446902217,0.2918493728171091,0.10421640295162357,0.7078391034427584,-0.5878633712195676,0.4978352250758926,-8.665599612783634,-14.437446053802816,5.771846441019182,739,1.0084592982942726,55,20.051707520330254,42.77490403359411
godavari_82.300_16.730,2026Q2,0.04451993216467727,0.07508013769716022,0.04975285089036788,0.29290872126115325,0.13104175468988058,0.6965790864989225,-0.586236443032681,0.47496759764580915,-8.590552875414703,-14.301871127503546,5.711318252088843,696,1.0084592982942726,54,31.54243866245135,67.28727642790109
godavari_82.300_16.730,2026Q3,0.0512363669563472,0.08476632200564471,0.054929500976966646,0.32375743245572386,0.12986939442403492,0.6908698954124932,-0.576452708842455,0.4966783737904975,-8.158572565923532,-14.092163585025514,5.933591019101982,408,1.0084592982942726,50,22.179850959454228,47.31472346223654
godavari_82.300_16.740,2019Q2,0.06883078221952878,0.09430864499366387,0.08015265203684238,0.23832235637826032,0.14817547953622828,0.47174526293916874,-0.40685986694671156,0.3268033170438928,-8.323130112101643,-14.777072234790513,6.45394212268887,597,1.0179162072767365,68,14.612811859308513,31.172488642632697
godavari_82.300_16.740,2019Q3,0.047066378530396115,0.08087348440262285,0.06357203060958913,0.25280759457375024,0.1119498387084599,0.5727734955424766,-0.4931103502057256,0.3546177565945753,-7.550875564633643,-13.915422474027714,6.364546909394071,382,1.0179162072767365,62,14.07929300082204,30.0343702081436
godavari_82.300_16.740,2019Q4,0.09029059828526544,0.10686252967899755,0.07779152463180637,0.26164111928650846,0.10884030883539896,0.5184377688915935,-0.4023818207966085,0.4137286293610899,-7.704152746012323,-14.063361498907764,6.359208752895441,541,1.0179162072767365,153,15.387786178005712,32.82568710850713
godavari_82.300_16.740,2020Q1,0.07096874488543914,0.08988668190030397,0.06711827101400818,0.26133422344625923,0.12000137610334938,0.5514920541122507,-0.4462586031926179,0.41187998482579535,-8.180517308375293,-14.57160842494718,6.391091116571886,718,1.0179162072767365,75,18.4166130768523,39.28687151393364
godavari_82.300_16.740,2020Q2,0.06386632045652989,0.09165682126380464,0.06928180288543594,0.2708954055917263,0.13766364329518063,0.56201154244906,-0.46799218950059657,0.4079562858653452,-7.975712924534248,-14.24672834815863,6.271015423624382,525,1.0179162072767365,54,17.748679586288322,37.86201575385784
godavari_82.300_16.740,2020Q3,0.05500118945971009,0.08463306022060653,0.0581717034467938,0.2621740073468642,0.11223501056794169,0.6058159660725114,-0.48318526753747976,0.41837235930097916,-7.2280099381684195,-13.514576644393566,6.2865667062251465,279,1.017640573318633,55,13.742206168083124,29.31528646393996
godavari_82.300_16.740,2020Q4,0.07959059613515278,0.09738796592557225,0.0699474411047227,0.2561134595591713,0.0948442824962023,0.5507802317256754,-0.43056121065744973,0.4260083177373681,-7.354623774473573,-13.468397579645831,6.113773805172258,493,1.0179162072767365,51,16.871610858491344,35.99102643165949
godavari_82.300_16.740,2021Q1,0.04112310271604797,0.06510479320706215,0.04503225994459395,0.2593107483894463,0.09989593484841638,0.6656575019587727,-0.5673194416949251,0.4244543814238524,-7.740403143604098,-14.058342598198104,6.317939454594006,651,1.0179162072767365,46,18.392613181715486,39.23567421763093
godavari_82.300_16.740,2021Q2,0.057027611985834656,0.08784071982354,0.06217788480386864,0.2755927033361144,0.12633038942278949,0.5994845454027916,-0.49289884304875686,0.4280612484534601,-7.734096049228637,-14.045941007996037,6.3118449587673995,504,1.0179162072767365,59,17.736274521496725,37.835552897492455
godavari_82.300_16.740,2021Q3,0.061757718017582335,0.09305579592076325,0.06558248195817183,0.2701572974132334,0.10926274456885625,0.5751886194143391,-0.45517612457388096,0.4184026022241977,-7.205579712604403,-13.307901865745324,6.10232215314092,314,1.0179162072767365,55,12.550975371906166,26.774117192611396
godavari_82.300_16.740,2021Q4,0.040710698861872126,0.07067121389666929,0.042776317821783,0.2737619071359646,0.0956161447157313,0.7100322938951356,-0.5737996974937648,0.46198891578924867,-7.411259727767952,-13.553277850515425,6.142018122747473,501,1.0179162072767365,50,15.464774905320361,32.989921771276556
godavari_82.300_16.740,2022Q1,0.05144497181713737,0.07404566746468437,0.05024883464604889,0.2746568420736174,0.10520769204788873,0.665401131254477,-0.5527790214910172,0.4624695525376124,-7.88850147904686,-14.20243632816211,6.31393484911525,646,1.0179162072767365,54,25.207804524153655,53.7740448450603
godavari_82.300_16.740,2022Q2,0.02713607233946781,0.06453516108028594,0.04461069713060069,0.2605745135233734,0.1271040404823675,0.67553735391128,-0.5794651981113499,0.40014649933813384,-8.048138382080369,-14.104418689493539,6.05628030741317,546,1.0179162072767365,50,26.407974916648612,56.33428433144232
godavari_82.300_16.740,2022Q3,0.04429319607086983,0.07852202016977054,0.05304061562280824,0.30170778667468157,0.10755107724949291,0.6743396373136274,-0.5578808626852123,0.4673521864775072,-7.492276283151497,-13.853176467024,6.360900183872502,347,1.0179162072767365,49,15.241426560035121,32.513468380663724
godavari_82.300_16.740,2022Q4,0.027599607321513304,0.059612207909848704,0.029091292867772497,0.3245644513170217,0.0907448244027581,0.8106146514780538,-0.6693748177953431,0.5581140193859742,-7.759399484064211,-14.025649446509817,6.266249962445606,495,1.0179162072767365,50,15.101946558000407,32.21592545592321
godavari_82.300_16.740,2023Q1,0.04698318148822037,0.06867407522790255,0.045880541563971824,0.27687610935196705,0.10021425666755286,0.6926084313089073,-0.5777594159440219,0.4703037239869546,-8.174410841990625,-14.381632226044768,6.207221384054144,681,1.0179162072767365,51,22.917469312311145,48.88823306110151
godavari_82.300_16.740,2023Q2,0.033239933047642105,0.07223006075853303,0.0444273264545647,0.30335411600015033,0.132564743801396,0.7208138036968755,-0.5992997489120105,0.48548001347193487,-8.156679409860905,-14.263774945647462,6.1070955357865575,509,1.0179162072767365,54,29.097330522713964,62.07129839096911
godavari_82.300_16.740,2023Q3,0.03815680670766952,0.07177944660103133,0.04631089865458973,0.2847643285666633,0.11920694183994367,0.7107771380088429,-0.5875013527623801,0.4611143518274944,-7.661814453561073,-13.927390934044777,6.265576480483704,357,1.0179162072767365,51,24.64784042596323,52.57951263187755
godavari_82.300_16.740,2023Q4,0.06096593389396768,0.0848499958387763,0.056474529495044064,0.3011246097846986,0.11192657323011566,0.6749852775166783,-0.5542075394229542,0.5085208439422769,-7.939655926655189,-14.086401410682301,6.146745484027112,574,1.0179162072767365,46,16.39863734087854,34.98206513468233
godavari_82.300_16.740,2024Q1,0.05670187863415858,0.0807386680609525,0.056224429641490235,0.29637483864557984,0.11741623296725962,0.659466226975676,-0.5421162169293915,0.49960535606260587,-8.179488412765313,-14.314776735884218,6.135288323118905,680,1.0179162072767365,48,19.98011440374153,42.62217944949355
godavari_82.300_16.740,2024Q2,0.02378200123228527,0.06074307547657905,0.035464532250071214,0.28356097712069683,0.12876477709895925,0.7547810074811421,-0.629279086702305,0.46532555304896933,-8.102381244739265,-14.199795947884134,6.097414703144869,513,1.0179162072767365,40,40.11134832755828,85.56673159279717
godavari_82.300_16.740,2024Q3,0.020714855385385093,0.0629366447811687,0.036731184177816456,0.3020810818055564,0.11212583476246502,0.7712240886848515,-0.6448724700400777,0.48283516587007747,-7.367639487385912,-13.50298073348037,6.135341246094459,242,1.0179162072767365,49,27.37297257856118,58.39284629376407
godavari_82.300_16.740,2024Q4,0.02201479914752264,0.054784492340033276,0.027262461484888142,0.3116378392899295,0.09624265403931413,0.8236699473828046,-0.6872960757685954,0.5339430208287391,-7.805687589447231,-13.994889571301648,6.189201981854417,443,1.0179162072767365,52,15.965264173182668,34.05758049215846
godavari_82.300_16.740,2025Q1,0.037469017589880416,0.0650650385977188,0.03850951435210443,0.2917293692016276,0.10656280233248672,0.755734627299862,-0.6271310759216275,0.505606011141391,-7.9898536387683965,-14.168888155053871,6.1790345162854745,653,1.0179162072767365,51,33.521494930673995,71.50905863096169
godavari_82.300_16.740,2025Q2,0.026393519896609,0.06833453373090195,0.03943592303117361,0.31671731870497466,0.12918118088086175,0.7614958494779843,-0.6274419413301918,0.512278955375369,-7.982973599631502,-13.87858554213328,5.895611942501778,685,1.0179162072767365,54,30.995591205783615,66.12072502791378
godavari_82.300_16.740,2025Q3,0.025060542086190612,0.06565169361334719,0.03924083084956539,0.3072710806843165,0.11474658504761251,0.7643795573127055,-0.6385533391545191,0.4834066579498892,-7.547053356058642,-13.756537107384432,6.20948375132579,387,1.0179162072767365,52,26.202552822895456,55.89607175838528
godavari_82.300_16.740,2025Q4,0.042222279779897655,0.07097814595888916,0.04228815348801051,0.31833809574862953,0.10259284200512973,0.7578231642683981,-0.6280664388393468,0.548477931933341,-7.670930746708504,-13.750894410852226,6.079963664143722,638,1.0179162072767365,54,19.44731529906638,41.48559641542737
godavari_82.300_16.740,2026Q1,0.04766045215166856,0.07411473641623523,0.048810335206473966,0.2815606105580711,0.10778398247982293,0.6828247213361911,-0.5600522177639999,0.4696766984481061,-8.171618852748077,-14.037333987807514,5.865715135059437,739,1.0179162072767365,55,20.229450447093253,43.154070577252746
godavari_82.300_16.740,2026Q2,0.03828751986213096,0.07395047795568652,0.04932480678420872,0.27438680220703476,0.1353909893908159,0.687998186019335,-0.57633703656907,0.4362883713587467,-8.30313793769106,-14.163732476928026,5.860594539236965,696,1.0179162072767365,54,27.30279876694911,58.24314941361885
godavari_82.300_16.740,2026Q3,0.059045156452685744,0.09236800948909377,0.06119958208435993,0.31298217613395707,0.12807339344700408,0.6669880292556456,-0.5416922523202621,0.48604431429497935,-7.915380047005875,-14.09948027029229,6.184100223286415,408,1.0179162072767365,50,21.318766373950556,45.47783199190254
godavari_82.300_16.800,2019Q2,0.06854736182868684,0.09058769361372335,0.06555788897845417,0.2680275607618536,0.1308417493467667,0.5808534877926539,-0.47531652191982177,0.42236483287309123,-8.271843599118906,-14.16668399015538,5.894840391036475,597,1.0178131669676571,68,27.204475312007315,58.03340286983337
godavari_82.300_16.800,2019Q3,0.04832678834130044,0.07755349923780766,0.05004809864699022,0.27814850329928203,0.1246119550804048,0.6824119584605238,-0.548490708712673,0.44829692572843066,-7.860020903959686,-13.828594154117868,5.968573250158181,382,1.0178131669676571,62,23.89788327025086,50.97968152859724
godavari_82.300_16.800,2019Q4,0.07288023856562255,0.08861227531914237,0.058456489296031935,0.28494198935396464,0.10081588140657119,0.6548212563007232,-0.5149322729015516,0.5161428650625552,-7.981680326499541,-14.052025401096323,6.070345074596782,541,1.0178131669676571,153,18.178982401698665,38.779950628775644
godavari_82.300_16.800,2020Q1,0.06385330266803164,0.08246859563169893,0.05334400292235669,0.28074143769488624,0.1094128734918381,0.6659557680034668,-0.530086710698137,0.4914046154474313,-8.326200493238918,-14.406542990860995,6.080342497622077,718,1.0178131669676571,75,21.365563390106132,45.577660790676106
godavari_82.300_16.800,2020Q2,0.07093712953202651,0.09681972027247103,0.06609424235334632,0.29614462087536925,0.13297717914958945,0.6072128448586432,-0.47833894016170964,0.475257840739113,-7.986933600857448,-13.992213875644097,6.005280274786649,525,1.0178131669676571,54,36.7929382347987,78.48779963061963
godavari_82.300_16.800,2020Q3,0.05465069740348258,0.08123300248461256,0.04948327078927711,0.2700391220788718,0.11916223939717556,0.6845483032153692,-0.5333966342349362,0.4719518998749813,-7.356087964815186,-13.369120410429511,6.013032445614326,279,1.0159251354457397,55,26.01118762299388,55.48784577299924
godavari_82.300_16.800,2020Q4,0.06438486072741212,0.08288848120576416,0.051866096565260825,0.2770887388121916,0.0968300627944404,0.6825763780660659,-0.5407982735746079,0.5015153653054851,-7.602983584975926,-13.528231308360898,5.925247723384971,493,1.0178131669676571,51,16.808335182440626,35.85604486123781
godavari_82.300_16.800,2021Q1,0.03720529025093521,0.061021171780221546,0.0366681787560493,0.2801937257059451,0.09817505732254224,0.7501405491966558,-0.6240399976991222,0.4964798560503937,-8.158867540940598,-14.188400246611067,6.029532705670469,651,1.0178131669676571,46,22.80633507383589,48.65115816955893
godavari_82.300_16.800,2021Q2,0.06214601704680343,0.09084432521299197,0.05813153920617591,0.2945776076964555,0.13078502955533636,0.655313809281689,-0.5179133938548502,0.49068373788371245,-8.051184708419287,-14.042902641945771,5.991717933526484,504,1.0178131669676571,59,43.909991620852274,93.6701114253507
godavari_82.300_16.800,2021Q3,0.06203512541642936,0.08526425254905982,0.05674139012453221,0.254540323954424,0.12026086787803328,0.6267419332496533,-0.4910065968487406,0.18076193124866535,-7.4769322890878644,-13.244237226585867,5.767304937498002,314,1.0122311607289443,55,17.038599982892336,36.34725264150542
godavari_82.300_16.800,2021Q4,0.0357051265184182,0.06244247557466903,0.03352664721008693,0.29172572597497887,0.10279751344990407,0.7794598739740836,-0.6321498519933498,0.5106255814648112,-7.800012525527398,-13.751266025508674,5.951253499981275,501,1.0178131669676571,50,22.00734662805368,46.94673204736296
godavari_82.300_16.800,2022Q1,0.055558952622214546,0.07529420432915641,0.046444682901128895,0.2942779715032167,0.10379655016531625,0.7083054980085888,-0.5731065962124225,0.5259215619677561,-8.094578108587596,-14.239636418729233,6.145058310141637,646,1.0178131669676571,54,16.688458116988777,35.60031950890397
godavari_82.300_16.800,2022Q2,0.029523641247608735,0.06678245465218753,0.04162151046861132,0.28699399151319144,0.12776559476237756,0.7179595573211139,-0.5989536309810596,0.4561815005747898,-8.080080135315024,-14.061001572429346,5.980921437114322,546,1.0178131669676571,50,30.83240002723817,65.77260071010528
godavari_82.300_16.800,2022Q3,0.05721681754216898,0.08649752870415177,0.0569311313979843,0.29780724262786656,0.1235329095338145,0.681346905120937,-0.5513727898673569,0.49824499734253097,-7.546773489653829,-13.504015028596125,5.957241538942296,347,1.0178131669676571,49,19.041627335564566,40.6201706810464
godavari_82.300_16.800,2022Q4,0.03503384782935545,0.06372002001233079,0.031105052601863033,0.31157183074578737,0.0956747129290149,0.8114744887848605,-0.6560374926778666,0.5586913208633963,-7.910697747653128,-13.993151825239174,6.082454077586046,495,1.0178131669676571,50,16.664288875049795,35.54876095692247
godavari_82.300_16.800,2023Q1,0.044281414932236335,0.06300364650844383,0.04041324358268806,0.2572471300847629,0.09984112045312106,0.700815068204247,-0.5733382320698471,0.45907487503195005,-8.217597644639751,-14.223446591167244,6.005848946527493,681,1.0178131669676571,51,26.176685881242175,55.840891622442236
godavari_82.300_16.800,2023Q2,0.03704348767112122,0.06899229823630951,0.04190639185254485,0.27211476538299634,0.12522422056971302,0.7103699095718704,-0.5900994676967847,0.45050133323629954,-8.482522688892825,-14.238868954202314,5.756346265309489,509,1.0178131669676571,54,32.839713097741296,70.05466117149467
godavari_82.300_16.800,2023Q3,0.020433611216631505,0.06399016522831918,0.03743244514533351,0.29743350330601426,0.12054917842408126,0.7616528633763104,-0.636910052126261,0.4795349129149224,-8.0343775312498,-14.120198651605326,6.085821120355526,357,1.0178131669676571,51,26.651854318507947,56.85453518787072
godavari_82.300_16.800,2023Q4,0.046958121149508425,0.07088320280974253,0.044113656446624204,0.28896361847487,0.1087018762215653,0.7339858968357628,-0.6112565748248903,0.504325706597962,-8.179282400695698,-14.299635304459171,6.120352903763473,574,1.0178131669676571,46,21.386389788611318,45.62208828875933
godavari_82.300_16.800,2024Q1,0.044900568963720765,0.06699191413265161,0.04313365627864549,0.27250544075371064,0.10467584715379669,0.6997771390498111,-0.5735796621452839,0.46784274528833775,-8.257340202714758,-14.30364091510877,6.046300712394013,680,1.0178131669676571,48,30.62625563029939,65.33284729822357
godavari_82.300_16.800,2024Q2,0.02721177685936375,0.05792809887854874,0.036259211214604695,0.2543593696265792,0.11902357727403828,0.7309840740506479,-0.6172034017588246,0.42943184517548383,-8.385059695224474,-14.126040596340914,5.7409809011164405,513,1.0178131669676571,40,28.853051529889896,61.55019511510702
godavari_82.300_16.800,2024Q3,0.03923241130238578,0.07270662178692602,0.04228368554588985,0.3144696088497266,0.12058521986665095,0.7589896732324677,-0.6214964863664393,0.5339392286453966,-7.804497959291962,-13.766678663705443,5.962180704413481,242,1.0178131669676571,49,30.38273020900334,64.8133515637522
godavari_82.300_16.800,2024Q4,0.0186972774027588,0.04978185718410066,0.022167934414572852,0.3119207332730035,0.1000365984957142,0.8514461710615381,-0.7108318679044477,0.548977707194496,-8.050259218993418,-14.143042080398814,6.0927828614053965,443,1.0178131669676571,52,22.196880171404462,47.35105068804514
godavari_82.300_16.800,2025Q1,0.040151997273492404,0.06569983290916546,0.036831474404147795,0.3064943908945682,0.10638527945134046,0.7671774544640438,-0.6297909401388645,0.5403116011028197,-7.90963414823855,-14.170634011553664,6.2609998633151145,653,1.0178131669676571,51,32.86209956727614,70.10241665990048
godavari_82.300_16.800,2025Q2,0.037395602154604315,0.07641996148734254,0.04633198961521087,0.32117533034175394,0.12956238692474212,0.7275575172436113,-0.5983120404071551,0.52360503895235,-7.87420410841905,-13.71902785453166,5.84482374611261,685,1.0178131669676571,54,20.547485761612077,43.83251305124373
godavari_82.300_16.800,2025Q3,0.02938862586118854,0.06720554987557781,0.04360656893244012,0.2834440805372943,0.11859950329050403,0.7288211324476516,-0.6145121879813731,0.453858459607531,-7.56581600568002,-13.706676994829664,6.140860989149644,387,1.0178131669676571,52,22.727692402265532,48.483395263284905
godavari_82.300_16.800,2025Q4,0.04564814720597331,0.07458216021169037,0.04477376399852288,0.31458261638133345,0.10820120420844631,0.7505464889006042,-0.6191782912655738,0.5503816060007191,-7.639822120081593,-13.662658132015489,6.0228360119338955,638,1.0178131669676571,54,21.062581694265926,44.93133114765891
godavari_82.300_16.800,2026Q1,0.04434304872412317,0.07127353519933614,0.042678988295540905,0.2971156089837266,0.10526503091554315,0.7307795409313778,-0.5930082096447097,0.5156265743129548,-8.16931541909314,-14.152531887675625,5.983216468582485,739,1.0178131669676571,55,26.744987445959488,57.053209569344155
godavari_82.300_16.800,2026Q2,0.05055424610513414,0.08233704941923715,0.05708032065219968,0.27469195107647704,0.13495098054883256,0.6457849015545815,-0.5370959950190217,0.43703774755472735,-8.310052703966715,-14.125635195937791,5.815582491971076,696,1.0178131669676571,54,25.097016721203815,53.53770898017361
godavari_82.300_16.800,2026Q3,0.042703010539841074,0.07190300400347982,0.04463870562263127,0.2849876763766104,0.11647548772695436,0.7045182527810837,-0.5681849915627345,0.47231308802532557,-8.01748354514223,-13.978043469769032,5.960559924626802,408,1.0178131669676571,50,25.538448987397423,54.4793855333858
godavari_82.300_16.830,2019Q2,0.06825934192840255,0.09322361464131662,0.06859681186729849,0.2727553515853066,0.13646619178591646,0.5767555550188336,-0.46944032718927364,0.42643471831972635,-8.415411906670979,-14.377598984451616,5.962187077780637,597,1.0208702133606633,68,19.089370165149823,40.72201711740256
godavari_82.300_16.830,2019Q3,0.04668295340945849,0.0765374911807328,0.05157982488216669,0.26931229310862537,0.12493665548390558,0.6632863417379914,-0.5391450551744832,0.4320003906369641,-7.89592398570197,-13.986270514037118,6.090346528335148,382,1.0208702133606633,62,20.307026794468957,43.31955876876501
godavari_82.300_16.830,2019Q4,0.06077889522522281,0.07843558119986174,0.0467715285521199,0.27308467497683864,0.10155495034659338,0.6973181374682328,-0.5410772639997923,0.49609463758239547,-7.940237131752543,-14.05408480295822,6.1138476712056775,541,1.0208702133606633,153,19.08851598664732,40.72019495819567
godavari_82.300_16.830,2020Q1,0.0557385806393387,0.07644173495172628,0.04876037250386744,0.2644669572301367,0.10227598376360182,0.6675633689010089,-0.528730561594226,0.46438862445464435,-8.193685702748319,-14.427978761112248,6.23429305836393,718,1.0208702133606633,75,15.83994166848997,33.790238765472864
godavari_82.300_16.830,2020Q2,0.06326674280048866,0.09436509792729335,0.062477911621014744,0.3051587607362413,0.13943027425472573,0.6444258536976913,-0.513044705967526,0.4862924757810469,-7.983368426472019,-14.103148814358166,6.119780387886147,525,1.0208702133606633,54,33.48453967279679,71.43022456620032
godavari_82.300_16.830,2020Q3,0.05906356052597129,0.08627881105324078,0.05409122601160783,0.2854325656634254,0.12972965134331915,0.6706599323406456,-0.5210853632474928,0.4850564931729709,-7.230925495389041,-13.346728219838273,6.115802724449232,279,1.0207770427653033,55,25.528433362486528,54.45801990185714
godavari_82.300_16.830,2020Q4,0.06030659264108827,0.08183868394183258,0.050384120378993716,0.2797423803143685,0.09722164975573268,0.6939784405763236,-0.5478539818712196,0.5015738043193204,-7.39871835464692,-13.38760335008162,5.988884995434699,493,1.0208702133606633,51,18.055577693974264,38.51670000411673
godavari_82.300_16.830,2021Q1,0.038044014612958366,0.06320369930262283,0.038196226307988405,0.28323366448332965,0.10056145647001251,0.7492619784107956,-0.6231384554201268,0.4958319807764357,-7.930835722879605,-14.016063641604216,6.085227918724611,651,1.0208702133606633,46,22.012176131495654,46.95703448899047
godavari_82.300_16.830,2021Q2,0.06633069591010392,0.09609861744000471,0.06317909342602915,0.2982246518497391,0.13296243088073703,0.6396584084945504,-0.5071433721387153,0.47743214217782665,-7.985836440223245,-14.096782293274844,6.110945853051598,504,1.0208702133606633,59,31.052768915008684,66.24269823256398
godavari_82.300_16.830,2021Q3,0.08493260188146338,0.10345520044617197,0.07518809606555767,0.26108001567763467,0.12338117719815378,0.5280600909954632,-0.40886247684896226,0.4147707788553865,-7.2939050589081695,-13.274070010108183,5.980164951200013,314,1.0083853535824094,55,17.438581775438212,37.200505800818064
godavari_82.300_16.830,2021Q4,0.027898108038381764,0.05651191362012195,0.02915371857314963,0.27768741412504766,0.09667910336982641,0.8030399982364727,-0.6500954324991807,0.4969009525777379,-7.562793610259763,-13.738927536026878,6.1761339257671155,501,1.0208702133606633,50,17.48421352280619,37.297848813255854
godavari_82.300_16.830,2022Q1,0.05142134517963385,0.07454546520491029,0.04728790439883164,0.29037423278588276,0.10514548158514539,0.7014891439181753,-0.5636468517547422,0.5056863182999997,-7.984905343477692,-14.176336314475051,6.191430970997359,646,1.0208702133606633,54,19.172390363267503,40.89911829463314
godavari_82.300_16.830,2022Q2,0.03023646708584626,0.07269515675188733,0.044439830913807,0.30796394459140747,0.13285410095490863,0.7308281806966053,-0.6074148222735182,0.48696172210712513,-7.925388943634272,-14.04753872978754,6.122149786153268,546,1.0208702133606633,50,27.23275455394587,58.09372899711395
godavari_82.300_16.830,2022Q3,0.04047781629984857,0.0704804857440128,0.043479178651002856,0.28404032452689526,0.116304680233836,0.7295871347474072,-0.5968210774246672,0.48544712457329353,-7.208695903739968,-13.337035994526463,6.128340090786495,347,1.0208702133606633,49,21.77651382439662,46.4543125856176
godavari_82.300_16.830,2022Q4,0.02602068790263075,0.0552400329797586,0.02526573652619595,0.30944781941549016,0.09631025550470869,0.8415277737400573,-0.6888368097242955,0.5595448900869003,-7.633556507759398,-13.893596220130098,6.2600397123707,495,1.0208702133606633,50,18.03898550642981,38.481305051881264
godavari_82.300_16.830,2023Q1,0.04653087421033596,0.066255801956453,0.04312687249497586,0.2673901816869472,0.10165411443891621,0.7028086536130208,-0.5762226672956735,0.47955034998195534,-8.175310226637889,-14.1039259864477,5.928615759809812,681,1.0208702133606633,51,27.641110733427887,58.96484664987037
godavari_82.300_16.830,2023Q2,0.0362470908640466,0.0695980119797018,0.043905079216393174,0.2906472475714151,0.13010519774908255,0.724653877939138,-0.6015219806802897,0.4816375627407164,-8.504372632469039,-14.37029069455387,5.86591806208483,509,1.0208702133606633,54,30.93412764798426,65.98960912250946
godavari_82.300_16.830,2023Q3,0.016593813848588095,0.0584793030904002,0.03400287171078382,0.28200034340533325,0.12120670670756797,0.7764686284649269,-0.6517217486584618,0.4549976635081452,-7.925357282152644,-14.033596948450139,6.108239666297495,357,1.0208702133606633,51,35.546009050447225,75.82781288668554
godavari_82.300_16.830,2023Q4,0.04457419425350772,0.0717491637742734,0.044611617083619534,0.29484338842216207,0.11057222395568678,0.7314924570126158,-0.6094962619647639,0.5085649545204964,-8.24240190312396,-14.418746445892543,6.176344542768582,574,1.0208702133606633,46,23.79413249021639,50.758357252104325
godavari_82.300_16.830,2024Q1,0.05063481155390168,0.07531771822304408,0.0471227900409297,0.28578660680083684,0.1089674279857032,0.7094528204727412,-0.574993283563246,0.4979556325141396,-8.16676189171223,-14.365286173923389,6.198524282211158,680,1.0208702133606633,48,17.65489949389213,37.661961247355514
godavari_82.300_16.830,2024Q2,0.029401938639464772,0.06101533562041987,0.03627594795981287,0.27831016454206636,0.12194062297894417,0.7593186005915151,-0.6284182096610658,0.47036924133562524,-8.325161816888546,-14.213368555485037,5.888206738596491,513,1.0208702133606633,40,27.962897591396207,59.651292028894126
godavari_82.300_16.830,2024Q3,0.037353683080958315,0.06716909113357812,0.039786652376292704,0.2880298494923298,0.1156928220879428,0.7510689237058304,-0.6123254509523531,0.4869255396200708,-7.507552470688797,-13.490779830360541,5.983227359671744,242,1.0208702133606633,49,27.343690325152203,58.33038051232444
godavari_82.300_16.830,2024Q4,0.017041958130800276,0.05045705493058864,0.022897564693830946,0.3173409428835752,0.10219543737845567,0.8617314093912227,-0.7260623521252583,0.5518428911127937,-7.842467063695457,-14.03568405768251,6.193216993987052,443,1.0208702133606633,52,35.003847404740554,74.6712573992147
godavari_82.300_16.830,2025Q1,0.04119631858349646,0.06710578017205976,0.038133967591701456,0.30589894248753663,0.10386347413288433,0.7654577783786072,-0.626628243696461,0.5387302525606448,-7.8004831206032454,-14.078057411532116,6.277574290928871,653,1.0208702133606633,51,26.5600476792452,56.65869051079624
godavari_82.300_16.830,2025Q2,0.03531501851410918,0.07673167351805939,0.04389176695968306,0.31853499669915825,0.12357952839977251,0.7516142467986489,-0.6133856410183909,0.5244210339825669,-7.791517014722295,-13.684588999037079,5.893071984314783,685,1.0208702133606633,54,18.488404389392795,39.440018895584394
godavari_82.300_16.830,2025Q3,0.04031772419612327,0.0751092567260142,0.04816191311681573,0.30661166066174494,0.13086186695625798,0.7057964588619788,-0.5804188625978669,0.4665934087935599,-7.3766156554389095,-13.607616263142432,6.231000607703523,387,1.0208702133606633,52,30.898474204811748,65.91355212793057
godavari_82.300_16.830,2025Q4,0.04897038081124196,0.07431447453367562,0.045314663031140096,0.3118929564773694,0.10941186502059204,0.7440853063390567,-0.6125132817486687,0.5445595161279353,-7.497574858297754,-13.631874704637932,6.134299846340178,638,1.0208702133606633,54,22.6647855868676,48.34920055747357
godavari_82.300_16.830,2026Q1,0.0509490029048891,0.0757140075600404,0.04790095564661604,0.28771051627554933,0.10624402279130274,0.7006584084673256,-0.5671052694661056,0.49923213638128966,-8.035551826184204,-14.098180481169242,6.062628654985039,739,1.0208702133606633,55,18.060448207905694,38.527089930550666
godavari_82.300_16.830,2026Q2,0.05758520689934171,0.09012053338466854,0.06169074615047974,0.2997169074452967,0.142479901272842,0.653328111222894,-0.5391957740430334,0.47320364513330293,-8.303794906557206,-14.210983141943341,5.907188235386135,696,1.0208702133606633,54,36.91364542749592,78.74529583529713
godavari_82.300_16.830,2026Q3,0.0481981123207266,0.07998595617972516,0.04995476107050403,0.2959911327303886,0.1284464107098139,0.7064355877534898,-0.5698248517653024,0.4927788217931758,-7.9297461394824325,-14.043043417839996,6.113297278357564,408,1.0208702133606633,50,21.69448610297626,46.27932858945204
godavari_82.310_16.800,2019Q2,0.05980036681969981,0.08486251488265527,0.061282383268046095,0.26173373623609875,0.12932782237709778,0.60616019479557,-0.4991731161404353,0.4126061941026686,-8.365801105169322,-14.070610577934378,5.7048094727650565,597,1.0362795227660093,68,22.491451915243065,47.979439969153965
godavari_82.310_16.800,2019Q3,0.04390818917701255,0.0736835573806064,0.0453911655208165,0.2730938300165239,0.12041690370561844,0.7026374381814661,-0.5665714749197828,0.44917951571110887,-7.834814061520456,-13.718818108653874,5.884004047133418,382,1.0362795227660093,62,25.310127684748434,53.9923236809359
godavari_82.310_16.800,2019Q4,0.07465341191427732,0.09147620031471097,0.06022103712040372,0.2756132260074275,0.10092896254775137,0.6503411430127042,-0.5038087654562042,0.4995688648470265,-7.88155486601196,-13.86965435973844,5.98809949372648,541,1.0362795227660093,153,17.252274302236792,36.8030691097606
godavari_82.310_16.800,2020Q1,0.05997305546260309,0.07791560483877029,0.050102335370363335,0.27171793673215644,0.10584068548961997,0.6698843256813195,-0.5306155168531118,0.4771542082029141,-8.273545349518631,-14.248742107761885,5.9751967582432535,718,1.0362795227660093,75,18.201800934661968,38.82862780784895
godavari_82.310_16.800,2020Q2,0.06698259723747604,0.0935974628686267,0.061115499045773944,0.3024697443544975,0.12961913844545572,0.6533918310724506,-0.5179195802511792,0.5000815566891345,-8.03933708581962,-13.96048610103097,5.92114901521135,525,1.0362795227660093,54,28.25535870587955,60.27517885214343
godavari_82.310_16.800,2020Q3,0.055181060065806135,0.08252727035190054,0.049580215161658316,0.2785016278175706,0.11771537354673196,0.6905860315287704,-0.5364963239671545,0.4881541734004387,-7.427165051597697,-13.358693186036918,5.931528134439221,279,1.0359548737927116,55,21.82555656123759,46.55893202312887
godavari_82.310_16.800,2020Q4,0.062119797223700424,0.08025966484129861,0.050211640243752444,0.2702824957783646,0.0935174749012833,0.6768497929661509,-0.5328144184612299,0.4902884100907964,-7.587821464354212,-13.396034307093974,5.808212842739762,493,1.0362795227660093,51,17.42764356769924,37.17717208792305
godavari_82.310_16.800,2021Q1,0.036646337467825654,0.06056592838100334,0.03605531809819151,0.2732051434989184,0.09517729402827779,0.7536842797408844,-0.6246931556654614,0.4849958497977615,-8.176255582241565,-14.05811822087881,5.881862638637246,651,1.0362795227660093,46,16.4856279584208,35.167636129742
godavari_82.310_16.800,2021Q2,0.05830947977243519,0.08794208036073538,0.054144471750060603,0.2869539615022646,0.12319878957603658,0.6727855204103063,-0.5307518900218252,0.47999040066163534,-8.082799534434974,-13.976102652167686,5.893303117732712,504,1.0362795227660093,59,20.87084272958293,44.5223078360282
godavari_82.310_16.800,2021Q3,0.07842789284535792,0.10142467399805385,0.0692977820105447,0.27683483771016615,0.13130364742993492,0.6066560888285264,-0.4698759112952291,0.7514836980967801,-7.468259411486493,-13.150983570328476,5.6827241588419835,314,1.009982955928902,55,35.78110596373656,76.32932867502174
godavari_82.310_16.800,2021Q4,0.032998083513095314,0.06186987712539868,0.0323482885060723,0.28347893136808905,0.10057884773647015,0.7871429441401153,-0.6319603481981068,0.503274987464292,-7.726206487237025,-13.527151000724638,5.800944513487613,501,1.0362795227660093,50,21.22556734637935,45.27901703031682
godavari_82.310_16.800,2022Q1,0.05305500064054649,0.07393882116715632,0.04484729182310172,0.285998777765539,0.10106955209718574,0.7183255892242112,-0.5775734205675447,0.515025337343162,-8.223875685965035,-14.2128357805984,5.988960094633365,646,1.0362795227660093,54,16.317605066303233,34.80920465559005
godavari_82.310_16.800,2022Q2,0.03449117610625669,0.0716993999244631,0.04383421627302826,0.3026716764372124,0.12734122772880754,0.7275901937066941,-0.59170781677176,0.4832264208125524,-8.022580446392919,-13.966008074079033,5.943427627686114,546,1.0362795227660093,50,28.053026835245923,59.84355843575167
godavari_82.310_16.800,2022Q3,0.056288923759504395,0.08473733995235837,0.055898229307855915,0.2873384102851641,0.12033639867124328,0.6666110654055163,-0.5437660614852179,0.468317028839149,-7.424430714232403,-13.362073948039715,5.937643233807312,347,1.0362795227660093,49,20.405314791988516,43.529229673713665
godavari_82.310_16.800,2022Q4,0.027808204497371994,0.057406503090604855,0.02637042628326268,0.304326598729694,0.09375894746486439,0.8368247524597688,-0.6795642815904201,0.5498480584229941,-7.834178680480125,-13.798648212607304,5.964469532127179,495,1.0362795227660093,50,17.726157456219198,37.813970870330486
godavari_82.310_16.800,2023Q1,0.042724181135533765,0.06379333794584854,0.03868257326429953,0.2762961553088535,0.09841229808062163,0.7386817452772441,-0.6091148319148642,0.49552204816051576,-8.252808728077852,-14.130562451005495,5.877753722927643,681,1.0362795227660093,51,21.98765479591357,46.90472484028671
godavari_82.310_16.800,2023Q2,0.03143101270495095,0.06437788285797488,0.038391157812566294,0.26838961765760344,0.12137976511610635,0.7425435302645761,-0.6176670775675748,0.4473834062155489,-8.474511242985091,-14.172184599583325,5.697673356598234,509,1.0362795227660093,54,26.050348175825558,55.57138423911636
godavari_82.310_16.800,2023Q3,0.017832617293196854,0.061939060096635266,0.03555512517236569,0.2987710344510404,0.11960105100076772,0.7787244525584642,-0.6509267832135172,0.47877901142960533,-8.01135148131183,-13.994333033262995,5.982981551951164,357,1.0362795227660093,51,27.915579086904653,59.55035077555761
godavari_82.310_16.800,2023Q4,0.04904814297148359,0.0723282257156588,0.044784001608646935,0.29562522735356933,0.10679454159714774,0.7399866903760337,-0.6107915573705893,0.5162768716341863,-8.14135698440011,-14.133191054930576,5.991834070530466,574,1.0362795227660093,46,21.497334806188444,45.85875952860538
godavari_82.310_16.800,2024Q1,0.0457585889610499,0.06889959393040168,0.04365273314959708,0.28709128563100617,0.10677474405298712,0.7191356718830201,-0.5881022717801216,0.49847364780728837,-8.316394031494967,-14.242640815850027,5.92624678435506,680,1.0362795227660093,48,28.263316952397144,60.292155622362166
godavari_82.310_16.800,2024Q2,0.02655256432972877,0.05740528099850548,0.0346360899916678,0.26441662029046065,0.11489630703683636,0.7585888391722335,-0.6349716761110719,0.4498380922068971,-8.451093803182086,-14.026988662983666,5.575894859801579,513,1.0362795227660093,40,28.414244871469037,60.614119587163906
godavari_82.310_16.800,2024Q3,0.03967193849258941,0.07275650470822201,0.04171235034562779,0.3110400048668554,0.12063409193851958,0.7635985544876254,-0.6207884806317466,0.5331519265739164,-7.698293676233466,-13.574946059618682,5.876652383385216,242,1.0362795227660093,49,30.543971365019654,65.15731603500087
godavari_82.310_16.800,2024Q4,0.018241195027980356,0.05001804131154408,0.021807680702632046,0.311638265558232,0.09995736836563537,0.8653509793918384,-0.71871905215428,0.543182378174372,-7.949638027758514,-13.983617679103546,6.033979651345032,443,1.0362795227660093,52,21.00387525025461,44.80609680010064
godavari_82.310_16.800,2025Q1,0.03845865786761975,0.06550554631039075,0.036017500280123814,0.29895066465467157,0.1015828058247721,0.7750325420878316,-0.6302428575956512,0.5321981066122359,-8.062403668392516,-14.082535337637978,6.020131669245462,653,1.0362795227660093,51,25.731943189691638,54.892153170545896
godavari_82.310_16.800,2025Q2,0.03345053422906763,0.073066108782054,0.0417414107628595,0.31032322502170134,0.12358414517100959,0.7547821695961576,-0.6175412918579037,0.5118306937394419,-7.968583797295161,-13.744797037863005,5.776213240567844,685,1.0362795227660093,54,27.107490495017583,57.82651194868635
godavari_82.310_16.800,2025Q3,0.029586602324167162,0.0668084303711594,0.04059938353301614,0.2925636855074494,0.1181761767697651,0.7518860654044329,-0.6233601241306675,0.46308847547990606,-7.570258231408458,-13.583797403430118,6.013539172021661,387,1.0362795227660093,52,23.10104336395861,49.279838735297425
godavari_82.310_16.800,2025Q4,0.04678054078740378,0.07455446616411085,0.0435230268958235,0.3174018533597483,0.10579727730320553,0.7597102694138869,-0.6237858210884817,0.5552421321703205,-7.650268855208964,-13.473930657459048,5.823661802250085,638,1.0362795227660093,54,23.077483187778174,49.229579460664034
godavari_82.310_16.800,2026Q1,0.046396653561465516,0.07504971550311881,0.04302734187093331,0.3049537430585772,0.10164358688085573,0.7560716923593733,-0.6163005060326453,0.5391989214038018,-8.287791492289594,-14.155923146330693,5.868131654041099,739,1.0362795227660093,55,14.810155693001935,31.593468428982522
godavari_82.310_16.800,2026Q2,0.04470556703362408,0.07764017332803477,0.050895989620733655,0.2928707032657546,0.12744192811882118,0.7003068257642977,-0.5800650578976922,0.4713363621188861,-8.411066464427465,-14.171860730754307,5.760794266326842,696,1.0362795227660093,54,27.87922239943404,59.472793599144666
godavari_82.310_16.800,2026Q3,0.046311687713425476,0.08062497262649725,0.04884154114197491,0.3173984409068029,0.12673825610878392,0.7252835994798588,-0.5849291867969757,0.5231849748691613,-7.9847646108570745,-13.89241236524187,5.907647754384796,408,1.0351432513594676,50,19.527967692026557,41.65764651966181
godavari_82.320_16.740,2019Q2,0.06775964344626073,0.09333974422385921,0.06731343771057681,0.2765157728842791,0.13045671765061756,0.5934182006702156,-0.476850200282658,0.44134009979351635,-8.303864117424801,-14.217659187359843,5.913795069935041,597,1.0271893515136759,68,25.737429958211436,54.903857709755385
godavari_82.320_16.740,2019Q3,0.04375626327631945,0.07602471611000548,0.046315240775872235,0.2931528610586515,0.11803302886707004,0.724446605649766,-0.5823870456896743,0.47889497744618714,-7.668578822905287,-13.755165629831932,6.086586806926645,382,1.0271893515136759,62,19.020074733326503,40.5741940233741
godavari_82.320_16.740,2019Q4,0.08431383520936496,0.10151061685253371,0.06497683241317159,0.3170352778724827,0.10724984232971595,0.6555606425876976,-0.5095360799994061,0.568862733052006,-7.796397557294657,-13.951814340485086,6.155416783190429,541,1.0271893515136759,153,18.983105683977904,40.49533053823219
godavari_82.320_16.740,2020Q1,0.059278976928581334,0.08330399386753433,0.05040804948605326,0.3153645192507851,0.1113460857629792,0.7090959867424979,-0.5644525848270238,0.548529042925595,-8.07592812426563,-14.252765437903403,6.1768373136377726,718,1.0271893515136759,75,17.55375405656157,37.44619476607884
godavari_82.320_16.740,2020Q2,0.0477521567894542,0.08040419803617825,0.047685530991885314,0.31355273653611565,0.12307076148372334,0.724020911695334,-0.5764016832727966,0.5302298263057056,-7.87000667784183,-13.840902684048562,5.970896006206732,525,1.0271893515136759,54,16.186238516079904,34.52896958965714
godavari_82.320_16.740,2020Q3,0.05126869790064122,0.08153098708059439,0.04619475470578707,0.29432263996841884,0.1178113136586605,0.7292526820141391,-0.5679069533834152,0.5238853927348235,-7.087558630167078,-13.142693087896834,6.055134457729756,279,1.0271893515136759,55,22.996881352192478,49.05763720693756
godavari_82.320_16.740,2020Q4,0.07415557019084104,0.09399866714978723,0.05799082120944562,0.31490294592713136,0.1011811525929586,0.6882972517976755,-0.5398642155790028,0.5607396109837497,-7.566728356228922,-13.442772083577834,5.876043727348912,493,1.0271893515136759,51,15.201418221698617,32.42812139307414
godavari_82.320_16.740,2021Q1,0.03935207634979077,0.06614682583343207,0.03842380595483503,0.3103769998788749,0.10258940798701084,0.776058616965656,-0.6455428494604143,0.538319950352885,-8.210823270545259,-14.171246874059733,5.960423603514474,651,1.0271893515136759,46,31.366284251166597,66.91149855311613
godavari_82.320_16.740,2021Q2,0.052236020023632895,0.08633776851909478,0.05071076454342753,0.3240375720991375,0.12709374244593338,0.7256712182528604,-0.5806528582882989,0.5435519776729257,-8.000228475453053,-13.918960170798707,5.918731695345654,504,1.0271893515136759,59,18.36095519346044,39.16814044734562
godavari_82.320_16.740,2021Q3,0.0632809885498744,0.0937169866856254,0.06024264720210882,0.31013648200085975,0.12515606513204028,0.6682225680285007,-0.5246620636600918,0.5303318345049843,-7.2509060007462605,-12.936624454776899,5.6857184540306385,314,1.0271893515136759,55,29.35675367347793,62.624707638873325
godavari_82.320_16.740,2021Q4,0.0360344021337597,0.06699049934518318,0.03285259822082495,0.3194493617068453,0.10743264830903539,0.8126707492332081,-0.6544642027513229,0.5710995867927476,-7.6452404284805215,-13.435083407966033,5.7898429794855115,501,1.0271893515136759,50,25.693653216092645,54.81047185016532
godavari_82.320_16.740,2022Q1,0.043651946358682726,0.06766561451455448,0.041144957391777245,0.2893801464695189,0.10445727323107658,0.7553609998102834,-0.6212858535487025,0.5204032979339551,-8.226979852108133,-14.174258517162372,5.947278665054238,646,1.0271893515136759,54,32.689518358561045,69.73426124803318
godavari_82.320_16.740,2022Q2,0.03172140223531417,0.06882251924581823,0.041378939108720356,0.31201897236110054,0.12590824166540032,0.7618853400202026,-0.627870365946845,0.5114581331548894,-8.22479450565523,-14.063555659463864,5.838761153808633,546,1.0271893515136759,50,30.50108291698216,65.06582511099386
godavari_82.320_16.740,2022Q3,0.03831119139946695,0.0688322879279035,0.039925377169378024,0.31521987352706454,0.11309626348624693,0.7715370352461391,-0.6277260387434943,0.5504357357017676,-7.6816324535714875,-13.65221462861242,5.970582175040932,347,1.0271893515136759,49,33.01763467388159,70.43420881536444
godavari_82.320_16.740,2022Q4,0.030307448071134294,0.06012131808421825,0.02520977102090062,0.3566005712805817,0.10532153137405847,0.8640521893924157,-0.7040239117630482,0.6367519495016741,-8.049098550213564,-14.039691881110222,5.990593330896658,495,1.0271893515136759,50,19.406672046433037,41.39889500961235
godavari_82.320_16.740,2023Q1,0.042406265733200194,0.06352682592526594,0.03797230422039399,0.30795028056240864,0.1010017035815768,0.7594746397840294,-0.6340603264369684,0.5537632612298655,-8.294788951955121,-14.269124121184923,5.974335169229802,681,1.0271893515136759,51,23.76697780428941,50.7004300614443
godavari_82.320_16.740,2023Q2,0.03213385510384028,0.06837519805718636,0.03976551895843495,0.31850217637775025,0.1246423631194234,0.7776664866550224,-0.6491217801853187,0.5341623786264422,-8.418152846488887,-14.237489368633213,5.819336522144326,509,1.0271893515136759,54,32.80406555090104,69.97861675514862
godavari_82.320_16.740,2023Q3,0.02981997590679391,0.06226948253955702,0.03327080041875163,0.31150513153678255,0.12156176006527958,0.8065012392758645,-0.6666127313561214,0.5332579702582104,-7.783153222443861,-13.828229233216213,6.045076010772352,357,1.0271893515136759,51,28.831912103493195,61.5050998565348
godavari_82.320_16.740,2023Q4,0.05735314346873028,0.08045068504992937,0.049905008650815645,0.3237959684806328,0.11075614077905936,0.724482811864548,-0.5934923001024666,0.5697480572425553,-8.050386391525976,-14.152011577339557,6.101625185813582,574,1.0271893515136759,46,20.120930397824164,42.922572352550446
godavari_82.320_16.740,2024Q1,0.054693306251435335,0.08064966341932941,0.04974913072359836,0.3333552010371718,0.11327583983095928,0.722865867113434,-0.5902021206381486,0.5757807216125904,-8.116101630142035,-14.252002680163898,6.135901050021863,680,1.0271893515136759,48,17.489456506613568,37.309033303603265
godavari_82.320_16.740,2024Q2,0.022700934696020206,0.05911194184180207,0.0299629532928913,0.31919083228060807,0.1212452639194704,0.8217413771219403,-0.6812514099635572,0.5382303410108846,-8.169707863145847,-14.156829934485156,5.987122071339309,513,1.0271893515136759,40,28.583331237486302,60.974819695742916
godavari_82.320_16.740,2024Q3,0.026369518620068297,0.06305259898330395,0.03436899804557444,0.3234657950932514,0.12114379916481853,0.8135554993940441,-0.6770929400345453,0.5410590069978016,-7.446556732485128,-13.449336255792108,6.00277952330698,242,1.0271893515136759,49,23.39462150419222,49.90610843138797
godavari_82.320_16.740,2024Q4,0.02379314291823512,0.05709644278024725,0.024844582205798483,0.34708703542040653,0.10743039529014853,0.8639907437293682,-0.7113839924920752,0.6074769894468646,-7.9551030341649,-13.92222860714488,5.967125572979981,443,1.0271893515136759,52,26.9189251812454,57.42425876438812
godavari_82.320_16.740,2025Q1,0.03668906543449821,0.06633665604199739,0.03712587318994405,0.3229230250004797,0.11044543752847776,0.7895797091875266,-0.6558014349231591,0.5670467799235895,-8.054215344795537,-14.198899410830183,6.144684066034646,653,1.0271893515136759,51,39.96123222059587,85.24649940994172
godavari_82.320_16.740,2025Q2,0.029146250943702424,0.0689396492551447,0.03839930416526685,0.3345899269900137,0.1259201230781259,0.7922585102821171,-0.6553429338643443,0.5566703632964386,-7.908398554635324,-13.73113259212902,5.822734037493696,685,1.0271893515136759,54,26.84731142619559,57.27149015370321
godavari_82.320_16.740,2025Q3,0.028388607030649823,0.06616696074129969,0.0395852716214989,0.3141259698358083,0.12224761951732964,0.7720845927669203,-0.6501100247163093,0.5041567337247159,-7.4919549086492445,-13.622701579160468,6.130746670511224,387,1.0271893515136759,52,27.289938140341715,58.215714739121154
godavari_82.320_16.740,2025Q4,0.04639838936927751,0.07477418895815661,0.045577116390066175,0.33158333190360645,0.11158664074720928,0.7608842461692754,-0.629018141568169,0.574030684536823,-7.690331065204681,-13.598916382107461,5.90858531690278,638,1.0271893515136759,54,25.424006780687797,54.235253984766636
godavari_82.320_16.740,2026Q1,0.052160908653926835,0.07689145315718254,0.04864359062461243,0.29495709200876186,0.1146166140754682,0.6968730110558886,-0.5647640717571334,0.5094112810744231,-8.157336842771604,-14.005649987907711,5.848313145136107,739,1.0271893515136759,55,16.964410289075836,36.188988960965254
godavari_82.320_16.740,2026Q2,0.04519617086973486,0.07844928508197643,0.05169105929706866,0.27789453087156774,0.1352253275718338,0.6978559345244641,-0.574810993130174,0.4438139125085507,-8.429913409904096,-14.12505928229377,5.695145872389675,696,1.0271893515136759,54,28.56925369285857,60.94478905521669
godavari_82.320_16.740,2026Q3,0.045484103112539864,0.08147289179251982,0.0481662996089101,0.33692488986235647,0.12901901450909992,0.7439516521176672,-0.608238227980802,0.5495402868905194,-8.08909122315561,-14.152506831129944,6.063415607974335,408,1.0271893515136759,50,22.527782326410676,48.05694109216904
godavari_82.320_16.760,2019Q2,0.06708341025559138,0.0913842991157538,0.06608392362870412,0.2720047847802118,0.12297671535879025,0.583600189391253,-0.46939698889256193,0.4287014749147541,-8.61212034364227,-14.46451954734497,5.852399203702701,597,1.0090857467348098,68,16.261847946618573,34.69026189516514
godavari_82.320_16.760,2019Q3,0.048574969365817976,0.07968996923806143,0.053062389500829775,0.28040526052547793,0.1142616759925874,0.6761281357929569,-0.5462280829678053,0.4471056610048649,-8.009745467675542,-13.997597317255243,5.987851849579702,382,1.0063275736188855,62,16.22746791977969,34.616921390511635
godavari_82.320_16.760,2019Q4,0.07602003401105742,0.09577983393486346,0.05979692111302911,0.3034078418493022,0.09798844130919432,0.640701970777395,-0.49659779010422933,0.540876689625622,-8.032937372301337,-14.06879846969343,6.035861097392093,541,1.0090857467348098,153,16.6280260649755,35.47140404258769
godavari_82.320_16.760,2020Q1,0.05670424406144523,0.07979481325798972,0.04770857106795286,0.3058244171696139,0.1015262285218976,0.6969861345866144,-0.5494082016955806,0.5358858814946253,-8.251044325686479,-14.406875519563336,6.155831193876857,718,1.0090857467348098,75,14.830370587925566,31.636591449280456
godavari_82.320_16.760,2020Q2,0.055038147876125494,0.08586985660377833,0.052937366884775044,0.31790983668845885,0.11990481117217772,0.6845502501504268,-0.5420554963720722,0.5287065939228164,-8.148661529888725,-14.062509620937123,5.913848091048397,525,1.0090857467348098,54,15.561083280373062,33.195369686190226
godavari_82.320_16.760,2020Q3,0.05409545007065018,0.08210313206364334,0.04962052054194781,0.28274369344290345,0.11233974914447645,0.6787794999933842,-0.5254289410757239,0.49181425978041005,-7.455910229577842,-13.469287946226402,6.013377716648559,279,1.0088423785186988,55,16.40557702408084,34.99686907507998
godavari_82.320_16.760,2020Q4,0.07842579534564537,0.09498729100689149,0.06244306905716551,0.28686730257217524,0.09313065045346125,0.6302197352808866,-0.49119389800238017,0.5101661116576153,-7.815878834219032,-13.642151738188206,5.826272903969174,493,1.0090857467348098,51,15.475079171402907,33.011903140811825
godavari_82.320_16.760,2021Q1,0.040405371647216255,0.06492739067458564,0.03806087260147839,0.2891445261426003,0.09394305364335656,0.7291929108838198,-0.595612933578677,0.5029201586389875,-8.4814329417,-14.377864693823305,5.896431752123306,651,1.0090857467348098,46,16.865383271794503,35.97774155689019
godavari_82.320_16.760,2021Q2,0.06802636398974725,0.09674215786359952,0.06338583972269828,0.3088255665262506,0.12268120678752842,0.6391488211141806,-0.5047333635892878,0.5046208583961413,-8.390096568877237,-14.24788245617728,5.857785887300043,504,1.0090857467348098,59,15.29117320070732,32.619589406944876
godavari_82.320_16.760,2021Q3,0.060716506179608706,0.09012392785972381,0.05826862494593073,0.29654205064395284,0.11985850466792183,0.6440741646132827,-0.5074755024838152,0.4986088171423655,-7.572979752258815,-13.214001884276312,5.641022132017497,314,1.0090857467348098,55,20.508499007615,43.74934533801456
godavari_82.320_16.760,2021Q4,0.03992497940661685,0.06799731162834147,0.036465989499834595,0.2942439878632787,0.09971276108577706,0.7605648542155448,-0.6059557935717658,0.5215413069432937,-7.892201891318072,-13.650742672494207,5.758540781176135,501,1.0090857467348098,50,17.50339349939478,37.33876411471393
godavari_82.320_16.760,2022Q1,0.05055409905083053,0.07216970354920418,0.04301118002027966,0.2983494560893522,0.0949939462568115,0.7224810275295392,-0.5783692780045148,0.5318802945978872,-8.305285966947087,-14.421402374700072,6.116116407752985,646,1.0090857467348098,54,15.03320362152024,32.069280961535625
godavari_82.320_16.760,2022Q2,0.039124638299159666,0.07658731300265122,0.04668700135752568,0.3202265980905919,0.1256347695482039,0.7154718719167197,-0.5802511803373501,0.5048761301471989,-8.41273188984674,-14.280251702177493,5.8675198123307535,546,1.0090857467348098,50,19.025187245773125,40.58510018830061
godavari_82.320_16.760,2022Q3,0.06216756426305993,0.09091487718198073,0.06289193663233587,0.3012229906487438,0.11932045485602913,0.6462054321780483,-0.5237592466938018,0.46426236376323715,-7.749921577984385,-13.710546901286829,5.960625323302444,347,1.0090857467348098,49,18.137592173137705,38.69165575150255
godavari_82.320_16.760,2022Q4,0.029844210114686794,0.05900407757899962,0.0271458715708198,0.3299109374573995,0.09571931437058727,0.8087612109922724,-0.6547706601344366,0.5828691226658452,-8.152482791899258,-14.106583638500165,5.954100846600907,495,1.0090857467348098,50,16.439652235364377,35.06955933804635
godavari_82.320_16.760,2023Q1,0.04712226681852632,0.06901509592574673,0.041870643751786965,0.2990679038090139,0.09621130661926874,0.710408200459456,-0.5842051492518642,0.5267441743618452,-8.468598847244795,-14.428439205435268,5.959840358190473,681,1.0090857467348098,51,18.93482870411979,40.39234463648946
godavari_82.320_16.760,2023Q2,0.041692286988540786,0.07606793685887736,0.048145386038396874,0.2941285496981505,0.11969630302279782,0.7033537244196238,-0.5847615772720279,0.4855306286217038,-8.845856151176253,-14.610493734386614,5.7646375832103605,509,1.0090857467348098,54,20.877439652272166,44.53638058941655
godavari_82.320_16.760,2023Q3,0.03273129394282955,0.07614009459575291,0.0502162877778071,0.2961496099609046,0.12000703296882602,0.7088852425372886,-0.5855184588081556,0.44937504491441715,-8.114728061773231,-14.257179707643765,6.142451645870533,357,1.0090857467348098,51,18.802189106718217,40.109393868124506
godavari_82.320_16.760,2023Q4,0.051886662539876297,0.07608521089862481,0.04798803355418286,0.30259421007445375,0.10211723890759666,0.7033022183043117,-0.5748954413404712,0.520632778124742,-8.290532970121273,-14.334451398670573,6.043918428549301,574,1.0090857467348098,46,14.244319853165804,30.386410440368888
godavari_82.320_16.760,2024Q1,0.0588173282995009,0.08495998396580169,0.05333698437023988,0.3176932617122191,0.1055306959915491,0.6946655537500998,-0.5571414172501561,0.5417927615655151,-8.301202324622698,-14.437177476568754,6.135975151946056,680,1.0090857467348098,48,18.379779019710572,39.20829599821719
godavari_82.320_16.760,2024Q2,0.03304980200921909,0.06888357493299926,0.038893437492513526,0.31622381360561214,0.11890264429497531,0.7568357461917627,-0.6200335423545281,0.5173962052863212,-8.341493372839324,-14.273322310350762,5.931828937511439,513,1.0090857467348098,40,26.51873271358112,56.570556186592654
godavari_82.320_16.760,2024Q3,0.0523017856631967,0.0820697595507962,0.05722997393893735,0.29323244416313166,0.11712379918213872,0.6571289958720119,-0.5450463520800264,0.46472379406354963,-7.608804304372492,-13.575549935898865,5.966745631526373,242,1.0090857467348098,49,21.7188337643804,46.331267751189195
godavari_82.320_16.760,2024Q4,0.024036764859649954,0.055543214426818636,0.026894190829024764,0.3145267932935563,0.098028967074133,0.8123191525213509,-0.6694270338907107,0.5445062185205326,-8.0616499221815,-14.10224551052314,6.04059558834164,443,1.0090857467348098,52,19.75195494715452,42.13546285191843
godavari_82.320_16.760,2025Q1,0.03834231322844066,0.06710757780483594,0.03659808441028117,0.30738812028835194,0.10099017620503922,0.749740754782819,-0.6089565141934925,0.5376664931515167,-8.160315600249344,-14.358131084938158,6.197815484688814,653,1.0090857467348098,51,21.011207937219712,44.8217391079152
godavari_82.320_16.760,2025Q2,0.037215579159422016,0.07665232180652672,0.04539117331176313,0.32612728354905235,0.12486901295593929,0.7344782267696633,-0.5997259834286932,0.5278887629246711,-8.233792300663268,-13.982296641832049,5.748504341168781,685,1.0090857467348098,54,19.152049987363522,40.85572759454349
godavari_82.320_16.760,2025Q3,0.03664692281049892,0.07721051961890447,0.05254291157655532,0.303649047571572,0.11813118036132443,0.6970663079326359,-0.5883540433966138,0.4625990108295099,-7.769274221804125,-13.827794227480673,6.058520005676549,387,1.0090857467348098,52,18.235984004372064,38.90154815764662
godavari_82.320_16.760,2025Q4,0.046008317677506655,0.0720320090266085,0.044556554822045034,0.3117198523291944,0.10283046998138282,0.7353245100172716,-0.6035959275701172,0.5388780086147079,-7.889488907213296,-13.737992614089103,5.848503706875808,638,1.0090857467348098,54,18.424714065911395,39.30415278682417
godavari_82.320_16.760,2026Q1,0.049574816511550344,0.0800377924861592,0.047436054222135614,0.3014137449485108,0.10165927218286515,0.7091199339734267,-0.5623912195254683,0.5218598775369668,-8.330003807487241,-14.293064456535078,5.963060649047836,739,1.0090857467348098,55,13.340224333472937,28.45776675489448
godavari_82.320_16.760,2026Q2,0.05164688256193685,0.08454870804128758,0.0585022387692,0.27937484575554355,0.1279689308186948,0.6503271054423545,-0.534546153127045,0.43583383185207264,-8.713940353503329,-14.474875315951614,5.760934962448285,696,1.0090857467348098,54,19.869817310049843,42.38689038031763
godavari_82.320_16.760,2026Q3,0.0726274315621013,0.10377496334628218,0.07273217536391254,0.3205269080128401,0.13475062862001932,0.6209239784112001,-0.5023558274969612,0.5070339179980666,-8.292379624779095,-14.379988261353144,6.08760863657405,408,0.8538979475947108,50,13.056566780650908,27.852659953487933
godavari_82.320_16.800,2019Q2,0.05422090137648367,0.08072593584596534,0.05492065995170238,0.2666781129494435,0.12158471802183798,0.6384104137162976,-0.5194849733083418,0.4292536617273018,-8.37353670614467,-14.245988303098072,5.872451596953402,597,1.0271893515136759,68,15.796804341907873,33.69821692628813
godavari_82.320_16.800,2019Q3,0.04328851462730448,0.07263312339642275,0.044581321918152145,0.2747116602724103,0.11616860814826156,0.7117179211994731,-0.5718504945565812,0.4581918334397562,-7.798912440864527,-13.827868489760142,6.0289560488956155,382,1.0271893515136759,62,23.716291881843347,50.59230533110468
godavari_82.320_16.800,2019Q4,0.07004803385144141,0.08902703608798469,0.05453451501328594,0.29016151384748495,0.09753039122912135,0.6899420766078687,-0.5348350337122354,0.5321031466623631,-7.841453801742439,-13.90612120092455,6.064667399182111,541,1.0271893515136759,153,17.22568457370183,36.74634710315796
godavari_82.320_16.800,2020Q1,0.06247905520092817,0.08380337935155657,0.052286655368009506,0.2927673973964878,0.10353483988277837,0.6763406939434431,-0.530303197083415,0.5139064948727027,-8.134093444350317,-14.142185261129626,6.008091816779309,718,1.0271893515136759,75,17.18981584390318,36.66983085268958
godavari_82.320_16.800,2020Q2,0.056866477679266225,0.08759493426798136,0.054358656723525065,0.313621485934168,0.12366807997569716,0.6932375040962702,-0.5498805351266013,0.527767358969025,-7.974554875637527,-14.038146940394613,6.063592064757086,525,1.0271893515136759,54,18.472656324851215,39.40642465186236
godavari_82.320_16.800,2020Q3,0.05470308602520708,0.08413477475195112,0.04940824539802522,0.2873074267816902,0.11720926656499644,0.7012840998374081,-0.542748463519304,0.5025354768622261,-7.3067943395863475,-13.400133433269648,6.0933390936833005,279,1.0271893515136759,55,19.542120749530575,41.68783824652112
godavari_82.320_16.800,2020Q4,0.06912652804302653,0.09070332566484078,0.05638920637912221,0.2836544613665091,0.09512844858172083,0.6643452478458952,-0.5131139845845144,0.5122237672694294,-7.540634000835836,-13.423532493066299,5.882898492230463,493,1.0271893515136759,51,15.422420874608196,32.89957088234044
godavari_82.320_16.800,2021Q1,0.03683048828369044,0.06262133634487416,0.03618563561463632,0.2860683222141186,0.09529052870067735,0.7615117381115005,-0.6254801275133197,0.5068518947738668,-8.161802222632934,-14.058513431211356,5.896711208578422,651,1.0271893515136759,46,18.908888628973035,40.33700848998415
godavari_82.320_16.800,2021Q2,0.054402367031960185,0.08527775153480849,0.05017153047589684,0.301687790687858,0.11887844693261934,0.7052067038748493,-0.554446416887354,0.5089580062243116,-8.179021410854906,-14.051663847398457,5.872642436543551,504,1.0271893515136759,59,14.516581581161471,30.967207326381082
godavari_82.320_16.800,2021Q3,0.07308014463894633,0.09829383792856237,0.06510415303325724,0.28753328974772846,0.12816384334098518,0.6317419065120077,-0.4867870893297459,0.4894439046495892,-7.420209199259201,-13.227758472751766,5.807549273492565,314,1.0116062007953899,55,26.9770592313371,57.54827206406525
godavari_82.320_16.800,2021Q4,0.031378326338165764,0.061219991124388536,0.030115807356888777,0.2861589557129248,0.09737098569420703,0.8057230052544152,-0.640009582177207,0.5142526673406291,-7.673419293859097,-13.550387810599258,5.876968516740161,501,1.0271893515136759,50,18.62489137315178,39.731177023948575
godavari_82.320_16.800,2022Q1,0.047849651765404774,0.07250197231518477,0.04157092239346646,0.3073373062016485,0.10094559343458473,0.7505945589310906,-0.6048494048399453,0.54734849448594,-8.170104360771013,-14.172928796653203,6.002824435882189,646,1.0271893515136759,54,16.239141856999193,34.641824583606386
godavari_82.320_16.800,2022Q2,0.03857486741023989,0.0748817476485716,0.04357084223464008,0.3182138157085802,0.1205454832099801,0.7408071774125778,-0.5969751747983204,0.5171019925628417,-8.01577046612978,-14.040903350186438,6.025132884056658,546,1.0271893515136759,50,19.300218147943237,41.17180435973695
godavari_82.320_16.800,2022Q3,0.0497020735422931,0.07990641591226509,0.05098729317099455,0.28778809861498955,0.11745517596447863,0.6992920237126776,-0.5720089979065558,0.47376889140485134,-7.393053720273633,-13.330325256359867,5.937271536086234,347,1.0271893515136759,49,19.30075131325505,41.172941723975065
godavari_82.320_16.800,2022Q4,0.025227554914025698,0.056096368263307196,0.024251441023592116,0.3200950663269001,0.09368276774721836,0.8495663106191351,-0.6904901293683045,0.5771203849501482,-7.787200221535078,-13.754863503292086,5.967663281757008,495,1.0271893515136759,50,16.43656683988052,35.06297747983832
godavari_82.320_16.800,2023Q1,0.04253853812115373,0.065151487026871,0.03748458638784868,0.28991907895482394,0.09726894639855134,0.7515013450708987,-0.6174445798061583,0.5217043323280391,-8.228526521903722,-14.127181710415275,5.898655188511553,681,1.0271893515136759,51,19.801066870636685,42.240229880448304
godavari_82.320_16.800,2023Q2,0.03736163176305296,0.06967846293109094,0.04372281482873119,0.28880084530667827,0.11959802978876452,0.7350129830137366,-0.6162014080058856,0.48499156201243787,-8.607804578,-14.40876276004525,5.80095818204525,509,1.0271893515136759,54,26.020764183201205,55.50827477853031
godavari_82.320_16.800,2023Q3,0.02286861476034836,0.06510513155537655,0.03830607641242177,0.30603554122131316,0.11909825434306304,0.7731488578306055,-0.6457835075659926,0.4825722735558658,-7.946043887401375,-14.058473393841055,6.11242950643968,357,1.0271893515136759,51,26.149840390815033,55.78362401689835
godavari_82.320_16.800,2023Q4,0.05038651129420969,0.07407948020749623,0.045904373317335705,0.3099940832242567,0.10487629447913525,0.7396872298823588,-0.610302483079813,0.5381390507416205,-8.12182977934331,-14.140900516540647,6.019070737197337,574,1.0271893515136759,46,19.91664347259756,42.486781355049295
godavari_82.320_16.800,2024Q1,0.05083038441021859,0.07424591452925468,0.04602547241833931,0.29887099384063287,0.1046954472881397,0.7127999277779578,-0.5794618988791805,0.5265208676173411,-8.32507975415698,-14.27783457648368,5.9527548223267015,680,1.0271893515136759,48,18.125269528402033,38.66536871607307
godavari_82.320_16.800,2024Q2,0.02694292565453023,0.06025077436243747,0.03347978954854229,0.2949214909007676,0.11314044784622315,0.7860057978536731,-0.6517689398487897,0.5005672055636808,-8.464951731514104,-14.260809929735217,5.795858198221113,513,1.0271893515136759,40,29.968956052446742,63.93067611976097
godavari_82.320_16.800,2024Q3,0.03980854431529572,0.07211740901632764,0.04178261084444721,0.31562946905167943,0.1176685544451981,0.7650599922250071,-0.6239495407592478,0.5338943279006493,-7.5806778275372135,-13.548535662239892,5.967857834702679,242,1.0271893515136759,49,28.08644274426416,59.91484225534665
godavari_82.320_16.800,2024Q4,0.019852104924832227,0.05272503784790566,0.022826439536628884,0.3215541483783555,0.09868690605137005,0.860973356306162,-0.7123036624758492,0.5548457052965794,-7.847280080080063,-13.857806926908662,6.010526846828599,443,1.0271893515136759,52,21.419771465679005,45.69329908373043
godavari_82.320_16.800,2025Q1,0.03972754025524602,0.068648607623585,0.03670960716140192,0.3189185546092392,0.10308802917131338,0.7808359468645252,-0.6336715457133462,0.5623993999311265,-7.973782980270255,-14.033633151196401,6.059850170926146,653,1.0271893515136759,51,25.147636037002965,53.64569162321584
godavari_82.320_16.800,2025Q2,0.034986175970281,0.07619465833337949,0.0428418909204036,0.3335141827825011,0.12230318707634535,0.7718914901251651,-0.6294261716588907,0.5553944149185376,-8.0297876611201,-13.903961683530177,5.874174022410077,685,1.0271893515136759,54,17.78762900660791,37.945103825766196
godavari_82.320_16.800,2025Q3,0.03205228990011465,0.06958468222426835,0.041444097780403866,0.30633106340138155,0.11635676225177213,0.7558919914512027,-0.6234406296954316,0.49307824371249037,-7.501401452618981,-13.636880070804198,6.135478618185217,387,1.0271893515136759,52,23.21770368446806,49.52870203081779
godavari_82.320_16.800,2025Q4,0.04667040321651786,0.07545038373353989,0.04322874292961871,0.3321691362166932,0.1057809443194783,0.7634356825572856,-0.6249377595227293,0.578041945870394,-7.514068910912735,-13.42620388071937,5.912134969806635,638,1.0271893515136759,54,24.320025746999708,51.880208524272184
godavari_82.320_16.800,2026Q1,0.04980701586428989,0.07505266899570161,0.04231998203539393,0.312523395631406,0.09824397225448318,0.7440443484411634,-0.598383542731288,0.5522986960419475,-8.181068745654464,-14.096115108679344,5.91504636302488,739,1.0271893515136759,55,13.501748713768738,28.80233540867289
godavari_82.320_16.800,2026Q2,0.04600292109927736,0.0794291731865847,0.05156994477030726,0.31661525696960663,0.1236815961087796,0.7166197748735048,-0.5948743364142135,0.5132289049540694,-8.443988824359701,-14.373144527485822,5.929155703126121,696,1.0271893515136759,54,20.587965681477435,43.91886603069812
godavari_82.320_16.800,2026Q3,0.04133009461729601,0.07615666939600561,0.04561631278324191,0.3301238086504336,0.12026467410215033,0.7455495349020085,-0.6110326180867035,0.5413087229217336,-7.940882951069175,-14.015479177089096,6.0745962260199216,408,1.0271893515136759,50,21.406068466764104,45.6640674353552
godavari_82.330_16.740,2019Q2,0.07224238202396573,0.09842663243563085,0.07194547216278864,0.2675081211327004,0.13275499513959357,0.5585383817726631,-0.4434611578624735,0.4166678735554585,-8.274206595205165,-14.2997718981745,6.025565302969335,597,1.020034344590727,68,19.3278162825748,41.230677528477045
godavari_82.330_16.740,2019Q3,0.047425869356420916,0.08197451989610934,0.05433233749183183,0.28219180745490174,0.11997526003119237,0.672468921360266,-0.5410176812949231,0.4349758326842928,-7.705674149890851,-13.85476309001827,6.149088940127419,382,1.020034344590727,62,17.282224139709825,36.86695900155319
godavari_82.330_16.740,2019Q4,0.08251325088252638,0.1045057504598198,0.06717326175146246,0.31043691098209386,0.10730112880204597,0.6419771286613758,-0.4931604948003575,0.5434344454653691,-7.834627575816356,-14.028949160748045,6.194321584931689,541,1.020034344590727,153,16.83259205102263,35.90779034100301
godavari_82.330_16.740,2020Q1,0.05890206400207895,0.08641224853600846,0.05170461847061011,0.31357409014894155,0.11362339920054805,0.695244994354249,-0.540584396892612,0.5347462298588923,-8.05140756673185,-14.385976404783404,6.334568838051554,718,1.020034344590727,75,18.205781910828232,38.837120145636106
godavari_82.330_16.740,2020Q2,0.04827982415168319,0.08789800972851872,0.0525745022961627,0.31896541754633145,0.13023904799393057,0.7024409435390406,-0.5531323933683069,0.524586854094759,-7.8370917791398576,-13.912861298550126,6.075769519410269,525,1.020034344590727,54,24.826811465017762,52.96129902151984
godavari_82.330_16.740,2020Q3,0.05547455872399099,0.08920666252341417,0.054297784532409014,0.28533097369125815,0.12056894604925286,0.6725204957717534,-0.5152345065915273,0.484335507270394,-7.088929021746008,-13.180562450179202,6.0916334284331946,279,1.020034344590727,55,22.01586976656384,46.964913862126984
godavari_82.330_16.740,2020Q4,0.07061508760587688,0.09070973843523025,0.05679004747553266,0.2999948568064534,0.09890180986318522,0.6600860675529849,-0.5107328917034286,0.5214882137390556,-7.678086853170103,-13.526130692826248,5.848043839656145,493,1.020034344590727,51,14.132417120357829,30.147696173660933
godavari_82.330_16.740,2021Q1,0.043545249992409794,0.07191306502660452,0.04240532522779294,0.3059186186670253,0.10331413509561918,0.7434036147660028,-0.6065959476333287,0.5226948680296573,-8.156699315876729,-14.202262161052197,6.045562845175468,651,1.020034344590727,46,19.64157100285821,41.89998851042722
godavari_82.330_16.740,2021Q2,0.05361176849583003,0.0910975054984459,0.054026817532277005,0.3222508935570414,0.1276678900163781,0.7052276788929708,-0.5545707650672278,0.5239829765455721,-8.030362722438257,-14.024281193155954,5.993918470717697,504,1.020034344590727,59,18.858611375143802,40.229755543798014
godavari_82.330_16.740,2021Q3,0.06412179197065834,0.09533571072346794,0.0634982330345899,0.28813220565455644,0.12086645593839217,0.6228866934819391,-0.4825559630525313,0.48108466249793536,-7.237660771957149,-12.988393026361145,5.750732254403996,314,1.020034344590727,55,24.68711331679025,52.66329074077647
godavari_82.330_16.740,2021Q4,0.035743785562266324,0.06866524780896661,0.034045536849509145,0.30591440847417506,0.10349886667902966,0.793527730717087,-0.6263519769170097,0.5398563622611146,-7.784760160559417,-13.608958258317088,5.824198097757671,501,1.020034344590727,50,22.320575746461003,47.614921799623005
godavari_82.330_16.740,2022Q1,0.04689497274418236,0.07284238311764892,0.04383302584618601,0.2930315059570755,0.10472310910803703,0.7234581268106024,-0.5869047677999356,0.5032460521114367,-8.17984860092585,-14.256338718864374,6.0764901179385244,646,1.020034344590727,54,19.821808475971075,42.284476495195776
godavari_82.330_16.740,2022Q2,0.03030102670341788,0.07484770336588964,0.04176092264163043,0.3332147849114381,0.13039773671822988,0.7606439750788839,-0.6136014813652948,0.5290563776941543,-8.162013857160481,-14.106266454007589,5.944252596847107,546,1.020034344590727,50,22.11712244962289,47.18090912320904
godavari_82.330_16.740,2022Q3,0.04539998345173834,0.07986486479286062,0.051725060299889984,0.29630406648104707,0.11460910341191924,0.7059724999576541,-0.5703131234269555,0.49008769918414025,-7.555299440669479,-13.481698531519587,5.926399090850108,347,1.020034344590727,49,14.94367468327682,31.87829514460661
godavari_82.330_16.740,2022Q4,0.034040263371174995,0.06714047687872476,0.03171919844122988,0.33752161597376285,0.10174641645455938,0.8210637090113977,-0.6617910092741153,0.5991508679977844,-8.042833147140954,-14.011995411085056,5.969162263944103,495,1.020034344590727,50,22.70566398590565,48.43640358465351
godavari_82.330_16.740,2023Q1,0.04850622945048065,0.07384910551784195,0.042936621003741064,0.3159645066482236,0.10314305660799188,0.7444508768780038,-0.6038006912675249,0.553185193497563,-8.145062730607656,-14.300466895324151,6.155404164716495,681,1.020034344590727,51,18.055794919523755,38.51716339617566
godavari_82.330_16.740,2023Q2,0.03122953427948489,0.07625183983751502,0.04158746919214363,0.3484904044286649,0.12939315228568207,0.771840163339079,-0.626007247912847,0.5665451504185541,-8.21400296282941,-14.16119569175849,5.94719272892908,509,1.020034344590727,54,18.717765576733797,39.92929906125584
godavari_82.330_16.740,2023Q3,0.030107313729298132,0.06650080635992074,0.03805361153046795,0.2927312218373454,0.12156780132886978,0.7687865236138636,-0.6294802689010452,0.4936873403749427,-7.555843657001712,-13.700254799323625,6.144411142321913,357,1.020034344590727,51,26.398000246730348,56.31300606633258
godavari_82.330_16.740,2023Q4,0.061570096498412274,0.08712018462389204,0.05537983253137482,0.3141844037252263,0.10957278258655946,0.6891476670948167,-0.5535169857733762,0.5431741208859105,-7.931175971481471,-14.110733795387944,6.179557823906473,574,1.020034344590727,46,16.94705899604881,36.15197466214121
godavari_82.330_16.740,2024Q1,0.055754060111121224,0.08569236909996444,0.052197539340234675,0.32589520370085884,0.11420713823453157,0.7067369386892053,-0.5693621458192076,0.5497231331483421,-8.04833962157798,-14.28975677234397,6.24141715076599,680,1.020034344590727,48,17.775710103211424,37.919678063473704
godavari_82.330_16.740,2024Q2,0.023543652735094893,0.06502863528995503,0.031236508303914744,0.33037900539079584,0.12589201000257227,0.8094202342229299,-0.654295671865389,0.5452215523043114,-7.994092809982112,-14.086395059013883,6.092302249031771,513,1.020034344590727,40,25.279426445423013,53.92683087616974
godavari_82.330_16.740,2024Q3,0.022709676739716377,0.0631493809059038,0.03430030964064507,0.3106329894901411,0.11707477411555349,0.7967054098059747,-0.6556815062924546,0.5091064105055135,-7.32323169123312,-13.40847459606454,6.08524290483142,242,1.020034344590727,49,27.073246919394034,57.75346252585894
godavari_82.330_16.740,2024Q4,0.026468231008307298,0.062310252601430756,0.029312218499243092,0.33574402169191847,0.1041172180375366,0.8282776342206266,-0.6714573695682394,0.5785725054550818,-7.92720545408217,-13.93844733461785,6.01124188053568,443,1.020034344590727,52,15.76545277250602,33.63133681789302
godavari_82.330_16.740,2025Q1,0.042231170081439305,0.07430055919529328,0.04115612612331072,0.3241425605394375,0.11073925687631136,0.7627687534184941,-0.6172661389845404,0.5590443419353761,-7.9900807000246585,-14.304397121486003,6.314316421461345,653,1.020034344590727,51,26.485415193355813,56.49948225292243
godavari_82.330_16.740,2025Q2,0.030173820163033375,0.0750932945035342,0.04133502342569503,0.33939421436331424,0.1293996748558864,0.7728195282980946,-0.6255483438411126,0.5541940418660491,-7.890538094159396,-13.791592018548378,5.901053924388982,685,1.020034344590727,54,20.740072070264535,44.243343942450416
godavari_82.330_16.740,2025Q3,0.033597133135505275,0.07966305405951327,0.05125074509064469,0.3227068484331114,0.12651457514879788,0.7156424805743327,-0.5956415501792289,0.485864737934376,-7.515710449464059,-13.639249318866145,6.123538869402086,387,1.020034344590727,52,19.29708719812959,41.16512532366598
godavari_82.330_16.740,2025Q4,0.05321968270592121,0.08361239321284322,0.05303056354161647,0.32925734259225414,0.10945137684680535,0.7193655002572024,-0.5896060359128641,0.5597277740483445,-7.79460517434471,-13.696904944165137,5.902299769820427,638,1.020034344590727,54,15.18748059094587,32.398389221023464
godavari_82.330_16.740,2026Q1,0.0493727720245167,0.07868018432393499,0.046830769472017,0.30470544259772075,0.11002949241756625,0.7098518191850903,-0.5680753771271545,0.5185714547906676,-8.11737896914895,-14.121716791389487,6.004337822240537,739,1.020034344590727,55,13.195638976799033,28.149332934477002
godavari_82.330_16.740,2026Q2,0.047314094078589566,0.08330251658731086,0.051969200319824854,0.3034048031334206,0.13162790428522927,0.7027725696164849,-0.5672384004789248,0.48589173176515116,-8.32379702956126,-14.302930377230114,5.979133347668853,696,1.020034344590727,54,28.210151204030403,60.17874085297379
godavari_82.330_16.740,2026Q3,0.04741067226716589,0.09026097577743486,0.05770711583212375,0.32868387694487355,0.13162859552543035,0.6939460487360061,-0.5663909423358122,0.5019935751281399,-7.899293676001925,-14.08324159825736,6.1839479222554345,408,1.020034344590727,50,26.3805387648755,56.275756709395374
godavari_82.330_16.770,2019Q2,0.06692762648588663,0.09003553349488277,0.06156899673435951,0.2881566052381913,0.11857209075700567,0.6339012917003762,-0.5102333979041285,0.47518374623576926,-8.534773810133334,-14.393506555860844,5.85873274572751,597,1.018018018018018,68,16.421791442733852,35.031458159383135
godavari_82.330_16.770,2019Q3,0.04272853938806962,0.07245757663352238,0.04287487537958482,0.2984366859626605,0.1083549376932718,0.7435250897277808,-0.6050065358313701,0.5006983654954967,-7.775334915981005,-13.754026725932212,5.978691809951207,382,1.018018018018018,62,23.374768025274975,49.863756394557335
godavari_82.330_16.770,2019Q4,0.07658002564877231,0.09091057552850076,0.057364017475751934,0.31301958744415165,0.09523423204254805,0.6789809104248119,-0.5361093175194795,0.5670233221097296,-7.489386546093763,-13.537922771353692,6.048536225259929,541,1.018018018018018,153,16.91633465035326,36.08643256617308
godavari_82.330_16.770,2020Q1,0.05260120204675363,0.07582826061988214,0.04280315162495335,0.31842355883329104,0.09838737484224537,0.7528822859484109,-0.6010175599330754,0.5688507724288319,-7.959990122555699,-14.031973541866755,6.071983419311056,718,1.018018018018018,75,13.766789685767495,29.3677287613698
godavari_82.330_16.770,2020Q2,0.04973200923363345,0.08323490167157324,0.04827528114295307,0.33283275647067784,0.11708546171975066,0.7420723147368661,-0.5950819431085226,0.5741271870896566,-8.111633423927886,-14.000777161824608,5.889143737896722,525,1.018018018018018,54,15.983922476584121,34.09738294472354
godavari_82.330_16.770,2020Q3,0.05512884423843284,0.08462408581913929,0.05027493654683255,0.3052921274404457,0.11452256963883359,0.7178889700859468,-0.5667234151066821,0.5382435575247762,-7.24864534235402,-13.221676121830011,5.973030779475992,279,1.018018018018018,55,17.837014049825484,38.05045348150922
godavari_82.330_16.770,2020Q4,0.06317807854609811,0.08293487828527456,0.04971560467783777,0.3091931865585176,0.09151875940789092,0.7280872191370751,-0.5845075582078009,0.5574241508021573,-7.301624975961696,-13.099701889964372,5.798076914002676,493,1.018018018018018,51,17.08795063136102,36.45252892533827
godavari_82.330_16.770,2021Q1,0.039536308969846924,0.06457594886029455,0.037018541446132515,0.31245594302663227,0.09430684101446987,0.7823992786160332,-0.6504921046195743,0.5528612154885535,-8.210434122273583,-14.068993456301424,5.8585593340278415,651,1.018018018018018,46,16.345176550106824,34.868020971984386
godavari_82.330_16.770,2021Q2,0.05641402739166019,0.08599531323841522,0.0499637622831426,0.3233469277479895,0.11562518507896481,0.7225396849189208,-0.569387945744394,0.5472386626253918,-8.250099057377376,-14.173787656765738,5.9236885993883615,504,1.018018018018018,59,14.56314477393465,31.06653732610062
godavari_82.330_16.770,2021Q3,0.05463111365197529,0.0814715734160504,0.04841906337857077,0.3122461339706938,0.11317719246120755,0.7201881327001867,-0.5731914589961102,0.5514905461694322,-7.382652400980678,-13.098268474348991,5.715616073368313,314,1.018018018018018,55,19.117327335734334,40.781656192408555
godavari_82.330_16.770,2021Q4,0.03175097437843556,0.06025534124993914,0.028169615216161334,0.3241765859867403,0.09744356281442389,0.8396832820900256,-0.6842548769818404,0.5800647925022687,-7.432642058963138,-13.253254045516874,5.820611986553736,501,1.018018018018018,50,15.812661353441994,33.73204357900307
godavari_82.330_16.770,2022Q1,0.045954291882999626,0.07019299453101024,0.039395651058340975,0.3316869673872243,0.09455337590149963,0.784087062680216,-0.6431906139236873,0.5938142425195891,-8.114177247379917,-14.181207756379141,6.067030508999224,646,1.018018018018018,54,17.57860446648962,37.49920640604966
godavari_82.330_16.770,2022Q2,0.028246620313391806,0.06850803570456113,0.03611695625758324,0.34814802568243025,0.11655532041247649,0.8043443311443191,-0.6635233024671037,0.5695272789237577,-8.08419607305731,-13.98331608647027,5.8991200134129596,546,1.018018018018018,50,23.16098267752771,49.40770307718244
godavari_82.330_16.770,2022Q3,0.05131274738661853,0.08144424399339466,0.05152465439707027,0.31985293965564715,0.11648198414183442,0.7205971201659209,-0.5960403480570371,0.525380919346385,-7.421936429252395,-13.285137146359254,5.863200717106859,347,1.018018018018018,49,20.737360539607764,44.237559623907465
godavari_82.330_16.770,2022Q4,0.02526891310071274,0.05448049463943444,0.022555977235581635,0.3550147144795515,0.09252224174201344,0.8751240099357744,-0.7263001163628626,0.6340984102384056,-7.785869818778087,-13.631465282176922,5.845595463398835,495,1.018018018018018,50,13.814325311476095,29.46913318420015
godavari_82.330_16.770,2023Q1,0.04455977937363013,0.06594602176375274,0.03832648792725202,0.32251371146075886,0.0941530318489374,0.7740812914591322,-0.6434217764781002,0.5785495564649502,-8.215585938399792,-14.165759648762648,5.950173710362856,681,1.018018018018018,51,17.745103204326178,37.85438650856474
godavari_82.330_16.770,2023Q2,0.026797867356813953,0.06484180009589043,0.03613102630914781,0.3194829851178506,0.10931562889581926,0.8063461771577265,-0.670723317076992,0.5447720486280725,-8.627500861865464,-14.488739451963667,5.861238590098203,509,1.018018018018018,54,23.079377575030207,49.23362062438169
godavari_82.330_16.770,2023Q3,0.026121128744287868,0.06212767226844946,0.03435231426724644,0.3198770970553915,0.1126438995055713,0.808821332620821,-0.6816104215989484,0.5212454120428879,-7.751588939415233,-13.817349530958047,6.065760591542815,357,1.018018018018018,51,25.563353195116097,54.53251193641751
godavari_82.330_16.770,2023Q4,0.05412697180467593,0.07533391647747818,0.04640263067569176,0.34194831187816854,0.09935088166688578,0.7483598275517027,-0.617027164304997,0.5884457412826906,-7.874039179642911,-13.886372406054317,6.012333226411406,574,1.018018018018018,46,14.647779791090075,31.247083283747084
godavari_82.330_16.770,2024Q1,0.04937212498718243,0.07632177145235831,0.044399464094756064,0.33672661199883164,0.10126321010117116,0.7581381671810391,-0.6187094847741282,0.5873289833965939,-8.187244690198455,-14.172590207973624,5.985345517775169,680,1.018018018018018,48,14.01002074825954,29.886596560809696
godavari_82.330_16.770,2024Q2,0.02304144352180141,0.059496788069211624,0.027146222533190916,0.3344551829967954,0.10841243426406778,0.8464375406107155,-0.6957916743832739,0.5755979023409703,-8.291313641930197,-14.140345897879564,5.849032255949368,513,1.018018018018018,40,19.83332552300105,42.309045005431535
godavari_82.330_16.770,2024Q3,0.048211464056768516,0.07856976549396523,0.052197006973086546,0.31555750059365345,0.1125532896200254,0.7094978777316345,-0.5923126540449674,0.5098501041022163,-7.36524469226286,-13.305986474942832,5.940741782679972,242,1.018018018018018,49,17.914656488423248,38.216082660799124
godavari_82.330_16.770,2024Q4,0.020059479300924898,0.05175793626856197,0.021967031323013197,0.3486370267647756,0.09604484153369443,0.8754820360170271,-0.7300167540580956,0.6016759002619889,-7.5786212904437535,-13.560059874857156,5.981438584413403,443,1.018018018018018,52,15.65232693635542,33.390013390441474
godavari_82.330_16.770,2025Q1,0.040897565367145484,0.06850876539317491,0.03721580842853274,0.3285396520986466,0.10078764951128118,0.7940324521867905,-0.6537346378645048,0.5817695691168199,-8.117248520253511,-14.122728562001042,6.00548004174753,653,1.018018018018018,51,19.618122836875923,41.84996817930883
godavari_82.330_16.770,2025Q2,0.026258127250382388,0.0662159914429284,0.03348559519345552,0.34708774585704144,0.11352728128870472,0.8224900672591812,-0.6781619621472211,0.5773181459606127,-8.199274572633504,-13.99492548951689,5.795650916883385,685,1.018018018018018,54,17.440406441823825,37.204398233891844
godavari_82.330_16.770,2025Q3,0.025276890470589626,0.06482862427980193,0.03828767550338967,0.3322874173349072,0.11310266527778243,0.786789038299187,-0.6655516901491026,0.5260836117414464,-7.515575571595884,-13.5432459427372,6.0276703711413155,387,1.018018018018018,52,23.987748846135062,51.17138547104071
godavari_82.330_16.770,2025Q4,0.044100989623454295,0.07121903531194353,0.04239941815230555,0.3407500940383592,0.09937230016202334,0.7776950716884287,-0.6500082769304757,0.5891559352022834,-7.457351273276718,-13.387211225680018,5.9298599524033,638,1.018018018018018,54,16.66759190131621,35.555807071644786
godavari_82.330_16.770,2026Q1,0.04478761217958683,0.07488218603098469,0.04134788635481238,0.3332537911886122,0.09834358733217419,0.7760114679859356,-0.6355662094391389,0.5815195731803726,-8.087726975429732,-14.055477347826585,5.9677503723968535,739,1.018018018018018,55,16.378613930798696,34.93935059559771
godavari_82.330_16.770,2026Q2,0.03876570759542033,0.07385518879174753,0.04458057197977212,0.3279836341974987,0.11821749331475925,0.7646869252546078,-0.6375147436497692,0.5400139540408655,-8.354912120862348,-14.29006432462634,5.935152203763991,696,1.018018018018018,54,22.641554328262465,48.29964293967934
godavari_82.330_16.770,2026Q3,0.051445717885603565,0.08507102091217543,0.05287173274609263,0.34588162988769056,0.12300712394564291,0.7345708982418068,-0.606159040754812,0.5669827620925527,-7.7389268560103375,-13.817103753025998,6.078176897015661,408,1.018018018018018,50,18.987072535736246,40.50379274540863
godavari_82.330_16.780,2019Q2,0.06439955360074935,0.08971234251660734,0.06313417206050656,0.27711235429825204,0.11625472769172274,0.6042504524693963,-0.4846408272079757,0.44001585025063655,-8.86288632530114,-14.652765581287092,5.7898792559859515,597,1.0084718149234277,68,15.8732874099928,33.86137290161894
godavari_82.330_16.780,2019Q3,0.049573533534012976,0.08001367140133532,0.05299842303849199,0.275456688815514,0.10952296342976735,0.6608596675974325,-0.5347987668016805,0.43883815237131196,-8.104031968938889,-14.01161814453187,5.90758617559298,382,1.0084718149234277,62,13.744444723006861,29.320061816459926
godavari_82.330_16.780,2019Q4,0.07977949431472299,0.09717345971347127,0.06163838907488505,0.29442274915364036,0.0917214890009128,0.639906337944068,-0.4917877877692262,0.5235560555506154,-7.859159403971022,-13.866616662309227,6.007457258338205,541,1.0084718149234277,153,16.058775026093567,34.25706064891359
godavari_82.330_16.780,2020Q1,0.05693124078474045,0.08134654494484152,0.04821739493294655,0.3028275878567241,0.09600769903429729,0.6990411440279516,-0.5482812914778465,0.5307705900066687,-8.307246050697204,-14.324082642358086,6.016836591660882,718,1.0084718149234277,75,14.345450610839025,30.602145606560132
godavari_82.330_16.780,2020Q2,0.053646075051648624,0.0872404441003048,0.0532522269670629,0.3127944065969931,0.11713161596465378,0.6917032546590173,-0.5473872914334142,0.5214148511288375,-8.379242633776432,-14.318527729103966,5.939285095327534,525,1.0084718149234277,54,15.031562789869655,32.065780690233645
godavari_82.330_16.780,2020Q3,0.05809190020592062,0.08995065127056112,0.054062354915399846,0.2942575878600519,0.11533763498787988,0.6848660390919576,-0.5292382490716713,0.5048422281978557,-7.465410782301456,-13.513790513680098,6.048379731378642,279,1.00643532095145,55,15.348750681059013,32.74241541535552
godavari_82.330_16.780,2020Q4,0.07331192963687834,0.09206122538087352,0.05876670109366436,0.28811660470147515,0.08850797604741235,0.6492971891961875,-0.5055571868908266,0.5130119428147618,-7.6269720077335545,-13.46159249920797,5.834620491474416,493,1.0084718149234277,51,15.500961769963967,33.06711667654023
godavari_82.330_16.780,2021Q1,0.0406480988708851,0.06568631247142379,0.0381626452684268,0.29353452599391666,0.09025304080889274,0.7432045611222634,-0.6072118771834851,0.5094041504172685,-8.515960734669907,-14.29885587043627,5.782895135766363,651,1.0084718149234277,46,15.092513194424585,32.195801921742365
godavari_82.330_16.780,2021Q2,0.060072495766753296,0.09087307587491975,0.05584735697903509,0.31363429013080973,0.1162036107650706,0.6662137321727208,-0.5220060797683318,0.5156310143700966,-8.543919621743274,-14.418795368042801,5.8748757462995265,504,1.0084718149234277,59,14.50473779549005,30.94194180747324
godavari_82.330_16.780,2021Q3,0.059707413237649276,0.08697035108359352,0.05473027415458357,0.2945817998858424,0.11119068600503304,0.6609558092429333,-0.5176579114027626,0.500668874987386,-7.667844899176598,-13.354407494342528,5.68656259516593,314,1.0084718149234277,55,14.891729271457619,31.76748363375154
godavari_82.330_16.780,2021Q4,0.03344147680183627,0.06300931181119136,0.03064496308402841,0.2995740937965734,0.09171066710541002,0.7912240035129239,-0.6330056692141681,0.5309863483846365,-7.773389716441734,-13.580335529355732,5.806945812913998,501,1.0084718149234277,50,14.224375293779312,30.343864107948846
godavari_82.330_16.780,2022Q1,0.04783574348648604,0.0718566583108018,0.04128491359523443,0.30915458858166983,0.090742344928055,0.7382565866431623,-0.5953337305025391,0.5476542086095437,-8.49453204060907,-14.476503991897703,5.981971951288633,646,1.0084718149234277,54,14.465268194876959,30.857744071357377
godavari_82.330_16.780,2022Q2,0.035926100085131606,0.07491330700623389,0.04440439872635314,0.32443219725555006,0.1150660294304921,0.7434368078232035,-0.6078705502739843,0.5175008413264118,-8.362821205608888,-14.261678952026324,5.898857746417436,546,1.0084718149234277,50,18.264604340191198,38.96260191662608
godavari_82.330_16.780,2022Q3,0.046886412908182074,0.07848041875118429,0.05091287862715501,0.318551207196815,0.10763094275475754,0.7183243712659022,-0.5891816519975446,0.5251711413321157,-7.6242729123737885,-13.535761926785755,5.911489014411966,347,1.0084718149234277,49,16.70157902553167,35.62830942463493
godavari_82.330_16.780,2022Q4,0.02826583087933332,0.05799662749505057,0.026347230177724022,0.33069683639622066,0.08700354224134722,0.8231547219944115,-0.6711854689480058,0.5863541336670048,-8.001142060383518,-13.87591603914994,5.874773978766422,495,1.0084718149234277,50,18.038163222421527,38.479550930966276
godavari_82.330_16.780,2023Q1,0.047012766647653664,0.0706137519530641,0.04144841553450563,0.30297046014919443,0.09034030225482347,0.7263905318341435,-0.5947096102231079,0.5349870111907064,-8.596816179191052,-14.468257705748162,5.87144152655711,681,1.0084718149234277,51,15.232381778990817,32.49417378239659
godavari_82.330_16.780,2023Q2,0.03444204225670066,0.06995715618271454,0.042247349386629,0.2925882911173679,0.11106318582782836,0.747635052695781,-0.6209150592096665,0.4858220437969513,-9.119738330368834,-14.830066234928738,5.710327904559904,509,1.0084718149234277,54,20.608298020324018,43.96223958589581
godavari_82.330_16.780,2023Q3,0.03341803752319594,0.07455041108819584,0.04832783250866941,0.308706749222952,0.11404373781670211,0.7346979054228894,-0.6161249919838976,0.4749509936275483,-8.182487941866384,-14.261111468666247,6.078623526799863,357,1.0084718149234277,51,18.18294395906259,38.788401541791096
godavari_82.330_16.780,2023Q4,0.053179325540469405,0.07660581163645376,0.04847247099417023,0.3180878331896127,0.0948799328076704,0.7182078882667448,-0.58860825569338,0.5458109387141536,-8.326218118426004,-14.251676479114819,5.925458360688815,574,1.0084718149234277,46,13.039724423595665,27.816731332146983
godavari_82.330_16.780,2024Q1,0.05418070887142631,0.08047068010881835,0.04914615555062199,0.31894790381033816,0.09760905891635063,0.7135346097007611,-0.5751195397124564,0.5519086666914863,-8.53016696580191,-14.403084034235853,5.872917068433942,680,1.0084718149234277,48,13.17542846913215,28.106219273206776
godavari_82.330_16.780,2024Q2,0.03214117076078469,0.06913630611746042,0.037465203392792024,0.3293397463704598,0.11221252742627787,0.7836242031351743,-0.6401960846575613,0.5443728852632546,-8.570481326632212,-14.367900491119896,5.797419164487684,513,1.0084718149234277,40,20.324336650108428,43.35648467211081
godavari_82.330_16.780,2024Q3,0.05443539872988032,0.08961712465068358,0.0613763083398418,0.33693149239474873,0.11896941641419857,0.6947615445101575,-0.5797505487240374,0.5273155398471728,-7.603262553539767,-13.503469566349269,5.900207012809502,242,1.0084718149234277,49,18.698419811078896,39.88803009358783
godavari_82.330_16.780,2024Q4,0.021999154195453535,0.05456227052412814,0.024562873179383868,0.32826762720806624,0.0907948522460743,0.8313619261440761,-0.682201005946877,0.5591781528762089,-7.921605571613152,-13.835341551403726,5.913735979790574,443,1.0084718149234277,52,16.344133100167802,34.865795053270965
godavari_82.330_16.780,2025Q1,0.043598319432211194,0.07037013591705364,0.03908193765137619,0.3163954529524227,0.09428571481883945,0.7503246020061658,-0.6041118490116356,0.5537115659058155,-8.370493674029102,-14.376380119714579,6.005886445685476,653,1.0084718149234277,51,13.948263385225466,29.754853901264525
godavari_82.330_16.780,2025Q2,0.034617437384603794,0.07669564881206548,0.042242992488656116,0.34269928484857076,0.11498536152667072,0.7654786199609533,-0.6250023633326685,0.5531176836832455,-8.499631914148075,-14.224394972002049,5.724763057853973,685,1.0084718149234277,54,17.5258033543457,37.386569489590876
godavari_82.330_16.780,2025Q3,0.03205046148252485,0.07287226847019883,0.046672517715585005,0.3136590980038003,0.10791196077534235,0.7240082934684484,-0.6108874421437296,0.49100571153065803,-7.772231847746385,-13.77013044165638,5.997898593909996,387,1.0084718149234277,52,18.787746027929,40.078583459158985
godavari_82.330_16.780,2025Q4,0.042244213816662844,0.07003251500879541,0.041721624610532096,0.32840542044426435,0.09508913128864534,0.7552651908381325,-0.6231588668304888,0.5653868990262756,-7.765315108650085,-13.630696044786157,5.865380936136073,638,1.0084718149234277,54,14.893939287695197,31.77219810669003
godavari_82.330_16.780,2026Q1,0.05934257762436881,0.0869555084423732,0.05195601590147562,0.32252241009717914,0.09468228909799033,0.7162021741140955,-0.5660416202055487,0.5597096612078241,-8.431279737903099,-14.330843403013256,5.899563665110158,739,1.0084718149234277,55,14.711553231477225,31.38312669998416
godavari_82.330_16.780,2026Q2,0.0463325678787919,0.0811080976826054,0.05201636464810035,0.32302304155705547,0.11909741716477533,0.7113638496866059,-0.5877327754053273,0.5144431673072979,-8.683036983388643,-14.58070884419232,5.897671860803676,696,1.0084718149234277,54,16.829515908255363,35.90122822096759
godavari_82.330_16.780,2026Q3,0.05209217175749998,0.08451345167029643,0.05412259297195145,0.32105859385342467,0.11413054634634949,0.6901471231983681,-0.5579443444798665,0.517976593109704,-8.050202379384512,-14.117952399896598,6.0677500205120865,408,1.0084718149234277,50,15.358559123280699,32.763339078556086
godavari_82.340_16.820,2019Q2,0.07012667035450655,0.09498655056454032,0.0698104766072674,0.26592565401424406,0.12234119746853214,0.5622875657904592,-0.4515373328311906,0.40774835956005206,-8.729557310750929,-14.872795191902588,6.143237881151659,597,1.015893610120013,68,13.13762673547774,28.02557948092318
godavari_82.340_16.820,2019Q3,0.05204037728456158,0.08227344819802246,0.05757932041400417,0.2588816858667763,0.11596586566788332,0.6247336088082668,-0.5079417025712308,0.3978587183801228,-8.071629800195439,-14.285832899599576,6.214203099404138,382,1.015893610120013,62,17.148717081065335,36.58215773884101
godavari_82.340_16.820,2019Q4,0.0717675682978781,0.09135762470851784,0.05819198433054253,0.2818883660871012,0.09422827367695255,0.6467140547746033,-0.49747471427601253,0.5032721668559588,-8.140370255894142,-14.383479649377307,6.243109393483165,541,1.015893610120013,153,18.288306551267027,39.01316418435936
godavari_82.340_16.820,2020Q1,0.059158538642767856,0.08400642697261042,0.050909399805558905,0.2941355736199163,0.10205289482809139,0.6797766461564384,-0.5297314279607492,0.5098124108463282,-8.367611563479105,-14.74698110617667,6.379369542697564,718,1.015893610120013,75,16.265573571588046,34.698209510118765
godavari_82.340_16.820,2020Q2,0.05703733624642171,0.0916363500333195,0.057096889441526556,0.31357086975586546,0.12653361692148435,0.6719849550011545,-0.5277788831275384,0.5143268980988124,-8.061147961116358,-14.414515175464954,6.353367214348596,525,1.015893610120013,54,20.18808119514288,43.06582044791464
godavari_82.340_16.820,2020Q3,0.05594612266868155,0.08171723037646934,0.053802700453842174,0.23986088767115576,0.11014376556553744,0.6227753343064566,-0.4749255173232352,0.4020169225822323,-7.297948739697619,-13.70647384791604,6.408525108218422,279,1.0068926370418423,55,13.355952768153616,28.491319123608335
godavari_82.340_16.820,2020Q4,0.07060367346489176,0.09196685154734718,0.059667542788975604,0.2749739329012244,0.09287530631831445,0.6291491587945196,-0.4848001950060503,0.4809434266606436,-7.691210907636274,-13.752151964328519,6.060941056692245,493,1.015893610120013,51,15.924563294299844,33.97075615629926
godavari_82.340_16.820,2021Q1,0.04274337097104084,0.06990566003505995,0.04258395945040785,0.28375374997972513,0.0964792658749826,0.7171603916871783,-0.5840403143835187,0.4829455904669512,-8.047374474259367,-14.384735156159676,6.337360681900309,651,1.015893610120013,46,16.52499691097745,35.251619160404424
godavari_82.340_16.820,2021Q2,0.0503744334538106,0.0845021078560572,0.04866639060844418,0.29969804478388623,0.11666192386016966,0.7014367496684245,-0.5449604382206653,0.494392137527636,-8.135325663711523,-14.458380727090507,6.323055063378984,504,1.015893610120013,59,15.941054136656609,34.00593491593998
godavari_82.340_16.820,2021Q3,0.06316350154848575,0.08897128732291336,0.06098663276002184,0.2628198445594012,0.11263514244521028,0.6047223169325795,-0.4697493967904254,0.43589372129353465,-7.441788072180405,-13.552502149794385,6.110714077613981,314,1.0115147583522544,55,15.281563291602016,32.59908926054417
godavari_82.340_16.820,2021Q4,0.03337465256334668,0.06676534937407408,0.03474053186308602,0.2791085710900017,0.09456571707741666,0.7659934831061009,-0.603052175313056,0.4905178768041786,-7.985830393361827,-14.031744329652946,6.04591393629112,501,1.015893610120013,50,17.7699247378001,37.907336548417305
godavari_82.340_16.820,2022Q1,0.05387328262282239,0.0787282857570579,0.04736691981149028,0.30136214989633103,0.10059430268940958,0.6960252139884812,-0.5529276773117899,0.5216755182828237,-8.220903738936396,-14.624465745524715,6.403562006588318,646,1.015893610120013,54,13.618591423167473,29.051587781643548
godavari_82.340_16.820,2022Q2,0.043130088529770017,0.0856525412492991,0.04970279675103066,0.31669827593581906,0.12165221815413853,0.7037224941557529,-0.5565673474335243,0.5066374369624342,-7.955736419474713,-14.286899800252257,6.331163380777545,546,1.0154881608822575,50,13.270763456533103,28.309590728380112
godavari_82.340_16.820,2022Q3,0.04733429155939839,0.0786645878403576,0.054739841747509545,0.2698919981414964,0.1109818992129692,0.662274659625684,-0.5444652112696265,0.43247480985487924,-7.375349348047231,-13.498200895829546,6.122851547782315,347,1.0153259811871553,49,14.519659879784122,30.973774045351885
godavari_82.340_16.820,2022Q4,0.03259381138055728,0.0654912154848485,0.03321273500800943,0.30952921164425906,0.09562111743807981,0.7903049726785998,-0.6394660805872504,0.5440352332628713,-8.002872459486955,-14.22285300818222,6.219980548695265,495,1.015893610120013,50,17.139890689583236,36.56332901573965
godavari_82.340_16.820,2023Q1,0.048593930444888384,0.07151924449760515,0.044193199230841335,0.28385956730118866,0.09833343475716565,0.7087454811192141,-0.5745730351163609,0.4982633284176801,-8.39543782795307,-14.642730864229767,6.247293036276696,681,1.015893610120013,51,16.410204801568344,35.00674118884964
godavari_82.340_16.820,2023Q2,0.039789304992979134,0.07694936804461554,0.04528137801373225,0.3008119339653173,0.11808238285950143,0.7325516307485874,-0.5938763114362031,0.49305552361935856,-8.488588116896578,-14.65267845544512,6.164090338548542,509,1.015893610120013,54,15.538298067791956,33.14676358715584
godavari_82.340_16.820,2023Q3,0.017163268711365767,0.05837243873236998,0.03760673381328017,0.2590253011411745,0.11638815302740031,0.7380767851186513,-0.623948868050047,0.4063980872082795,-7.749687683682751,-14.09026666642066,6.3405789827379095,357,1.015893610120013,51,32.90944408698194,70.20341340967249
godavari_82.340_16.820,2023Q4,0.045912685621836494,0.0713678630850891,0.04482820898109943,0.2836895136912617,0.10087895129447276,0.7250283383784105,-0.6026633291564027,0.48870556695406725,-8.28412089308931,-14.490808387185384,6.206687494096073,574,1.015893610120013,46,15.322002394013783,32.68535516698202
godavari_82.340_16.820,2024Q1,0.05438196528052544,0.08009716966236531,0.051367163471386965,0.29444726278383404,0.10699479843440754,0.6850512799869831,-0.5523273223882635,0.5002117392267061,-8.431276377701582,-14.626214080121724,6.194937702420141,680,1.015893610120013,48,13.860781641694242,29.56823522151141
godavari_82.340_16.820,2024Q2,0.02966998829217858,0.06661764884378626,0.03733204451099411,0.30329911312037794,0.11722317217832386,0.7625328397114746,-0.6227536141943886,0.5051064741852642,-8.499724378147512,-14.565995775299749,6.066271397152237,513,1.0152448913396044,40,21.741562866908204,46.37975415457459
godavari_82.340_16.820,2024Q3,0.04382536291509194,0.07435219863166703,0.04977982376264824,0.2896152801697117,0.1122330315814321,0.7061267860624699,-0.5836016236401916,0.46926135986191303,-7.5715070228013825,-13.702409811797551,6.130902788996169,242,1.015893610120013,49,20.173240083257507,43.03416094280741
godavari_82.340_16.820,2024Q4,0.022879375196094388,0.05763034590030808,0.030107665079487474,0.3052135909359849,0.09754437895877413,0.7989558430912389,-0.6655268610382349,0.5150717616308053,-8.16678278484755,-14.203173993170264,6.036391208322714,443,1.015893610120013,52,17.65890207110469,37.670499665142664
godavari_82.340_16.820,2025Q1,0.0493254387352981,0.07720703415164955,0.04744489013129862,0.30481112325782644,0.10827387515323643,0.7091745297886987,-0.5730004182224235,0.5172366547855021,-8.175925620521525,-14.517814971777891,6.341889351256366,653,1.015893610120013,51,13.62298703447408,29.060964631551144
godavari_82.340_16.820,2025Q2,0.03737669459525879,0.07670339401843813,0.045894409828515635,0.316719853442212,0.12145838414869588,0.7238995519952759,-0.5879623801968669,0.5107475647284933,-8.13091045092974,-14.203383335916895,6.072472884987155,685,1.015893610120013,54,17.371139003558763,37.056634856561665
godavari_82.340_16.820,2025Q3,0.04226212024268405,0.08029252966912533,0.05578984431725033,0.28395512725914,0.11847407420973377,0.6545379532451925,-0.5429722931469747,0.4282935710799314,-7.656169900049225,-13.982414182889485,6.3262442828402605,387,1.015893610120013,52,17.107704796313367,36.49466910263956
godavari_82.340_16.820,2025Q4,0.05341074628205481,0.08500357150879956,0.05627894074167868,0.306461371049999,0.10781289514512837,0.6869234388173006,-0.5648003028360824,0.5093873063072615,-7.895176348524488,-14.046987398009666,6.151811049485178,638,1.015893610120013,54,14.121427504980142,30.124252796448786
godavari_82.340_16.820,2026Q1,0.06062777458335731,0.0897530916174028,0.057686608830015904,0.3112230676878648,0.1121693270786204,0.6707520478838963,-0.5334009210593417,0.5118466987872277,-8.168588751536722,-14.449566552915904,6.280977801379182,739,1.015893610120013,55,15.878378675996267,33.872233742995526
godavari_82.340_16.820,2026Q2,0.05566991155926893,0.09118362386029479,0.0621084184295738,0.3118658633571761,0.13330579509328838,0.6580554925482658,-0.5390089577365482,0.4892832930383328,-8.508081495355523,-14.709400616047363,6.20131912069184,696,1.015893610120013,54,36.931440331663524,78.78325645871458
godavari_82.340_16.820,2026Q3,0.05711322797147369,0.09219034942521859,0.06718733586160885,0.2957611403336289,0.13022509870204468,0.6111472852386295,-0.5043689802760194,0.44875825217549736,-8.034561938016573,-14.40513511071488,6.3705731726983075,408,1.015893610120013,50,23.723275271439427,50.607202507292726
godavari_82.340_16.830,2019Q2,0.062447836746298314,0.0886601765845961,0.06183861077318117,0.2794533974346521,0.1253863324156572,0.623074331128072,-0.5045381267241601,0.45446242338026593,-8.756086861387471,-14.751103360989424,5.995016499601952,597,1.0271081892703515,68,20.20677631955487,43.105701448164034
godavari_82.340_16.830,2019Q3,0.0452633585683314,0.07276069322206011,0.04725448577899854,0.26679345560821677,0.12045074012826784,0.6960618369360685,-0.5678125010411013,0.44508002096864885,-8.112892621170907,-14.131545918236473,6.0186532970655655,382,1.0271081892703515,62,28.936388682562278,61.727972429302326
godavari_82.340_16.830,2019Q4,0.06163215342869853,0.08042169510406105,0.048020161668221886,0.2960564155754469,0.09848126140985265,0.721506017416744,-0.5633992825120897,0.5452311483981467,-8.338562497652413,-14.319097289758435,5.980534792106022,541,1.0271081892703515,153,17.26884025731943,36.83840810212152
godavari_82.340_16.830,2020Q1,0.05304245642194369,0.07718056260428896,0.043488365014719275,0.2994097310731326,0.10423250579412466,0.7356367050785756,-0.5793085169952155,0.5362258520829369,-8.542402069057735,-14.701220940677992,6.158818871620257,718,1.0271081892703515,75,13.379573671872008,28.541707944047527
godavari_82.340_16.830,2020Q2,0.0513428868005981,0.08406398354257888,0.04893290431437715,0.318679860479396,0.12745870455571792,0.7214701100166943,-0.5701968841845834,0.5460821754559585,-8.181253136184699,-14.268619080987868,6.087365944803169,525,1.0271081892703515,54,18.003805691075915,38.40625841437387
godavari_82.340_16.830,2020Q3,0.044536484903434786,0.06889853601450921,0.0409511103839483,0.23428453733127533,0.10571635409265918,0.6982130020452004,-0.5381269770905506,0.42330231830755627,-7.383583245560673,-13.53266049773443,6.149077252173757,279,1.0271081892703515,55,17.670414289174953,37.69505787409668
godavari_82.340_16.830,2020Q4,0.06400094243215705,0.08644661145497456,0.05239516070730799,0.29353531210926265,0.09844258630229287,0.6996759903686044,-0.5490894876841326,0.5317791440831479,-7.778322654331892,-13.649719338853291,5.871396684521399,493,1.0271081892703515,51,14.7363259290476,31.43597256162221
godavari_82.340_16.830,2021Q1,0.03941053593475105,0.066056100461202,0.037678832988182115,0.3018403376533575,0.1024489244624032,0.7716930292681913,-0.6355273539026729,0.5293845762793246,-8.314705631840548,-14.350517979796887,6.035812347956339,651,1.0271081892703515,46,28.847314474861033,61.53795665720781
godavari_82.340_16.830,2021Q2,0.04610100193123441,0.07977325577221238,0.04356070751197668,0.3167874361179662,0.12202279105536061,0.750702126403501,-0.5933268053170752,0.5380797098078128,-8.251874378833024,-14.374389765695454,6.12251538686243,504,1.0271081892703515,59,16.180228894211794,34.51614968399942
godavari_82.340_16.830,2021Q3,0.05317617696546831,0.0802203069112421,0.050792691521316255,0.28242603869913446,0.11812311145699912,0.6845457985024559,-0.5428795654333745,0.49842490010796037,-7.532430572207173,-13.340813783776696,5.808383211569523,314,1.0271081892703515,55,21.668648723650787,46.22421151675357
godavari_82.340_16.830,2021Q4,0.03315423131740364,0.06383764434818187,0.031761746522223,0.2979820315229397,0.10054292130526175,0.8062044556107544,-0.6390618961469733,0.5339376228495858,-8.065670607776147,-13.914680652664766,5.849010044888619,501,1.0271081892703515,50,20.721112549074665,44.20289892306255
godavari_82.340_16.830,2022Q1,0.04963199879320001,0.07430148365234668,0.042292186908553485,0.31020686160638156,0.1036344860874922,0.7347794334453602,-0.5879466431981629,0.5521829220360174,-8.441445163676528,-14.599231886242416,6.157786722565888,646,1.0271081892703515,54,18.886713775870774,40.28970442810081
godavari_82.340_16.830,2022Q2,0.03431956999584492,0.07245451424903528,0.04080927026248689,0.3161902018328963,0.12082453720162849,0.7579309813788044,-0.6130239039503432,0.5240520818732542,-8.186866612673544,-14.281576684678253,6.094710072004709,546,1.0271081892703515,50,25.73359167868957,54.895669776730955
godavari_82.340_16.830,2022Q3,0.04342551628804925,0.07103917778310545,0.041980740974821705,0.28237554208614396,0.11189720002810295,0.7331200983593368,-0.5908330985274743,0.49439075706329283,-7.500458410100192,-13.372570959670437,5.872112549570245,347,1.0271081892703515,49,22.28113121195065,47.53077753526949
godavari_82.340_16.830,2022Q4,0.025761349742151836,0.05696526028628361,0.023750842182209367,0.3373766081243951,0.09891841647049447,0.8621744964125637,-0.7045522552846777,0.6065974181613175,-8.189537385490127,-14.170747019232975,5.981209633742848,495,1.0271081892703515,50,19.780025958650175,42.19534477577131
godavari_82.340_16.830,2023Q1,0.04627393074282118,0.06723738567315651,0.03950850601027508,0.2991368101743822,0.09987551854691797,0.7532855698218094,-0.615808466653972,0.541537846071326,-8.599703726079685,-14.618667855495993,6.018964129416307,681,1.0271081892703515,51,23.392102692135047,49.90073522594326
godavari_82.340_16.830,2023Q2,0.035078970625812604,0.0722304199494615,0.03695086705292071,0.32365671604116175,0.11896356280188951,0.7986394432280246,-0.6506469485715455,0.5556294812788553,-8.52448901405491,-14.486418081374437,5.961929067319527,509,1.0271081892703515,54,16.453380489534563,35.09884486168982
godavari_82.340_16.830,2023Q3,0.012798997735057495,0.05108791735894866,0.030013082373015657,0.263308868920749,0.11822841541195196,0.79672867535708,-0.675999760740502,0.43842288712749644,-7.850208190169633,-13.944504031018033,6.0942958408484,357,1.0271081892703515,51,40.84577111722549,87.13342432039894
godavari_82.340_16.830,2023Q4,0.04819801556935728,0.07068464592043959,0.04487566684847741,0.2957901968048935,0.10296119703344231,0.7347409050307698,-0.6103829712767337,0.5235560905780128,-8.427742018751955,-14.396547254124597,5.968805235372642,574,1.0271081892703515,46,21.001401323326984,44.80081934496082
godavari_82.340_16.830,2024Q1,0.050253033137044455,0.07450890394550566,0.04594731377698148,0.2946917760257247,0.11007439567404657,0.7216290553992998,-0.5859616368179916,0.5183696530692984,-8.49754415247216,-14.588914899468898,6.091370746996738,680,1.0271081892703515,48,18.702747287522747,39.89726159616216
godavari_82.340_16.830,2024Q2,0.024817033462533784,0.05993339818103008,0.03084637419390323,0.30767408234986304,0.11775057326852811,0.8121224034879871,-0.6690114496354449,0.53091900449275,-8.617592063419025,-14.469881670407261,5.852289606988236,513,1.0271081892703515,40,23.121734295339095,49.32397725084622
godavari_82.340_16.830,2024Q3,0.0410034720494428,0.07224738479633604,0.0416671024611623,0.3104088847481272,0.12095981426170288,0.7682303058920504,-0.6300377189900308,0.5232917955366918,-7.651951504235789,-13.559909455649429,5.90795795141364,242,1.0271081892703515,49,30.15054457550089,64.31804620479576
godavari_82.340_16.830,2024Q4,0.017730136655516468,0.052852043509355344,0.02313106267204521,0.3353683537867259,0.10134502562948587,0.8652433798505051,-0.7262711194695776,0.5717792176738814,-8.23322601399057,-14.164422741084035,5.9311967270934645,443,1.0271081892703515,52,23.188353002537493,49.46609027560306
godavari_82.340_16.830,2025Q1,0.04511947056394506,0.07143235209024876,0.0399749945022796,0.32490926912636053,0.10574664865868462,0.7695391584436785,-0.6258211124920435,0.5728807034546738,-8.158899563622867,-14.432242599849992,6.273343036227125,653,1.0271081892703515,51,29.89094155637049,63.76425325629621
godavari_82.340_16.830,2025Q2,0.033274849980012115,0.07206250201956942,0.03963529031066014,0.3328414760284085,0.11996351029064192,0.7847972775842146,-0.641143179051518,0.5612572859333065,-7.998736394578411,-14.025871417493004,6.027135022914593,685,1.0271081892703515,54,22.18889603549843,47.33401868980633
godavari_82.340_16.830,2025Q3,0.0375733101160391,0.07094711113568478,0.04518625559390184,0.2865433375152835,0.11835163880962966,0.719983391883848,-0.5930708244147131,0.4618912225916029,-7.614684524832919,-13.80376994469271,6.189085419859792,387,1.0271081892703515,52,21.65974251031258,46.205212515274106
godavari_82.340_16.830,2025Q4,0.049221007073568655,0.07926014742883192,0.048532144354307166,0.32216637923881747,0.10687389912414441,0.7425936626558169,-0.6127100467661406,0.55604720781362,-7.814665927951429,-13.802343226774331,5.987677298822902,638,1.0271081892703515,54,17.84733486559503,38.072470155333285
godavari_82.340_16.830,2026Q1,0.05385903143343233,0.08095357731095365,0.047764036399824565,0.32063386151710405,0.11013544322572447,0.7398216878655757,-0.594974201029327,0.5510252275452866,-8.148651674431191,-14.386117439578616,6.237465765147425,739,1.0271081892703515,55,13.746387540599034,29.32420629323208
godavari_82.340_16.830,2026Q2,0.05190125097838527,0.08629480131898883,0.054995065555483724,0.32648630561748704,0.12934278321759943,0.7080286734077335,-0.5776481508797243,0.5367115972968118,-8.523900590294774,-14.578236932911564,6.054336342616789,696,1.0271081892703515,54,20.868922899350846,44.51821239658221
godavari_82.340_16.830,2026Q3,0.043223395425378446,0.07713902360945156,0.04975708692238042,0.3000918450990723,0.1200993358138763,0.7081466213057577,-0.585036653181569,0.4887877195118905,-8.050643549740856,-14.275554897574214,6.224911347833357,408,1.0271081892703515,50,18.807606755895748,40.12095095987949
krishna_80.790_15.860,2019Q2,0.06344787806590965,0.09303439318368659,0.06637881263213677,0.28848006632826406,0.13746485096134528,0.6168927220336601,-0.5060872025296836,0.4480401630374822,-8.318852840909688,-14.676551154413575,6.357698313503887,597,1.0256680731364276,68,30.003502386881724,64.00437139676771
krishna_80.790_15.860,2019Q3,0.050732068828139916,0.08374880404093521,0.05719161872536793,0.2776807598870286,0.13262963759683172,0.6474052371171367,-0.5263975816821614,0.4437958311040772,-7.693188773731075,-14.107658906434896,6.414470132703821,382,1.0256680731364276,62,30.748700614610637,65.59405061210585
krishna_80.790_15.860,2019Q4,0.045565639766432194,0.07224795829394139,0.04102562825799486,0.29448821860272656,0.11090261500834733,0.727671085583743,-0.5703571337425318,0.5062220276456187,-7.549451555855178,-13.946055638362294,6.396604082507116,541,1.0256680731364276,153,23.654148489812563,50.45973918292285
krishna_80.790_15.860,2020Q1,0.04613590293631562,0.07579784432480663,0.046524370428824145,0.31428453122196565,0.11984391243426891,0.7274079571548129,-0.5954840033285257,0.5348391304119231,-7.9699092897857575,-14.306641701732168,6.336732411946411,718,1.0256680731364276,75,22.69842035916598,48.42095126278365
krishna_80.790_15.860,2020Q2,0.0633389993222033,0.09668379992551095,0.06167367051920361,0.32510293599946427,0.13923249451553762,0.6742411889528933,-0.5378108152999584,0.5251539135608011,-7.979123660896102,-14.325638184950066,6.346514524053964,525,1.0256680731364276,54,33.52461973310618,71.5157245532541
krishna_80.790_15.860,2020Q3,0.05104908078281901,0.08408057880705509,0.04925017174321185,0.3115181592613104,0.13113883154864656,0.7117949399425687,-0.5604725465304012,0.5340976154812895,-7.5343000601338295,-13.796254852682656,6.261954792548827,279,1.0238220815752461,55,28.144563944162595,60.03882814260598
krishna_80.790_15.860,2020Q4,0.03415380303887176,0.06163994969378232,0.03307023669565867,0.29301909330745857,0.10342365907282462,0.7820081293732207,-0.6386724555432483,0.5191895517636204,-7.370196471934883,-13.617525603784944,6.247329131850061,493,1.0256680731364276,51,28.020774480776975,59.774756745627876
krishna_80.790_15.860,2021Q1,0.038848918192424586,0.07038494288028746,0.0452692633417135,0.3106185436579762,0.11323281728807025,0.7335547102152786,-0.6197879475571704,0.5272657881149275,-7.929842113632129,-14.173731998110224,6.243889884478095,651,1.0256680731364276,46,28.50418935426489,60.80599185619849
krishna_80.790_15.860,2021Q2,0.06140481876960188,0.09716967374713817,0.062235394126331334,0.32618367643852225,0.13839459496479958,0.6660237137514425,-0.5293240714876234,0.5292699200313374,-8.095916420226054,-14.460290294839703,6.36437387461365,504,1.0256680731364276,59,30.95648692126889,66.03730659505844
krishna_80.790_15.860,2021Q3,0.0599674867943379,0.09068046614030666,0.060116604613815336,0.2903682655805542,0.12996702900792634,0.6456269624324593,-0.5133015291272119,0.4597317926509807,-7.426639154134533,-13.888285472593028,6.461646318458494,314,1.0254922644163151,55,27.14505500458471,57.906645687430235
krishna_80.790_15.860,2021Q4,0.03139181328413801,0.06023390089120482,0.0338713700134404,0.3029160140786536,0.10719213058361467,0.7793517795713626,-0.64767036063516,0.5266284800144397,-7.4671070729070985,-13.550473263309737,6.083366190402638,501,1.0256680731364276,50,38.42406161417172,81.96736095719955
krishna_80.790_15.860,2022Q1,0.03884732128210775,0.06962597592265399,0.0410198655732,0.32854334311663363,0.11765442338966123,0.7675480753990112,-0.6422134836328539,0.5465643809679646,-7.9448569369566755,-14.20315770177715,6.258300764820474,646,1.0256680731364276,54,33.21138855189852,70.8475304005665
krishna_80.790_15.860,2022Q2,0.03553197301507429,0.0789721187816646,0.044825888194809066,0.34780909688042133,0.1338327014995402,0.7433274557134393,-0.602355479292698,0.5661494651718496,-8.018526381599862,-14.444039557602892,6.4255131760030295,546,1.0256680731364276,50,24.874478287736544,53.062983317748234
krishna_80.790_15.860,2022Q3,0.03771343241390967,0.07036383092086247,0.037676261886156,0.30435908835750136,0.12329284123854951,0.7583625470939346,-0.6005158299278244,0.5249347137700597,-7.466781323201721,-13.746987724639503,6.280206401437782,347,1.0256680731364276,49,28.463516414715553,60.719227121363666
krishna_80.790_15.860,2022Q4,0.04968375525814213,0.07226258870189174,0.041045783691968984,0.3083395719725652,0.1099633394609511,0.7562428151548847,-0.6119236143354213,0.5648614274519888,-7.457515119408446,-13.742336973242455,6.28482185383401,495,1.0256680731364276,50,32.33081311033253,68.96906045135466
krishna_80.790_15.860,2023Q1,0.028278843091170403,0.06230621848850584,0.03307708414141907,0.345305436612969,0.11765486733733609,0.8145503556583086,-0.687183875595631,0.5844788288659937,-8.063324330107294,-14.22628506060287,6.162960730495575,681,1.0256680731364276,51,20.616017756734234,43.97870755919818
krishna_80.790_15.860,2023Q2,0.0442225204461271,0.08519906445369216,0.05089826862127134,0.3842415930931567,0.14192681160334272,0.7626039340719091,-0.6137878151177537,0.5981293472471133,-8.194541728996272,-14.428311316837565,6.233769587841293,509,1.0256680731364276,54,26.509092729458917,56.54999188326366
krishna_80.790_15.860,2023Q3,0.0388543244939685,0.0752758849824846,0.04187789495952853,0.31851501901418705,0.12767643836163825,0.7512068517684497,-0.601689919677353,0.5286581150377196,-7.618276759991924,-13.961187849978362,6.342911089986438,357,1.0256680731364276,51,26.81560840918267,57.203860326720736
krishna_80.790_15.860,2023Q4,0.045786845682796985,0.073570443313277,0.04479472225648622,0.30954458667325774,0.11710848653048436,0.7437631774185192,-0.6141009167901667,0.5365053515446894,-7.511131523465363,-13.722478048709377,6.211346525244013,574,1.0256680731364276,46,21.009195868855734,44.817446903319116
krishna_80.790_15.860,2024Q1,0.03337805607340741,0.06782937043963132,0.03826945628664133,0.35185353760128946,0.12035451563014361,0.7974468362188076,-0.6716583854059472,0.5893013321649602,-8.260909862181036,-14.435607080223512,6.174697218042477,680,1.0256680731364276,48,33.99427612429513,72.51760965663011
krishna_80.790_15.860,2024Q2,0.039561311745817826,0.08400728646446244,0.04473802261878781,0.3714864812946789,0.1375409766426047,0.7713703228459217,-0.6215838297785159,0.6021737072564809,-8.023507843027598,-14.359924702885898,6.3364168598583,513,1.0256680731364276,40,30.85946369264957,65.83033373307084
krishna_80.790_15.860,2024Q3,0.04188172856274068,0.08432045039708219,0.04382137167395883,0.35041366620907455,0.13882848655030575,0.7779508105075078,-0.6350094254357098,0.597254461544765,-7.730263804828816,-14.030632713806012,6.300368908977196,242,1.0256680731364276,49,35.04122452790125,74.75099139965478
krishna_80.790_15.860,2024Q4,0.03639489167968824,0.0691625659399427,0.03558374701443446,0.33563366709144804,0.11354621984747669,0.8062142639173808,-0.660092149481121,0.5891326107078227,-7.43959807821521,-13.590007908690236,6.150409830475026,443,1.0256680731364276,52,20.121044859445398,42.92281652551471
krishna_80.790_15.860,2025Q1,0.028625130220227737,0.06298005769990017,0.033553429934126584,0.3421711356063081,0.11304732693142783,0.814439301965614,-0.682279161700561,0.5859688489083907,-7.998779369001381,-14.27269562402138,6.273916255019998,653,1.0256680731364276,51,19.418679372514692,41.42450939782952
krishna_80.790_15.860,2025Q2,0.04499465002707115,0.08979267204422922,0.050106629074462214,0.38245323969943074,0.13873406356739898,0.7573535325377435,-0.605652527265932,0.6173763330805001,-8.087484475606045,-14.307254295022855,6.219769819416809,685,1.0256680731364276,54,30.505008469527336,65.07419921744979
krishna_80.790_15.860,2025Q3,0.03353194567615338,0.07560851805373334,0.04250285324185868,0.3239666436286524,0.13226996549173806,0.7530803208158842,-0.6062539380730758,0.5322388692637147,-7.5351113461133465,-13.730326141159939,6.195214795046592,387,1.0256680731364276,52,25.55897965018352,54.52318215916099
krishna_80.790_15.860,2025Q4,0.040805443537104996,0.07157381686589255,0.042304651446852845,0.3207312258064421,0.11111321471139908,0.759472121169599,-0.6259986572764443,0.5520059895499168,-7.472733289361537,-13.58067789549915,6.107944606137613,638,1.0256680731364276,54,26.17720617734915,55.84200153370653
krishna_80.790_15.860,2026Q1,0.05266830617631828,0.07665941118249288,0.045657910690049666,0.33087406308964057,0.11296417334079835,0.7497980667851567,-0.6181263695077367,0.5742803228761479,-7.960747423757521,-14.295974613104347,6.335227189346826,739,1.0256680731364276,55,23.56228017911758,50.26376294649899
krishna_80.790_15.860,2026Q2,0.05316324960146693,0.09193177924153689,0.055140821705983126,0.359219232434334,0.13975851700373432,0.7199341879616385,-0.578727033832279,0.5865902920325214,-8.213336144222176,-14.414045829283895,6.200709685061719,696,1.0256680731364276,54,34.39976549649424,73.38261175008641
krishna_80.790_15.860,2026Q3,0.036005174616605,0.07559145057170061,0.0448205129499007,0.31505455439512553,0.13671665226959467,0.7381707837452581,-0.6027548288178123,0.5096429257760802,-7.733789769468156,-14.140918811052261,6.407129041584105,408,1.0256680731364276,50,26.04831870616354,55.56705491354924
krishna_80.800_15.790,2019Q2,0.07417534816222711,0.10466160650396311,0.07320666079669987,0.2989145801279481,0.1296989206389353,0.5866326078836336,-0.4624985835239624,0.4566539056127975,-8.244948114657335,-14.499902870836106,6.254954756178771,597,1.0,68,15.885400716045297,33.88721336948931
krishna_80.800_15.790,2019Q3,0.050453112817923765,0.09000593427553613,0.05948829719575289,0.2735815533387863,0.12551432330535997,0.6375599558666446,-0.5005818042817378,0.4276082208994584,-7.842758018011041,-14.058861199490636,6.216103181479594,382,1.0,62,17.529910913185823,37.39533185733539
krishna_80.800_15.790,2019Q4,0.048211069356911176,0.07970751964248692,0.04649064719139634,0.2761689603208212,0.11182076220918791,0.6994088769787636,-0.5441332759461223,0.46252068792413437,-7.730661065029758,-13.869831169922042,6.139170104892284,541,1.0,153,14.289824938016524,30.48348325252499
krishna_80.800_15.790,2020Q1,0.04727527388821446,0.08314373816407193,0.04803502871707411,0.30750670953172105,0.11732025904291957,0.7120264137571245,-0.5570056372802616,0.5149263980452806,-8.049333025067863,-14.258947167544997,6.209614142477134,718,1.0,75,13.333518639951803,28.44346196830439
krishna_80.800_15.790,2020Q2,0.06516754943893216,0.10697743886704142,0.06423285088938102,0.33371554953489707,0.13418557406136225,0.6574776973388171,-0.4975369480373863,0.5237804371349426,-8.053751642590814,-14.288722755655268,6.234971113064454,525,1.0,54,13.783103224919442,29.402529292494904
krishna_80.800_15.790,2020Q3,0.047971392452376485,0.087044574273183,0.0497041270999824,0.289137424854963,0.12193083020563084,0.6951076032109119,-0.5254541261339996,0.48540809866825474,-7.642703736775638,-13.929865792713185,6.287162055937547,279,1.0,55,15.82060806432031,33.74899574105002
krishna_80.800_15.790,2020Q4,0.03808781269276067,0.06915745785774742,0.04050691055706802,0.26978018713615076,0.10491966978421705,0.7261127858150868,-0.5776119127276157,0.4666961415922845,-7.571510154155816,-13.5799726989426,6.008462544786783,493,1.0,51,22.457658539755045,47.90735092676166
krishna_80.800_15.790,2021Q1,0.04377459603287419,0.0777983130067181,0.05103017669291375,0.29199730322809614,0.11562171457739717,0.6968167840257941,-0.5674728040991344,0.48718215163378586,-8.050687764024278,-14.146686016185017,6.095998252160738,651,1.0,46,17.47780324700693,37.28417422061259
krishna_80.800_15.790,2021Q2,0.06032439923962024,0.09899923539485517,0.060315658856029346,0.32295257564002294,0.13502921564256895,0.6710037619895699,-0.519550996479697,0.5192864254951591,-8.3694960643512,-14.63497182498286,6.265475760631661,504,1.0,59,23.182229421686067,49.45302726922338
krishna_80.800_15.790,2021Q3,0.06016445593315532,0.09608699848338186,0.06086774515812358,0.29320701868499993,0.12758614628850842,0.6467185900491977,-0.500192786725109,0.45928427925195675,-7.759040316584482,-14.02766997559137,6.268629659006889,314,1.0,55,18.014067304833052,38.42814879668901
krishna_80.800_15.790,2021Q4,0.04044748222473606,0.07259122740735953,0.04110330782682717,0.30392942020583413,0.11117550967363678,0.7495971484365183,-0.59530241789304,0.5217572067041598,-7.846349779066896,-13.655592694672603,5.809242915605706,501,1.0,50,27.115165205963724,57.842883872318
krishna_80.800_15.790,2022Q1,0.035992274632065335,0.0721602364190428,0.04228291618504784,0.32592682428710346,0.11825544969738765,0.7579963146079568,-0.6249292005289825,0.5413144547249265,-8.125241280815143,-14.264502805032262,6.139261524217119,646,1.0,54,25.664532928989466,54.7483515801082
krishna_80.800_15.790,2022Q2,0.03337334280885091,0.08342832534885178,0.0416728792408837,0.34911413807634156,0.1332239774421208,0.7691758799865396,-0.5984840538767389,0.5672603978728225,-8.187624448185073,-14.53009271037878,6.342468262193707,546,1.0,50,24.793996098714164,52.89129629766003
krishna_80.800_15.790,2022Q3,0.04527545884676891,0.08521407961773317,0.05000128674537057,0.29954991768272365,0.12384453759419814,0.7069657612323722,-0.5474424103291238,0.5004997848478914,-7.691985371660985,-13.770483452359807,6.078498080698822,347,1.0,49,16.085359827448144,34.31377214470721
krishna_80.800_15.790,2022Q4,0.05189735411462361,0.07936973992472798,0.04504938411832169,0.30163874903808585,0.11159709057055338,0.7276510286828439,-0.5713247650226444,0.5407388909953532,-7.772867884928306,-13.80199984492257,6.029131959994263,495,1.0,50,14.578408718009927,31.099098829520326
krishna_80.800_15.790,2023Q1,0.027456897330362915,0.06536453394812625,0.03314435285639259,0.3356152014025997,0.11536524742569107,0.8056216723943892,-0.6604704989679664,0.5635930298688404,-8.183142571231967,-14.23235356580019,6.049210994568224,681,1.0,51,23.265568143705515,49.63080793119692
krishna_80.800_15.790,2023Q2,0.03884738698436533,0.08547367298329472,0.048994722887932614,0.3703522072890852,0.1390515331735424,0.7520620941721019,-0.6047970232101558,0.5784502414336775,-8.440524848976061,-14.54816402149608,6.1076391725200185,509,1.0,54,23.476165199519915,50.080059888571874
krishna_80.800_15.790,2023Q3,0.04727797279181951,0.08702390415931345,0.0499907647604975,0.29360985445560583,0.12588596026040655,0.7226502850260887,-0.564210895443863,0.49336164988092757,-7.806794512341514,-14.128219013986921,6.321424501645407,357,1.0,51,17.045010197658794,36.36092710395167
krishna_80.800_15.790,2023Q4,0.049239483084396955,0.07819086563449944,0.04824665093586532,0.2934009223502679,0.11849400826390387,0.6998227234465944,-0.5581378110952661,0.50994536141174,-7.83303120024883,-13.815497710969568,5.982466510720738,574,1.0,46,17.071420182021388,36.417265674893486
krishna_80.800_15.790,2024Q1,0.03853311226448173,0.07599221033071688,0.04344148987543427,0.3371309796824349,0.12366884768018105,0.764748765086368,-0.6264289669979672,0.551896149800654,-8.361845779152448,-14.418266460239469,6.056420681087021,680,1.0,48,23.427631570599516,49.97652649535001
krishna_80.800_15.790,2024Q2,0.03991929735095509,0.08518253994726796,0.046279903775901424,0.3522025808933285,0.1324709201182078,0.759747939735362,-0.6019348981807223,0.5687164175595584,-8.386611750937078,-14.541753904935717,6.155142153998639,513,1.0,40,31.48724620974836,67.16953823202151
krishna_80.800_15.790,2024Q3,0.04749008793976708,0.0878467242409082,0.0511739329759463,0.32931821297754393,0.12864772566869206,0.7254043882861587,-0.5737891850049085,0.5391256036496483,-8.166702105942251,-14.249920831751757,6.083218725809505,242,1.0,49,17.484981976940215,37.29948810266818
krishna_80.800_15.790,2024Q4,0.03344015542621691,0.07228733643569416,0.036097455014850156,0.3216154074950467,0.11298179526201443,0.7921678598069825,-0.6318799625374824,0.5545928459178732,-7.869350197124751,-13.76187804699067,5.892527849865919,443,1.0,52,16.698977037472396,35.62275878564724
krishna_80.800_15.790,2025Q1,0.030105151464350954,0.06757719052615173,0.03267273928891544,0.3472478553115575,0.11580870009482762,0.8186668539114855,-0.6621053133725991,0.5839452124390169,-8.042528841395622,-14.104552286388454,6.062023444992832,653,1.0,51,20.771879692049765,44.31119691547132
krishna_80.800_15.790,2025Q2,0.04526930551627492,0.09386271524512882,0.0520086900651428,0.3650312442792604,0.13448778765341624,0.7367054530251084,-0.5754623979798107,0.5898229268106419,-8.230872418078727,-14.327755089966825,6.096882671888098,685,1.0,54,19.74815223413435,42.12735079042242
krishna_80.800_15.790,2025Q3,0.03249372695774786,0.08258547426563924,0.04509135364059003,0.29976498932102325,0.12438969882649317,0.7354401463944257,-0.5702904471502183,0.48603988830554856,-7.800522111790563,-13.780449517772709,5.979927405982146,387,1.0,52,15.33602620289295,32.71527117679734
krishna_80.800_15.790,2025Q4,0.04903474418569388,0.08143375858260168,0.04887786578838444,0.30036949711263183,0.10978465876956313,0.7163145647341982,-0.5688088627401514,0.5181257065168128,-7.777775487509244,-13.536905045246577,5.759129557737333,638,1.0,54,13.712203980998268,29.251284898384938
krishna_80.800_15.790,2026Q1,0.05386768256413002,0.08305895645783525,0.04926403764076028,0.31104386841124787,0.10855892704056223,0.7222583196360842,-0.5753480606491358,0.5413224935635584,-8.16267588265586,-14.244785890214004,6.0821100075581445,739,1.0,55,13.023890585202826,27.782954113072226
krishna_80.800_15.790,2026Q2,0.05455517390246484,0.09450349107408833,0.053774704820941786,0.33362411347904924,0.1305770660819819,0.7181182254071302,-0.5617425443571941,0.5489782924745757,-8.181441229122644,-14.235953685596222,6.054512456473578,696,1.0,54,24.582456443816216,52.440033559642075
krishna_80.800_15.790,2026Q3,0.03483993095469935,0.07721269847401403,0.04359104519597507,0.30203106954898984,0.12659059685016774,0.7348357077921237,-0.582108199765937,0.48617239012952645,-8.055489219626,-14.485951093696642,6.430461874070641,408,1.0,50,20.706445237247724,44.17161017345396
krishna_80.800_15.810,2019Q2,0.070384115717706,0.10198918175521517,0.07030492693625388,0.2903083645820665,0.12327374740755324,0.575921655191409,-0.44346007226052,0.43817075596549016,-8.046707973918219,-14.173354818406906,6.126646844488688,597,1.0,68,13.465470269744488,28.724945143527034
krishna_80.800_15.810,2019Q3,0.05170096194165948,0.09240117086748431,0.06195851131318268,0.2715629044632322,0.12399533521096322,0.61268086575117,-0.4786988283615907,0.4173848789408,-7.679752234975899,-13.971039160993172,6.291286926017273,382,1.0,62,14.42412928299698,30.769985310367648
krishna_80.800_15.810,2019Q4,0.05175188997982948,0.07861484043959983,0.048223596068292233,0.2618712869038024,0.10648869105703157,0.6529110289749546,-0.5002396006889228,0.4350330049327475,-7.647778211729489,-13.831012282216166,6.1832340704866775,541,1.0,153,12.933610199555773,27.590365285998363
krishna_80.800_15.810,2020Q1,0.04995113749481759,0.0844471866339282,0.049664669512474474,0.29823916053610555,0.11337118965401463,0.6853325460050645,-0.5319953689543835,0.49513068963140916,-7.800727601935247,-13.972359856850593,6.171632254915346,718,1.0,75,14.760831607357371,31.488248809762965
krishna_80.800_15.810,2020Q2,0.06450152094820928,0.10227313260023609,0.06245456258729292,0.31968149094171,0.12653445386512563,0.6304182439862833,-0.4750980484787825,0.49954372340874775,-7.9824452564114186,-14.004383110274956,6.0219378538635375,525,1.0,54,18.49500161363777,39.4540922922605
krishna_80.800_15.810,2020Q3,0.05009654239386915,0.08906183082795188,0.05300549503701647,0.28261544446101033,0.12123596515700934,0.6617050823505343,-0.5008898225727244,0.4658950852980369,-7.586777454618008,-13.829115877847226,6.242338423229218,279,0.9979962788034922,55,16.4574124309417,35.10744592005776
krishna_80.800_15.810,2020Q4,0.038773591094699654,0.0687573553945104,0.040226501740827626,0.2616651941805956,0.09993657660427652,0.7067067585525788,-0.5571949088027792,0.44815888648343477,-7.682712489896623,-13.57069584280733,5.887983352910707,493,1.0,51,17.96523099055599,38.32396970598376
krishna_80.800_15.810,2021Q1,0.04741065942702984,0.08085371551893573,0.052685232607065466,0.27922824495594833,0.10886330086103156,0.6593096942286669,-0.5301082628839683,0.45455056779588127,-7.767941964422884,-13.853814395222592,6.085872430799708,651,1.0,46,14.411576684438653,30.74320773054507
krishna_80.800_15.810,2021Q2,0.056129082401094606,0.09492605423006195,0.05881576596472891,0.3014275647118911,0.12471240963914379,0.6419568304080157,-0.49009161971909826,0.4825505033419732,-8.18783560846828,-14.448459343188,6.2606237347197204,504,1.0,59,16.717080080798794,35.661376740762414
krishna_80.800_15.810,2021Q3,0.061419797021159635,0.09674088634986966,0.06291922335160231,0.28091433035920665,0.12089429911836184,0.6113701715210824,-0.46791640220709574,0.43377144023096864,-7.674910944274065,-14.018789718251112,6.343878773977047,314,1.0,55,13.63775859325608,29.09247576389167
krishna_80.800_15.810,2021Q4,0.03883695967994897,0.07131447322965893,0.03946727659623115,0.28846143896163806,0.10466669463354837,0.7354009301485206,-0.584107833594526,0.4965042016459865,-7.729928201454188,-13.689098451638406,5.9591702501842185,501,1.0,50,23.873426392186342,50.92750938260367
krishna_80.800_15.810,2022Q1,0.04276347291549903,0.07636714412921404,0.046044315452568436,0.3078632089951287,0.112634569840561,0.6936558686072773,-0.5496753312966839,0.506284473529293,-7.922678792498148,-14.033438826483478,6.110760033985329,646,1.0,54,16.711056123269145,35.64852625384144
krishna_80.800_15.810,2022Q2,0.03731227247715365,0.08652245058929545,0.0466293070682223,0.3340015263564169,0.12550182954931463,0.7113725553977421,-0.5503707644074587,0.5273076526092059,-8.132738358155878,-14.403891036031196,6.2711526778753175,546,1.0,50,14.324183394213518,30.556777742038104
krishna_80.800_15.810,2022Q3,0.04593905764475909,0.08620288539048684,0.051209787891897125,0.29535648041360546,0.11772530719140827,0.6827593498115168,-0.516181791405087,0.48747996851513126,-7.646369416898022,-13.806370710159815,6.160001293261793,347,1.0,49,16.03678020818203,34.21014064350016
krishna_80.800_15.810,2022Q4,0.050245067908856085,0.07751833584813692,0.044458020272344766,0.28647550402621214,0.10475847034366646,0.7036014725096875,-0.5488755586467895,0.5096653374739906,-7.71786412680509,-13.785554340102092,6.067690213297002,495,1.0,50,14.154159117173235,30.19407685352746
krishna_80.800_15.810,2023Q1,0.027794229764504894,0.06491450945420418,0.03257065391543377,0.32015875053945875,0.10755923476860989,0.7722056116648675,-0.6225471179613893,0.5362762995021562,-7.933235196028154,-14.02734710512598,6.094111909097825,681,1.0,51,21.68498164842856,46.25905340187726
krishna_80.800_15.810,2023Q2,0.03974161086303883,0.08585924947229447,0.049465890497622914,0.36205440256348925,0.1305613546135057,0.7208549002178634,-0.5704225394881404,0.5519691977392631,-8.283895828891525,-14.360348480919157,6.076452652027632,509,1.0,54,27.9178905127993,59.55528157861886
krishna_80.800_15.810,2023Q3,0.046788050794035745,0.0898498908837493,0.05518782694360738,0.2843615799934858,0.11676631287065464,0.6629729316727817,-0.516276117327919,0.4612377504471311,-7.7684505868873055,-14.111230648659498,6.342780061772193,357,1.0,51,15.315268495142336,32.67099021189249
krishna_80.800_15.810,2023Q4,0.04474136122636561,0.07335147393615805,0.04503588561882535,0.279402774469301,0.1097922262346205,0.6851273740954001,-0.5446755369679105,0.4783871780445816,-7.86849321230954,-13.848651906225484,5.980158693915945,574,1.0,46,23.70183391766757,50.561463168186
krishna_80.800_15.810,2024Q1,0.037457469327366086,0.072430691968926,0.042004101539380806,0.31961510388246417,0.11220543447904473,0.7355794015353879,-0.5975782357524348,0.5278625516416867,-8.107266500818776,-14.190045456599307,6.082778955780531,680,1.0,48,26.087303533853387,55.65021851752207
krishna_80.800_15.810,2024Q2,0.03993636135415405,0.0831118302679229,0.04709043356081839,0.3308220073843892,0.11955150208142323,0.7139452165369043,-0.564092469588149,0.5308863899695199,-8.295138956864557,-14.412785573795661,6.117646616931104,513,1.0,40,12.64740316020677,26.97981984344789
krishna_80.800_15.810,2024Q3,0.05082610969409629,0.08954565710916049,0.05422130517219741,0.3227200515541831,0.12477059876127489,0.6860064146090522,-0.5411181337319957,0.5212114351768347,-8.131574887576427,-14.303744469663409,6.1721695820869815,242,1.0,49,18.186783918740407,38.7965930589746
krishna_80.800_15.810,2024Q4,0.03417358252467588,0.07162859782617484,0.03809194243041235,0.3098775762508084,0.10513016659254004,0.7565506990440065,-0.6035842382158492,0.5281815108287627,-8.009363876693495,-13.850753007259032,5.8413891305655365,443,1.0,52,17.90405396662311,38.19346504321942
krishna_80.800_15.810,2025Q1,0.0324015309460881,0.07062170804460895,0.03601787909989652,0.3326999545936903,0.10845803983225807,0.7697985517625305,-0.6141512130367799,0.5550141539620659,-8.006925353571908,-14.080108622352274,6.073183268780365,653,1.0,51,15.375663005521352,32.79982559326832
krishna_80.800_15.810,2025Q2,0.040322134486536945,0.09007885978648196,0.04948852771130248,0.34769256034344176,0.12387901773683271,0.7103837868360127,-0.5507884541883982,0.5524366934134644,-8.259199857631785,-14.364202972620074,6.105003114988289,685,1.0,54,13.820463809038323,29.48222801135482
krishna_80.800_15.810,2025Q3,0.032834899858321755,0.08158593800111125,0.04909265377306732,0.2879543368217166,0.11820193218342377,0.6892401668685052,-0.5422400005578418,0.45222367355515247,-7.9390687726373255,-13.873803749062922,5.934734976425597,387,1.0,52,15.244493476886031,32.520010819697596
krishna_80.800_15.810,2025Q4,0.045781203848653244,0.07573148116481634,0.04558082975892188,0.2875008471439202,0.10249389521119512,0.706520197194906,-0.5596931740969396,0.4956483317195757,-7.884831389292533,-13.674300683125278,5.789469293832745,638,1.0,54,13.669910124253612,29.16106237436153
krishna_80.800_15.810,2026Q1,0.05425397725760582,0.08120429363912109,0.04929321881450143,0.2983921194033305,0.1012120558086458,0.6934190129119796,-0.5482405816886724,0.5177651773338394,-8.079608571978547,-14.26736295219407,6.187754380215523,739,1.0,55,14.205208707041438,30.302977370122008
krishna_80.800_15.810,2026Q2,0.055133633971938316,0.09346844592162254,0.05609921615014624,0.3201560555513081,0.12034292300447441,0.6688932752171582,-0.5207137192933996,0.5238227904608275,-8.38263589697783,-14.497711612685018,6.115075715707189,696,1.0,54,14.753672144099967,31.47297602795837
krishna_80.800_15.810,2026Q3,0.0360260982086066,0.0766572986779075,0.04618603083879786,0.28849221312355255,0.11512007107320277,0.6889330395147859,-0.5532050810492877,0.4629535201158982,-8.132947853577875,-14.66190380229088,6.528955948713005,408,1.0,50,15.935699636935285,33.99451253649946
krishna_80.810_15.790,2019Q2,0.07440554538684674,0.10066347248314417,0.07855823720752662,0.25089739459200894,0.13139387381968273,0.5135134833964454,-0.42348223271317,0.3549995275967039,-7.966900748733461,-14.60243162345163,6.635530874718168,597,1.0182321341364153,68,14.450540402722542,30.82632630329981
krishna_80.810_15.790,2019Q3,0.05254607403513874,0.08564225340459243,0.0656905564580645,0.23609873992857258,0.13462978678159335,0.5475419222090223,-0.4537985907031487,0.34227923365068974,-7.446407811908154,-14.15302015165688,6.706612339748727,382,1.0182321341364153,62,17.422777972109046,37.16679265344218
krishna_80.810_15.790,2019Q4,0.047193653472567564,0.07689178977630261,0.04761440984418408,0.24375199023918317,0.1036106261735506,0.6620155723654918,-0.5151645764145291,0.40589154501439534,-7.291900492655511,-14.03568230264636,6.74378180999085,541,1.0182321341364153,153,11.710653298236371,24.98151693539678
krishna_80.810_15.790,2020Q1,0.05862130470326395,0.0856234355624355,0.05694852480451495,0.278103606432724,0.1265954582369638,0.631593929721682,-0.49835979001437064,0.4447025630636138,-7.829576263975752,-14.362521921148627,6.532945657172875,718,1.0182321341364153,75,23.641291496974056,50.432312260089965
krishna_80.810_15.790,2020Q2,0.06990263615861873,0.10346306837302559,0.07282473390255328,0.27494844096842075,0.13152116138762418,0.5594932617460628,-0.43448418312802933,0.40645729953531234,-7.657365553913014,-14.473721080669154,6.816355526756141,525,1.0182321341364153,54,14.803921078876852,31.58016856309247
krishna_80.810_15.790,2020Q3,0.054139749801741986,0.08632760689163639,0.05985224357087498,0.23994638141222555,0.11033161185680565,0.5860068705611351,-0.4559024411093952,0.37410549817898636,-7.110388204466618,-13.912116112306961,6.801727907840343,279,1.0182321341364153,55,12.608670971173781,26.897195175837044
krishna_80.810_15.790,2020Q4,0.042988070499529706,0.071732730247954,0.04422585420956757,0.24903617362847083,0.09373740017273746,0.6868854562809937,-0.5384403819212557,0.4286078957222369,-7.562818430229381,-13.871905482024829,6.309087051795448,493,1.0182321341364153,51,13.421874051785005,28.631944383489326
krishna_80.810_15.790,2021Q1,0.04674722279096782,0.07984830207067035,0.05461531284823316,0.28742368083110764,0.10965919025752248,0.6702187521465055,-0.5498661800081693,0.4776546774100381,-7.73348569439333,-14.303951182636512,6.570465488243181,651,1.0182321341364153,46,14.1643318086197,30.2157775441018
krishna_80.810_15.790,2021Q2,0.06276278352113873,0.0983699603858349,0.06366548494437294,0.3118082618413396,0.13241407504129807,0.6411918407647608,-0.5015793663966001,0.48913324317188916,-8.070740460739037,-14.720678746032407,6.64993828529337,504,1.0182321341364153,59,23.76767444295581,50.70191615194663
krishna_80.810_15.790,2021Q3,0.05968667043232372,0.09643812450896272,0.06419515242580416,0.26516966376215056,0.12174737890991319,0.6014350128437571,-0.4632054515501994,0.401885352644426,-7.346224417123888,-14.137146126859632,6.790921709735744,314,1.0182321341364153,55,14.742448280858769,31.449032946176356
krishna_80.810_15.790,2021Q4,0.04288641958094661,0.07497643116768682,0.043858643976577065,0.2614154401753157,0.09749286919676016,0.6953903245268614,-0.5306384935429369,0.44535975818818346,-7.50006702850534,-13.897800127990514,6.397733099485174,501,1.0182321341364153,50,12.639886464970003,26.96378500366796
krishna_80.810_15.790,2022Q1,0.04200525544322181,0.07682921213953414,0.04700457592228512,0.3007463708965417,0.1143231979246749,0.7089834232658409,-0.5683868091221058,0.4950890341054322,-7.979441112352344,-14.380957252116854,6.40151613976451,646,1.0182321341364153,54,15.805579344113088,33.716936024242365
krishna_80.810_15.790,2022Q2,0.039696520603638714,0.08667856873133149,0.04846186572631649,0.32436518375428597,0.12404141010179859,0.7231276678868175,-0.5601193260538988,0.5160157099126499,-8.123042051508984,-14.733462172472208,6.610420120963225,546,1.0182321341364153,50,14.326850428470843,30.562467139526863
krishna_80.810_15.790,2022Q3,0.04822574505915135,0.08812923335271576,0.05632216441466113,0.2749251661790579,0.11746138146307646,0.6629981037357919,-0.5133676938973817,0.44581345958386986,-7.549126182617984,-14.076870894094816,6.527744711476831,347,1.0182321341364153,49,15.797414985124208,33.69951956871652
krishna_80.810_15.790,2022Q4,0.055322982700044265,0.0822720235344043,0.047433939414045535,0.27715712275168786,0.10121026428853033,0.6967955555935805,-0.5318658306634123,0.4967458262322239,-7.643726122732653,-14.060159722539943,6.41643359980729,495,1.0182321341364153,50,13.818350680115998,29.477720221343848
krishna_80.810_15.790,2023Q1,0.032228189043684574,0.06760022177496018,0.03707561711997018,0.2972506126897477,0.10800858632287527,0.7703371412818376,-0.6235685417363918,0.4915685600788289,-8.45650912054226,-14.603118799158104,6.146609678615844,681,1.0182321341364153,51,26.237824463251812,55.971314279742664
krishna_80.810_15.790,2023Q2,0.03932654585933743,0.08426104086890336,0.049611449338198756,0.33013869880909663,0.13044330306835636,0.7280902703907213,-0.5796919733962481,0.5190618037639962,-8.626957082744624,-14.782403014956323,6.155445932211698,509,1.0182321341364153,54,22.270192193120025,47.50744209212943
krishna_80.810_15.790,2023Q3,0.045402073887370914,0.08704573212602398,0.05153228807396612,0.2814712329580944,0.12219315042271207,0.7008555699312781,-0.5461706625290419,0.46672658914052645,-7.945031038114989,-14.261026355703306,6.3159953175883174,357,1.0182321341364153,51,15.25240015639246,32.536877585621085
krishna_80.810_15.790,2023Q4,0.0560323000592304,0.0828002783965677,0.0537266998125487,0.2690540471886133,0.11929147696416738,0.6541156611175726,-0.5168460331176559,0.4595797187913636,-7.7600067855494,-13.98027891824819,6.22027213269879,574,1.0182321341364153,46,24.51668310964699,52.29972390999225
krishna_80.810_15.790,2024Q1,0.038630802161811126,0.07369130741843509,0.0450201457168117,0.29652065598189364,0.1217260102700602,0.7251326826438667,-0.5924738871950963,0.48626289308667103,-8.62574331960176,-14.668306530038198,6.0425632104364375,680,1.0182321341364153,48,22.050643901368733,47.039095089716824
krishna_80.810_15.790,2024Q2,0.042399005305531326,0.08207512709789158,0.049813212644646866,0.30392856946577784,0.12979532745423164,0.7096376809469576,-0.5692026054826538,0.48597106779284455,-8.512753059283803,-14.803708972612524,6.290955913328721,513,1.0182321341364153,40,19.256836707459957,41.0792617694548
krishna_80.810_15.790,2024Q3,0.04540002267768307,0.08366124052952627,0.051158336791113285,0.2933245123477449,0.12020187391540679,0.6974808324542876,-0.5535902920759519,0.47947084009804036,-8.241577944433873,-14.476469157769795,6.2348912133359224,242,1.0182321341364153,49,15.38107943919135,32.811380092066166
krishna_80.810_15.790,2024Q4,0.03794779322571741,0.07488304823329893,0.04069258692787197,0.2932160849769609,0.10314898150663403,0.7548965652052716,-0.5925251066697959,0.5079188470178625,-7.8674863761947575,-13.988224315142778,6.120737938948021,443,1.0182321341364153,52,14.323025856195402,30.55430844721172
krishna_80.810_15.790,2025Q1,0.03322498742987943,0.07481605939444792,0.03859584008377556,0.3305122111066007,0.11298571768269261,0.7866890840256183,-0.6287147337669609,0.5537769109191835,-8.066203120484415,-14.33666760866426,6.2704644881798455,653,1.0182321341364153,51,14.746182022717711,31.456997876322106
krishna_80.810_15.790,2025Q2,0.047322301874447144,0.09388655525566267,0.0535125905417157,0.3408015299555054,0.13004489142178383,0.712926300262517,-0.5515612829130392,0.5467344584987983,-8.215044031295516,-14.53804013726195,6.322996105966434,685,1.0182321341364153,54,15.959782879020013,34.04588763101186
krishna_80.810_15.790,2025Q3,0.03374278854529886,0.08011992074025324,0.045244585522151985,0.268594256022173,0.11730679677109593,0.6957957555859912,-0.5324920982797312,0.42866711150587794,-7.600107211543997,-13.869989385858752,6.269882174314755,387,1.0182321341364153,52,17.02013007256332,36.307852074694246
krishna_80.810_15.790,2025Q4,0.04730952613099167,0.07911162913686225,0.04649149537399203,0.2744585615515205,0.10170114892286729,0.7069849196140228,-0.5481685440322719,0.47436587604351205,-7.694357825892859,-13.71427210735737,6.019914281464511,638,1.0182321341364153,54,12.774605784149058,27.2511722969203
krishna_80.810_15.790,2026Q1,0.0525402702970965,0.08135443340167273,0.0497628027971375,0.28868284410601514,0.10532144837418488,0.6990210870570639,-0.5504620442142061,0.4969044151873658,-8.378784874732537,-14.525460778842621,6.146675904110085,739,1.0182321341364153,55,12.522041880383245,26.712395400489953
krishna_80.810_15.790,2026Q2,0.05672522533433691,0.09573055978588049,0.056619175452360664,0.31211388438338844,0.1275979093726293,0.6882376820444585,-0.5330976899411832,0.5103002609010182,-8.326871578957967,-14.516748702637138,6.189877123679171,696,1.0182321341364153,54,15.953946395622753,34.03343706953433
krishna_80.810_15.790,2026Q3,0.039269084369539686,0.07708726425269069,0.044941740804050494,0.28083748917074774,0.12226751816539556,0.7138988871438181,-0.5572752164639823,0.4497640847606407,-8.150603405072893,-14.68334338808255,6.532739983009657,408,1.0182321341364153,50,17.0444902249097,36.35981788248412
krishna_80.810_15.800,2019Q2,0.07485461066135866,0.10137581219489825,0.0772590592487539,0.264563867510472,0.13286239556439103,0.530638800476047,-0.4344971316860343,0.38755886309952353,-7.958060953685399,-14.646771564792285,6.688710611106886,597,1.036369540509823,68,14.528423510133413,30.9924688845219
krishna_80.810_15.800,2019Q3,0.050815206106340605,0.08565773046308854,0.062491446112923336,0.25156206304948014,0.1342507513073537,0.589174599983119,-0.480316715910501,0.37508932802723666,-7.499862837437697,-14.274284309780432,6.774421472342735,382,1.036369540509823,62,21.208457978622626,45.24251881373714
krishna_80.810_15.800,2019Q4,0.047233636538884814,0.07822176935908122,0.047641998642877666,0.25807999385680014,0.10986523360306355,0.6734629066770279,-0.5264952072547697,0.42601220662367584,-7.408036088666247,-14.02500896539207,6.616972876725823,541,1.036369540509823,153,12.525018597462527,26.71874542266499
krishna_80.810_15.800,2020Q1,0.059316901157556536,0.0892139583293312,0.05847232731882238,0.290626130125828,0.12997012363111757,0.6520010061201288,-0.5188765519015319,0.4677594533769781,-7.9382402362894755,-14.460157985564175,6.521917749274699,718,1.036369540509823,75,26.747790270568057,57.0591886388839
krishna_80.810_15.800,2020Q2,0.06768838412178031,0.10296490668689452,0.07021006970992447,0.28961596464917305,0.1337778960669916,0.5897141110241945,-0.45724106337313725,0.43400325530785583,-7.767062217789119,-14.492946199066095,6.725883981276976,525,1.036369540509823,54,16.351031305919363,34.88051051272637
krishna_80.810_15.800,2020Q3,0.05617980190308335,0.0884425725743879,0.059601294461738556,0.25260665599880805,0.11967792413749341,0.6071713585371364,-0.4711174987595804,0.4019398438127542,-7.300428451747287,-14.029006547632768,6.7285780958854815,279,1.036369540509823,55,17.473322406177527,37.27461555653009
krishna_80.810_15.800,2020Q4,0.03973802912725985,0.06855077134289415,0.0420596669593105,0.2513540707885004,0.0985232293686225,0.6958506875714536,-0.5518524216898921,0.4279647193455343,-7.491044380412016,-13.856106862837088,6.365062482425071,493,1.036369540509823,51,16.584927180324712,35.37946420888409
krishna_80.810_15.800,2021Q1,0.04498745858960575,0.07725615806446685,0.053861151745522376,0.2721658739657119,0.1095311529037694,0.6649101562593804,-0.5492990386374562,0.4497646063708395,-7.73017959511177,-14.225920572389292,6.495740977277522,651,1.036369540509823,46,16.66340656976921,35.54687879682878
krishna_80.810_15.800,2021Q2,0.054385740785580367,0.09092241930017704,0.05866447202572757,0.2985638638703146,0.1309730290033947,0.6496891027340466,-0.5146175427627663,0.46414889697692946,-8.033782853317417,-14.726175601653006,6.692392748335589,504,1.036369540509823,59,30.2442915396347,64.51803004109493
krishna_80.810_15.800,2021Q3,0.061298406015902564,0.09471625997383644,0.0640928611993133,0.26472717728006423,0.12290551530171422,0.6044881252264478,-0.47347852770219095,0.4034505420168405,-7.397741329513123,-14.222460328692424,6.824718999179301,314,1.036369540509823,55,15.626553027784242,33.33503171546018
krishna_80.810_15.800,2021Q4,0.03742573804028958,0.06888459546486726,0.03910884798017184,0.26737876146934736,0.10083365820432777,0.7260809962344045,-0.5723063536014107,0.45797120289217325,-7.518572169825667,-13.909290820315658,6.39071865048999,501,1.036369540509823,50,18.83737854649061,40.18446103673016
krishna_80.810_15.800,2022Q1,0.03802142809351119,0.0713155688909466,0.04401073621611955,0.2932049734628515,0.11606762538131715,0.7223829213802857,-0.5908541383669382,0.4846234061217753,-7.849335565787822,-14.365070173711715,6.515734607923893,646,1.036369540509823,54,22.670349260138728,48.361069152205744
krishna_80.810_15.800,2022Q2,0.04202615598884312,0.08723990591022664,0.050241713222966104,0.33236216062439683,0.1264214503408914,0.7115390516351696,-0.5518635071077373,0.5348796174661324,-7.965207143949879,-14.736344080423292,6.771136936473413,546,1.036369540509823,50,16.620737903478762,35.455856717838
krishna_80.810_15.800,2022Q3,0.04894872208773211,0.08739462501036295,0.055672482127306064,0.2733498647568317,0.11977997026398782,0.6659431793582403,-0.5203585963091102,0.4441956497680789,-7.449661122391421,-14.122868687391907,6.673207565000486,347,1.036369540509823,49,16.920330590399328,36.094956825357556
krishna_80.810_15.800,2022Q4,0.052397303724034026,0.07898886248739441,0.04515303067170629,0.2763095482128726,0.10256221200283365,0.7101190984801142,-0.548345825200786,0.49541343219251416,-7.606483346820734,-14.030803268870116,6.424319922049382,495,1.036369540509823,50,13.263591131332813,28.2942905090931
krishna_80.810_15.800,2023Q1,0.025830631504523766,0.061918074925624705,0.03324949745550728,0.29751219116373934,0.10877299561299124,0.7858405980385751,-0.6411351976239545,0.49463290830372425,-8.147687811751315,-14.461195602296693,6.313507790545378,681,1.036369540509823,51,27.471945378161823,58.60397803905615
krishna_80.810_15.800,2023Q2,0.040482884165187694,0.08497616053793322,0.04955523784153583,0.33039481781730357,0.13328101756606966,0.7332366406289339,-0.5815266563613058,0.518373439933937,-8.340088600135092,-14.684109457396579,6.344020857261487,509,1.036369540509823,54,25.109392957881255,53.56411033954104
krishna_80.810_15.800,2023Q3,0.046625880921123665,0.08743245435450295,0.05313361802247636,0.2857297078736556,0.12292307325123022,0.6902293788415244,-0.5410481665747038,0.47119060420802483,-7.785282795110014,-14.252975894896005,6.467693099785992,357,1.036369540509823,51,15.96049023214437,34.04739657791733
krishna_80.810_15.800,2023Q4,0.049319211890053276,0.07855737083946117,0.05092005401276621,0.2767239124250876,0.11889490597859247,0.6721095941215759,-0.5400346579376613,0.4753978525006281,-7.63746886256911,-13.989630314472874,6.352161451903765,574,1.036369540509823,46,20.15619697146433,42.99780406543686
krishna_80.810_15.800,2024Q1,0.037963586370307154,0.07253543284275546,0.04414348075106262,0.3026913519717993,0.12085268865187046,0.7391616418659464,-0.6095258758748954,0.5010286748799017,-8.448602066917276,-14.573846772495093,6.125244705577817,680,1.036369540509823,48,26.10384025959852,55.68549515698336
krishna_80.810_15.800,2024Q2,0.0394905118956928,0.07915582016031611,0.04637128860229281,0.30290823092314995,0.12689002212907463,0.7268576045182381,-0.5854636494518016,0.48878929356644774,-8.39610551632811,-14.728343494293233,6.332237977965123,513,1.036369540509823,40,20.7445991251935,44.253001191836525
krishna_80.810_15.800,2024Q3,0.039525262415895324,0.0776740377375915,0.04643861153063888,0.29464754416334304,0.11702306627156167,0.7227209404755959,-0.5777317640592411,0.4789643913954794,-8.096606143586744,-14.470146135431442,6.373539991844698,242,1.036369540509823,49,16.388598846869872,34.96065071810822
krishna_80.810_15.800,2024Q4,0.035374842525771485,0.07215171167270121,0.038930904400230226,0.2991167048134047,0.10550585486870694,0.7652467232047614,-0.6081272593908971,0.5173360920685437,-7.787353924786455,-13.933666254577489,6.146312329791034,443,1.036369540509823,52,19.93590873498542,42.52787859073295
krishna_80.810_15.800,2025Q1,0.035691126710381924,0.07402768429674204,0.03975402937522629,0.3236484810887503,0.11274460368151558,0.7736518865329416,-0.6190956999030708,0.542442684606978,-7.9588609880439325,-14.263155868181022,6.304294880137089,653,1.036369540509823,51,20.201311159217337,43.0940430041772
krishna_80.810_15.800,2025Q2,0.046428936454281006,0.09052825126863659,0.0524806631947896,0.3341144493039313,0.12910037083805295,0.7128515186480493,-0.5595742090110728,0.5394976585187677,-8.236317177552007,-14.541101328183718,6.304784150631711,685,1.036369540509823,54,17.819497400157694,38.013086438938394
krishna_80.810_15.800,2025Q3,0.03296815844142913,0.08044358622339201,0.047691447160549835,0.2760447889444393,0.12233851412240514,0.6975806806591562,-0.5421479587595927,0.43576317124263164,-7.65377387802104,-13.937991647114064,6.284217769093024,387,1.036369540509823,52,19.03744278759645,40.61124407778438
krishna_80.810_15.800,2025Q4,0.04721024537256051,0.07731652840085836,0.04584937951419242,0.2820970964262786,0.1041120859131045,0.7188973175575061,-0.562265370888549,0.4889137427266104,-7.814348274722914,-13.748781440595002,5.934433165872088,638,1.036369540509823,54,13.19968634244413,28.157966896292095
krishna_80.810_15.800,2026Q1,0.053442431140321066,0.08036947902898477,0.049110615719188275,0.2894105677501607,0.10559239968209935,0.6971474158077535,-0.5538110637274316,0.5005495705160069,-8.177856978427965,-14.428024056114674,6.25016707768671,739,1.036369540509823,55,13.63805376000015,29.093105422445117
krishna_80.810_15.800,2026Q2,0.05362854109560023,0.09133891293631091,0.05325229523088114,0.3187065568813163,0.12847909517411293,0.7021443350660717,-0.5475783209460917,0.5184687203976484,-8.187337819747725,-14.489474832081262,6.302137012333537,696,1.036369540509823,54,19.07564720329348,40.692742883481756
krishna_80.810_15.800,2026Q3,0.03882406058342389,0.07695626426669873,0.04555613462271775,0.2834669196119396,0.1230415619665374,0.7123124066486719,-0.5621334663713556,0.4549166881918718,-7.998127219966351,-14.629228523410072,6.631101303443721,408,1.036369540509823,50,17.699585176052466,37.7572860851104
krishna_80.810_15.840,2019Q2,0.06428602646877732,0.09299661670554374,0.067013268426824,0.28467496797853914,0.13151587950262733,0.5931013515966993,-0.48450038918266713,0.43133404435382156,-8.658678697165346,-14.81274815806753,6.154069460902184,597,1.027486051854283,68,17.831138518351835,38.03791962150368
krishna_80.810_15.840,2019Q3,0.0488959022383115,0.08169525908528778,0.05691182989201532,0.26782194503374895,0.1255065451300995,0.6289979861825906,-0.5137771129230402,0.4206017017413154,-8.210799330990955,-14.386858984023988,6.1760596530330325,382,1.027486051854283,62,17.088603618508497,36.45392189711088
krishna_80.810_15.840,2019Q4,0.04582910606570651,0.07322348617176708,0.04285214258526298,0.28642221835649784,0.10861848423896096,0.7134022088437318,-0.5623859326399386,0.4750544467223521,-7.999596046184871,-14.258258425211821,6.2586623790269496,541,1.027486051854283,153,19.439474749025457,41.46887071886358
krishna_80.810_15.840,2020Q1,0.04873501674167792,0.07668922022563729,0.04641900672109898,0.3034970179180236,0.11239749210592233,0.700850699262798,-0.5630003237621151,0.5118720606403476,-8.375435944232558,-14.623456456888784,6.248020512656225,718,1.027486051854283,75,15.715693650948511,33.52518916701289
krishna_80.810_15.840,2020Q2,0.06897360735899284,0.10111213313123979,0.06739012084851459,0.3036922838885475,0.13352238583925033,0.6084162627288967,-0.47872506658223957,0.46840586896400577,-8.34590920672879,-14.535045076541522,6.189135869812732,525,1.027486051854283,54,15.157300240316548,32.33400759165047
krishna_80.810_15.840,2020Q3,0.043380723337441855,0.07322543004145989,0.04444784535632893,0.26858374095506315,0.11280591775433776,0.6725344382325076,-0.5306362370953512,0.4545008245506981,-7.9525294628760115,-14.134338105054585,6.181808642178574,279,1.0157531998687233,55,23.291471710173678,49.6860661962938
krishna_80.810_15.840,2020Q4,0.03409825227702642,0.061801875871134,0.034553924131313044,0.2792529392115889,0.09820465278194544,0.7434325776912472,-0.6027723031086588,0.49072134750924673,-7.808677639301582,-13.871880290253493,6.0632026509519115,493,1.027486051854283,51,18.864013060391486,40.24127858081893
krishna_80.810_15.840,2021Q1,0.040465314934471835,0.07102883633675132,0.04645571143457658,0.30461622104607705,0.10712801157965625,0.7060885520075363,-0.592346684711679,0.5178163274836352,-8.343455603965943,-14.419672232126244,6.076216628160301,651,1.027486051854283,46,27.111149646845977,57.83431776114124
krishna_80.810_15.840,2021Q2,0.06219275840443905,0.09364877646728366,0.0613721021935703,0.31994644055248733,0.13237603213151228,0.642647665774772,-0.5126358755832312,0.5084371983031796,-8.599369198607365,-14.85691841690359,6.257549218296225,504,1.027486051854283,59,32.177229936725624,68.6414322179212
krishna_80.810_15.840,2021Q3,0.06367142766100072,0.09542530021055268,0.06393424155593763,0.3034819360366463,0.12942165094334931,0.6284809332722529,-0.4975133655363258,0.4747148570907024,-7.891197284998324,-14.199583882881834,6.30838659788351,314,1.027486051854283,55,23.253730136603362,49.60555473930639
krishna_80.810_15.840,2021Q4,0.032426970865539015,0.06072737335812288,0.03388306805465406,0.3004165227027877,0.10323363750886795,0.7637493217223661,-0.6294649180279145,0.513057103343479,-7.8132026148483185,-13.792264563963903,5.979061949115584,501,1.027486051854283,50,22.366111701324535,47.71206046461654
krishna_80.810_15.840,2022Q1,0.029671908003813256,0.06458269417789615,0.038194285806570444,0.3233593665801576,0.11209400989641623,0.7469339177939522,-0.6289716489139195,0.5340402393640714,-8.388390869420396,-14.496838856786312,6.108447987365915,646,1.027486051854283,54,25.54240814681248,54.4878313310248
krishna_80.810_15.840,2022Q2,0.03332101220104846,0.07674136490777271,0.04124981404348305,0.3508141780379259,0.12653261491950366,0.7252405849653298,-0.5802729579774513,0.5727401787374693,-8.465295304029905,-14.758218793653013,6.292923489623108,546,1.027486051854283,50,20.181741843511077,43.05229715283314
krishna_80.810_15.840,2022Q3,0.04599897364289789,0.08269946111563949,0.04923106521937079,0.31010902450677175,0.12391150838072651,0.6961058732726466,-0.5527369193011451,0.5125985195326452,-7.91549231782014,-14.079981025204216,6.164488707384075,347,1.027486051854283,49,16.358650049447295,34.89676304498245
krishna_80.810_15.840,2022Q4,0.050639939628035854,0.0747009115822594,0.0425338009883993,0.3025770871106204,0.10526925879310689,0.7276105878212081,-0.5796825023280723,0.5470034835806339,-7.874368448639238,-14.018087735218268,6.14371928657903,495,1.027486051854283,50,19.421685916610866,41.4309230478918
krishna_80.810_15.840,2023Q1,0.02497497751926679,0.059307239241210105,0.030667560073964463,0.3302949571138089,0.10747497828489792,0.777456524762315,-0.6483642104457794,0.5550403967007448,-8.528032301834314,-14.63307020963099,6.105037907796676,681,1.027486051854283,51,31.000274995211015,66.130716628034
krishna_80.810_15.840,2023Q2,0.0362557281873215,0.07667763375491768,0.048280332038351845,0.3535512441231718,0.13089282193717372,0.706391044638837,-0.5871776107771997,0.5512972969283733,-8.731220441532255,-14.78042060557199,6.0492001640397355,509,1.027486051854283,54,23.773913540730494,50.715225582492515
krishna_80.810_15.840,2023Q3,0.040399547807621665,0.0790621183438827,0.047244129578827954,0.3138116937908891,0.12301372935948757,0.705720178992327,-0.5687302421022347,0.5078111739002501,-8.114866906142687,-14.405861742244374,6.290994836101687,357,1.027486051854283,51,17.068762434848047,36.4115960888909
krishna_80.810_15.840,2023Q4,0.04698843392049969,0.07772354857823884,0.048267422075066166,0.3133570506544835,0.11280295991552484,0.7009642077535334,-0.5734630336053158,0.5326280260132715,-7.91089556077599,-14.024724796175864,6.113829235399874,574,1.027486051854283,46,17.490210979754124,37.31064276834089
krishna_80.810_15.840,2024Q1,0.03027179686119906,0.06332567985140983,0.03560190578137375,0.33309876014550416,0.11323856429408305,0.7636956835136591,-0.6392052321714913,0.5477625011502562,-8.681379547695292,-14.768064042478656,6.0866844947833645,680,1.027486051854283,48,27.97291512652006,59.672661735346395
krishna_80.810_15.840,2024Q2,0.03791032094561752,0.07762418749975729,0.044743712261692575,0.34410310231625213,0.12608278599998549,0.7203608732139144,-0.585131503613291,0.5522868095904597,-8.673082860274873,-14.776676874948482,6.103594014673609,513,1.027486051854283,40,20.90476817132282,44.59467860611099
krishna_80.810_15.840,2024Q3,0.06722579988012486,0.095162275618868,0.0606909843917974,0.3392874899239233,0.12594261275258603,0.6627054099888451,-0.5271015191237273,0.5715297263926185,-8.328517713623523,-14.453669081791752,6.125151368168229,242,1.027486051854283,49,21.151024476427196,45.11999994384879
krishna_80.810_15.840,2024Q4,0.031417926539812006,0.06450370885688092,0.032344815448786673,0.32084068742681615,0.1044415600752122,0.7791399019973304,-0.6349986730232906,0.5615769188876388,-8.099743034645964,-14.064311004346376,5.964567969700411,443,1.027486051854283,52,24.427770730311657,52.110053355022735
krishna_80.810_15.840,2025Q1,0.026426093219163664,0.060608250685998157,0.030229373583269284,0.33856946858927095,0.10567766147887199,0.7947640780051389,-0.6589295376439717,0.5720570671767112,-8.448330248958483,-14.568305066292535,6.119974817334052,653,1.027486051854283,51,22.002290703566345,46.93594659756884
krishna_80.810_15.840,2025Q2,0.04630847398655542,0.08839987786103537,0.05038766256171627,0.37048765805564793,0.1313770439612228,0.7161862538226184,-0.5739837177340106,0.5919057000960412,-8.556749590755503,-14.585438457371085,6.028688866615582,685,1.027486051854283,54,24.713419362566036,52.719407586806746
krishna_80.810_15.840,2025Q3,0.0316873486682081,0.07502630261216893,0.042941267380149035,0.3113594866956946,0.12369745623354947,0.7177646293338799,-0.5780057022990175,0.4970171515088905,-8.053589538791893,-14.111363424579242,6.057773885787348,387,1.027486051854283,52,21.926912798046335,46.77514818817639
krishna_80.810_15.840,2025Q4,0.03968096335504633,0.07039282517260081,0.04109601008366314,0.308843111667252,0.10408227476639406,0.7420709829434282,-0.605503250583415,0.5297208584403327,-7.867750925813328,-13.772561949926327,5.904811024112999,638,1.027486051854283,54,26.857170951225115,57.29252278828196
krishna_80.810_15.840,2026Q1,0.05872205764920728,0.08421121760916665,0.05397526193445901,0.3176520701331022,0.10696045627576703,0.6886852474029448,-0.5629305300079873,0.5560633225313767,-8.49268681940835,-14.621784808662209,6.129097989253859,739,1.027486051854283,55,16.644383512378297,35.50629824011076
krishna_80.810_15.840,2026Q2,0.0597385673883601,0.09517961597203281,0.05980181325487254,0.3350812704614607,0.13157784920280757,0.664727147534148,-0.5302462614949388,0.5419274796785581,-8.83876939262782,-14.88118053099276,6.04241113836494,696,1.027486051854283,54,20.897402830778063,44.57896664070069
krishna_80.810_15.840,2026Q3,0.036766162061871506,0.07600383792601777,0.04653912512954164,0.3042153939996108,0.12578788223503726,0.6927009671652959,-0.5665320766719343,0.4834979472872188,-8.316291724676875,-14.695319295186662,6.379027570509788,408,1.027486051854283,50,23.753413092924742,50.67149341221985
krishna_80.810_15.850,2019Q2,0.0606505595789009,0.08886960408376651,0.06349785949716728,0.28986570912036536,0.1355758055699096,0.6289447358797613,-0.5199595354912926,0.44866499099675217,-8.345312398172226,-14.845287335170251,6.499974936998026,597,1.0177385387979911,68,36.82095610548349,78.54756819290056
krishna_80.810_15.850,2019Q3,0.04839744804133358,0.07869253674686362,0.05394467160941603,0.25908541654524486,0.12876142480376881,0.6424967063858247,-0.524828133363935,0.41637809057928676,-7.800676614100786,-14.3653708646041,6.564694250503314,382,1.0177385387979911,62,22.28507474584583,47.5391900000807
krishna_80.810_15.850,2019Q4,0.03954073835160655,0.06503395397206493,0.03755358344326594,0.2771088661128649,0.10912684338139556,0.7448766317261539,-0.5950851855442147,0.47310366677884325,-7.781552280924242,-14.260428522908944,6.478876241984702,541,1.0177385387979911,153,26.218727125483312,55.93057526589477
krishna_80.810_15.850,2020Q1,0.057001565558642,0.07986898668201897,0.04803937745433677,0.31427797371173744,0.1191521703359314,0.7218141132105431,-0.5826185294930154,0.5355294413360443,-8.085417260322977,-14.619275892967918,6.533858632644941,718,1.0177385387979911,75,20.069339611544677,42.812517339535454
krishna_80.810_15.850,2020Q2,0.0705567044533933,0.1006821725270137,0.0656622633268871,0.3170215379127086,0.14100263123118517,0.6512402747208673,-0.5183338574220017,0.49784318942271916,-7.9316930737513855,-14.431875105030041,6.500182031278656,525,1.0177385387979911,54,17.25744986819731,36.81410978233455
krishna_80.810_15.850,2020Q3,0.04720752269759994,0.07608750253611815,0.04583011113875887,0.2716649175524193,0.12391853267360056,0.6971298856472299,-0.5491052774249281,0.4682908279422975,-7.493861617105778,-13.96893306659017,6.475071449484392,279,1.0133646525190345,55,27.617494763694733,58.914468354756515
krishna_80.810_15.850,2020Q4,0.0423719186227005,0.06610405200057877,0.03867064546470387,0.2744729775702669,0.10509250396920727,0.7418680689386802,-0.6025733747487197,0.4883863486811813,-7.528154144044052,-13.835803608229199,6.307649464185147,493,1.0177385387979911,51,25.1737980931368,53.70150130622222
krishna_80.810_15.850,2021Q1,0.038773667533823386,0.06758020290701508,0.04332667377874802,0.3075856411162222,0.11346250799724424,0.7373148292161993,-0.621801550163089,0.5286087800586805,-7.953470240052443,-14.363239809661506,6.409769569609063,651,1.0177385387979911,46,36.30357601633346,77.44387746532303
krishna_80.810_15.850,2021Q2,0.058673616388687996,0.0919687823868697,0.05827924763353554,0.32662823017402476,0.13822069443758536,0.6773411718350085,-0.5410783373188568,0.5332804294642467,-8.130033736184696,-14.65751413829417,6.5274804021094734,504,1.0177385387979911,59,39.9837091048803,85.29444777380381
krishna_80.810_15.850,2021Q3,0.05779729286562178,0.08851621350076792,0.057232910493378024,0.2927676715935662,0.1298406318828795,0.6611654515805765,-0.5247562389577963,0.4691066519381406,-7.470541584227538,-14.100449803454065,6.629908219226527,314,1.0153086019763486,55,26.33972500492615,56.18869157225862
krishna_80.810_15.850,2021Q4,0.03318855005776445,0.06161430215658369,0.03461285089758538,0.2978882771241897,0.1090728949909312,0.7804053701273119,-0.6430263580052917,0.5177715714189655,-7.676835934416131,-13.811475344979705,6.134639410563574,501,1.0177385387979911,50,51.426640208814,109.70485169264829
krishna_80.810_15.850,2022Q1,0.032288513399887024,0.06565328572759158,0.0384690104507876,0.3299574918781802,0.11808033635115592,0.7741650211152893,-0.6542723705156036,0.5504539917981564,-7.979664689154698,-14.38503091935141,6.405366230196711,646,1.0177385387979911,54,36.8121199467497,78.52871863400487
krishna_80.810_15.850,2022Q2,0.034071910326018084,0.07615929918063638,0.04154337316045451,0.3569061957925486,0.13523923346264732,0.7583128253124738,-0.6153803607037492,0.5879450735392019,-7.981741407795557,-14.621202081337453,6.639460673541896,546,1.0177385387979911,50,24.627428758590042,52.53596985068703
krishna_80.810_15.850,2022Q3,0.041126146151231655,0.07618246537112174,0.04305471792081888,0.30656251895311204,0.1276010905018605,0.7401196147724612,-0.5893558596946288,0.5215653015783781,-7.501723810827123,-13.866947024686846,6.365223213859723,347,1.0177385387979911,49,22.79435865392524,48.62560971131294
krishna_80.810_15.850,2022Q4,0.05042134948049898,0.07239624663430984,0.041365124645682504,0.3020708554838009,0.1103355068597109,0.7480228718611489,-0.6016658410153211,0.5556465455623861,-7.586076578695639,-13.916591648811252,6.330515070115613,495,1.0177385387979911,50,31.779180575507787,67.79230137909049
krishna_80.810_15.850,2023Q1,0.02924944207942434,0.0612820696520322,0.03066960756490756,0.34779889833250266,0.11449546923509216,0.8250274269827688,-0.6911632595845866,0.596832214989285,-8.134832141990147,-14.508976900517261,6.374144758527114,681,1.0177385387979911,51,21.295418402489027,45.428025398741674
krishna_80.810_15.850,2023Q2,0.04058180209075548,0.08026943230886331,0.0480690644319862,0.38473098962949714,0.1431019578223041,0.769240405301601,-0.6378771054662881,0.6068071238818017,-8.162313851675794,-14.517133712430825,6.354819860755031,509,1.0177385387979911,54,29.07194918666007,62.017154163458855
krishna_80.810_15.850,2023Q3,0.039057158406129805,0.0777574423104819,0.043610389729863454,0.33148614972788554,0.12958411523810706,0.7557596027145066,-0.6097112494054354,0.5488840258261908,-7.60710722854217,-14.099683162599824,6.492575934057654,357,1.0177385387979911,51,21.403799181163638,45.659226527233706
krishna_80.810_15.850,2023Q4,0.047105588248272975,0.07587833881597984,0.04619010220322055,0.3275697980750674,0.12059391592595724,0.7361657391976827,-0.6045910245966435,0.5713544257207391,-7.66269011209948,-13.903101032833787,6.240410920734306,574,1.0177385387979911,46,22.040764343454647,47.01801972038776
krishna_80.810_15.850,2024Q1,0.03244744043261901,0.06312027281012443,0.03718012433734819,0.3257277813752328,0.11831557533770078,0.7806600495966747,-0.6607382177012756,0.5452370526833331,-8.654034517697298,-14.784345952368342,6.130311434671045,680,1.0177385387979911,48,43.8687990724991,93.58223824542726
krishna_80.810_15.850,2024Q2,0.03933800461457604,0.07954995064134586,0.044965195188140746,0.3747424553124561,0.13739513048832327,0.7693931718625618,-0.6314386837817134,0.6111800808719646,-8.310539632068302,-14.766101737607592,6.45556210553929,513,1.0177385387979911,40,27.010249765554892,57.61907510737467
krishna_80.810_15.850,2024Q3,0.046476295035608205,0.080748046830245,0.043860658314849386,0.34641017639334476,0.13288071665846157,0.7651937683091251,-0.6234840867623946,0.5975105986335012,-7.978935526131094,-14.309323959327582,6.330388433196488,242,1.0177385387979911,49,40.673689803798915,86.76633530015795
krishna_80.810_15.850,2024Q4,0.03233135249789351,0.06373383510625887,0.032209112156320774,0.3365681107214628,0.11277708390241437,0.8144210269079284,-0.6708405579419576,0.5922010403767047,-7.765407638129722,-14.013719374555942,6.24831173642622,443,1.0177385387979911,52,28.734903333919004,61.298157839016035
krishna_80.810_15.850,2025Q1,0.02839412390627588,0.06224321621565341,0.031858407553795105,0.35211142715324156,0.11487458312652823,0.8191747351701543,-0.6841763302460053,0.5980286140269103,-8.159119998939259,-14.518082784792147,6.3589627858528885,653,1.0177385387979911,51,21.20232936370269,45.2294450685315
krishna_80.810_15.850,2025Q2,0.04502671969538142,0.08580582924240841,0.04597949281496231,0.39017733165658264,0.1397613227109529,0.7720067355891648,-0.6212627167755782,0.6317157379761315,-8.13497370226083,-14.440472524986914,6.305498822726085,685,1.0177385387979911,54,32.36934887605641,69.05126610286982
krishna_80.810_15.850,2025Q3,0.032223506083949104,0.0745171670146182,0.0422258032572907,0.32334110775548675,0.13343729782719585,0.7553152822571861,-0.6142342402421508,0.5301562447485334,-7.659777547968662,-13.870753668788076,6.2109761208194145,387,1.0177385387979911,52,25.20449543580002,53.76698579851168
krishna_80.810_15.850,2025Q4,0.042445586235166366,0.0717754069479727,0.0418730859440089,0.3238803401420796,0.11141249996863065,0.7657356488871682,-0.6265733127492055,0.5588902900828393,-7.609382528691336,-13.744185578950994,6.1348030502596576,638,1.0177385387979911,54,30.081279327011526,64.1702874987608
krishna_80.810_15.850,2026Q1,0.052757330943569075,0.07681164994329973,0.045687304973716036,0.34192637679779375,0.11352254840375751,0.7499194232222077,-0.6209097145053512,0.5975514210854882,-7.954233501941781,-14.430878724881286,6.476645222939505,739,1.0177385387979911,55,23.08171328571081,49.23860323247687
krishna_80.810_15.850,2026Q2,0.05658169050693784,0.0941014174584931,0.05610329442629395,0.3626553727245489,0.14015482185093545,0.7203026582477814,-0.5816536675171023,0.5932450413467819,-8.325825266014139,-14.599505034540922,6.273679768526783,696,1.0177385387979911,54,35.096657854965166,74.86924343594735
krishna_80.810_15.850,2026Q3,0.039030596884327404,0.0742275819991662,0.04511903590890113,0.31186253863274016,0.135655451152333,0.7354665589459296,-0.6049943453554605,0.5087504213908925,-7.778419270675801,-14.28719380682049,6.5087745361446885,408,1.0177385387979911,50,30.796986955719493,65.69705648354949
krishna_80.810_15.870,2019Q2,0.0647968708494616,0.09198848678496496,0.07330269811558245,0.26625136507428904,0.14546271538466235,0.551106726686215,-0.4719899120005998,0.38375690655512773,-7.8856616974241955,-14.074801427723573,6.189139730299377,597,1.0251005772258177,68,16.933447114596326,36.12293738827032
krishna_80.810_15.870,2019Q3,0.05339667719220435,0.08491929959975583,0.06270907155075714,0.26368045589493405,0.1381351183131901,0.5993271177018719,-0.49082472179270964,0.40430684834280617,-7.477228570612233,-13.668544729444957,6.1913161588327235,382,1.025013118768585,62,21.17171476595907,45.16413709018687
krishna_80.810_15.870,2019Q4,0.04101934068653149,0.06707666833990797,0.039673587804502766,0.277638195154187,0.10945106598316205,0.7281118764327237,-0.5894095826974924,0.4765066822587776,-7.299798093950391,-13.60649885554831,6.306700761597919,541,1.0251005772258177,153,25.416466202946317,54.21916819811117
krishna_80.810_15.870,2020Q1,0.06195861927345026,0.08334438410087777,0.05831784600549535,0.2971597592403778,0.13076064618363203,0.6567178782498003,-0.5473958559531323,0.489364003643918,-7.58084237596533,-14.003226229749517,6.422383853784187,718,1.0251005772258177,75,48.16513719766353,102.74731562417178
krishna_80.810_15.870,2020Q2,0.07453433016501473,0.10056503490628262,0.07474695447880732,0.2949392671350857,0.14800805287778432,0.5832669906069076,-0.4803054670557945,0.4403725331206064,-7.766224348471064,-13.88784480816273,6.121620459691667,525,1.0251005772258177,54,20.348044530762532,43.40705903435856
krishna_80.810_15.870,2020Q3,0.05030855079710242,0.08040200712946484,0.050738155854535776,0.2771264444934161,0.12612307341659731,0.6727318663417838,-0.5367699056625826,0.46231908053741355,-7.539117173998885,-13.563482674239573,6.024365500240688,279,1.0214273220220396,55,22.532174001959525,48.066309546200124
krishna_80.810_15.870,2020Q4,0.04827353146095584,0.07073007075532103,0.04390342602147762,0.2615916003177924,0.10200766886505826,0.6965803262578175,-0.5605772447845587,0.4528139841430798,-7.4534661180967845,-13.475356839775843,6.021890721679059,493,1.0251005772258177,51,19.646287041785662,41.91004890614843
krishna_80.810_15.870,2021Q1,0.0407690132499464,0.06773611493204273,0.04808123993072494,0.27430038413170316,0.11682257018568615,0.6856426612500456,-0.5872916589845583,0.45564479318118806,-7.671016095504348,-13.825418862561055,6.154402767056706,651,1.0251005772258177,46,29.894395469601974,63.77162124761903
krishna_80.810_15.870,2021Q2,0.06695964160126845,0.09402023251914815,0.06899485796514891,0.2830732730907343,0.14221160158743507,0.5824081214846905,-0.4797245321590304,0.4383911324261564,-7.866051236799661,-13.91087020300934,6.044818966209679,504,1.0251005772258177,59,24.250799120452804,51.732532207723544
krishna_80.810_15.870,2021Q3,0.06079654907985457,0.08772737339734737,0.0625420231708657,0.2754117976138293,0.13087925897781935,0.6032115031776032,-0.4868686817133956,0.42861370176518665,-7.412026248447281,-13.684797604550209,6.272771356102927,314,1.0243134511107224,55,26.708165216607792,56.974659285024245
krishna_80.810_15.870,2021Q4,0.03374542387144722,0.060833687907881226,0.03600420472844356,0.272523563223919,0.10203935659268518,0.7465655338447158,-0.6145796973016516,0.47590004872182845,-7.535246802767675,-13.441755931306867,5.9065091285391915,501,1.0251005772258177,50,21.07384321597827,44.95535456362132
krishna_80.810_15.870,2022Q1,0.036023132541609784,0.066191970962853,0.0450328494129121,0.29002745851611555,0.12249094789388357,0.7191989977093576,-0.6204337605717163,0.47396619762678976,-7.692231453404874,-13.823402428989233,6.131170975584359,646,1.0251005772258177,54,31.686520087276985,67.59463524578189
krishna_80.810_15.870,2022Q2,0.03235645458113703,0.06589266654962593,0.041959912364942516,0.27022275861114564,0.12361044281221124,0.7000718362681091,-0.583014351964103,0.4409031028000691,-7.870176997623394,-13.953091338117154,6.08291434049376,546,1.0251005772258177,50,30.306402116128133,64.65052618618802
krishna_80.810_15.870,2022Q3,0.05109048342643897,0.08044611112086543,0.0484177021937393,0.3003162759712656,0.12640074517874614,0.6918764811611628,-0.5464096518820755,0.5017180856315957,-7.529494452564207,-13.483237015357801,5.953742562793594,347,1.0251005772258177,49,20.600759292736452,43.946157746044186
krishna_80.810_15.870,2022Q4,0.048909668082419776,0.06775855823089973,0.041228195092826894,0.2655006801875895,0.10297325153755996,0.7059133936566206,-0.5688605197784598,0.4794130832865552,-7.549848644696857,-13.65656717934301,6.106718534646154,495,1.0251005772258177,50,24.52724465786283,52.32225412149273
krishna_80.810_15.870,2023Q1,0.029454220404190722,0.05994181156079508,0.03775667621060096,0.2981677552216068,0.11770893303790252,0.756584528152572,-0.6507757256402232,0.4963406828974324,-7.812389502425281,-13.973219095468824,6.160829593043543,681,1.0251005772258177,51,31.842902478126234,67.92823485341324
krishna_80.810_15.870,2023Q2,0.03709007112766574,0.0725601282223379,0.05027623690275174,0.3161406795601624,0.14086081200274203,0.6942780357653578,-0.5996628269842774,0.48735987864599517,-7.9271563772671385,-13.983089491441243,6.055933114174104,509,1.0251005772258177,54,25.738934779779346,54.907067840268695
krishna_80.810_15.870,2023Q3,0.03981523066558453,0.07107717536760111,0.04401012833874422,0.28838875721953716,0.1241909972036583,0.7098375020880432,-0.5795382756787844,0.4750991875050326,-7.577482689270273,-13.79912009804061,6.221637408770338,357,1.0251005772258177,51,34.8652586380824,74.37561568451652
krishna_80.810_15.870,2023Q4,0.05579817780299111,0.07893802063743086,0.05258062465182048,0.3004244087852617,0.11597912479168959,0.6832055165931511,-0.5656277081504744,0.5207292089000072,-7.435758021837514,-13.718315124021174,6.28255710218366,574,1.0251005772258177,46,21.054480547638697,44.9140495386393
krishna_80.810_15.870,2024Q1,0.03325156953054752,0.062052270420307296,0.041464202261993606,0.2987503713684248,0.12590807030255088,0.7409467953640448,-0.641889029877078,0.4918026970715171,-8.191816479389137,-14.236600143288252,6.044783663899114,680,1.0251005772258177,48,44.537917147412784,95.00962099637538
krishna_80.810_15.870,2024Q2,0.041786865510883,0.07691916126037658,0.048941391772885985,0.3158775057706545,0.13744957451033196,0.7111886584938194,-0.5900724883192116,0.5087488459226372,-8.135256475540423,-14.042181011460572,5.906924535920149,513,1.0251005772258177,40,28.628971866492236,61.07218165475724
krishna_80.810_15.870,2024Q3,0.039761879234853414,0.07294372227437383,0.04228949941724037,0.3203394151666159,0.1290074623612074,0.7477150340047917,-0.6197793316628588,0.5394521734041229,-7.776202613672418,-13.85264870191888,6.076446088246462,242,1.0251005772258177,49,37.39849956096809,79.77960121844396
krishna_80.810_15.870,2024Q4,0.03547404407615434,0.06207000078464796,0.03591912397669195,0.28805936244788233,0.10539468572304529,0.7565315038860316,-0.6289049001661985,0.507230616010939,-7.657929840933402,-13.683395258760731,6.025465417827329,443,1.0251005772258177,52,28.32090898070129,60.41501266490141
krishna_80.810_15.870,2025Q1,0.02746514578766442,0.05643604623097749,0.03325873142157712,0.2961593033282839,0.1113608128534802,0.779538968925875,-0.6603884860511043,0.5016573985024074,-8.002232354121592,-14.147713296611986,6.145480942490394,653,1.0251005772258177,51,32.55250334301356,69.44197670641682
krishna_80.810_15.870,2025Q2,0.044257004544475766,0.08149078240146629,0.0509514995009697,0.3201943922880819,0.1350151112148683,0.7009068156762025,-0.5756671984097875,0.5114935620779806,-8.142598658319395,-14.16440187352054,6.021803215201144,685,1.0251005772258177,54,30.872825284923152,65.85883708255662
krishna_80.810_15.870,2025Q3,0.03248826520064724,0.0726477628187025,0.044019764840933964,0.2941992670133161,0.1248979919525051,0.7103682541030605,-0.5829682999052656,0.4672228587561725,-7.7649715865934805,-13.763935901394435,5.998964314800954,387,1.0251005772258177,52,27.17573037943549,57.972083317323175
krishna_80.810_15.870,2025Q4,0.03951534361453854,0.0673232104146388,0.04259080289580456,0.28628784537900465,0.10269264168864804,0.7151156119268999,-0.5945102753882959,0.4931762698263359,-7.705182603372541,-13.679998113035554,5.974815509663013,638,1.0251005772258177,54,21.14474732591114,45.106609338053424
krishna_80.810_15.870,2026Q1,0.0561280882860914,0.07636870636847426,0.051954646242094976,0.2876691005846495,0.10789544213308357,0.6717498333082594,-0.5592816268084453,0.49645875935516126,-7.9978289798595465,-14.202613222189616,6.204784242330069,739,1.0251005772258177,55,17.78574433841967,37.941083395046995
krishna_80.810_15.870,2026Q2,0.05913249891880204,0.09063895714456206,0.060710998530565254,0.30671963446660055,0.13682173482149065,0.6425086180334476,-0.5257513406098384,0.4845968905129773,-8.267488634869412,-14.195043795552365,5.927555160682953,696,1.0251005772258177,54,33.42608355719961,71.30552422672493
krishna_80.810_15.870,2026Q3,0.03863855724002204,0.07211781097841223,0.048343310911583504,0.28398335679910125,0.13248017777600243,0.6841251329701002,-0.5779540445751288,0.4489556650738016,-7.839751311496435,-13.986270506603152,6.146519195106717,408,1.0251005772258177,50,34.85450061833778,74.35266635405671
krishna_80.820_15.720,2019Q2,0.07274705255521659,0.10209628406650419,0.07705903645686267,0.2525986814678878,0.1182099677912713,0.502651267409723,-0.40104359166003617,0.3656966034274898,-8.329316348650574,-14.712647885810517,6.383331537159943,597,1.0048057342999104,68,14.207904756894274,30.308728664549577
krishna_80.820_15.720,2019Q3,0.05461462726225839,0.09125817802295456,0.06867004754134585,0.2464629038924921,0.11076455945979528,0.5458304817243804,-0.4407612100529215,0.35372504351969447,-7.756632109250738,-14.18958453531916,6.432952426068422,382,1.0048057342999104,62,14.38172898599788,30.67953572480026
krishna_80.820_15.720,2019Q4,0.04366463490445257,0.07868955266058093,0.048488723110007244,0.25709482012509355,0.10159467915145733,0.655554987890471,-0.5040069196307989,0.41429018569476633,-7.579464411559968,-14.014327948583015,6.4348635370230465,541,1.0048057342999104,153,11.616285140798455,24.780207950905492
krishna_80.820_15.720,2020Q1,0.04653516810217969,0.08364247855862518,0.0513120959197429,0.2893458951232667,0.11217344829733727,0.6770364659923348,-0.5343853404145524,0.4727202224049829,-8.095336337365762,-14.47897353271638,6.383637195350618,718,1.0048057342999104,75,14.678461359924992,31.31253412683279
krishna_80.820_15.720,2020Q2,0.06426061687316452,0.10301351737579764,0.0683503303596885,0.2951956517739752,0.1242264391756071,0.605179260694732,-0.4690875213014951,0.45762483705521223,-8.08639100438481,-14.654591635112212,6.568200630727402,525,1.0048057342999104,54,17.101843685802027,36.48216600586346
krishna_80.820_15.720,2020Q3,0.044353886986464586,0.08398963159161044,0.05147399110842649,0.2637879368117343,0.1043240998132429,0.6398123110426809,-0.48610198087489,0.42296404836930646,-7.468319694110244,-14.058048617874057,6.589728923763813,279,1.0018734218457277,55,10.76537333973526,22.96501736952345
krishna_80.820_15.720,2020Q4,0.04969399940751685,0.07986709207216475,0.04936018610160824,0.26930540729283337,0.09930769754962486,0.668372259932665,-0.5236635109337684,0.4466339369981999,-7.497875935707215,-13.692142099093497,6.194266163386281,493,1.0048057342999104,51,13.73789447275199,29.306088626108732
krishna_80.820_15.720,2021Q1,0.05521808630752866,0.08779167241922703,0.057969424496241116,0.2967968296485868,0.10906198230430873,0.6472998782062007,-0.5182087924434005,0.48260679852060506,-7.852996430656763,-14.29989731805554,6.446900887398778,651,1.0048057342999104,46,14.29559386280173,30.495789695944538
krishna_80.820_15.720,2021Q2,0.06693761449264886,0.1032077048289524,0.06672918451002909,0.3005171648781278,0.11912159273030272,0.6123554919246028,-0.46725908312908293,0.4706378217183712,-8.079355110828121,-14.662142940402136,6.5827878295740145,504,1.0048057342999104,59,14.68641558939237,31.329502327759485
krishna_80.820_15.720,2021Q3,0.05756318301872997,0.09502512620892968,0.0640825327545512,0.2806788893905595,0.1190384443869711,0.6164106985441754,-0.4711682391202755,0.43456769520424476,-7.575489785062686,-14.140578759969076,6.56508897490639,314,1.0048057342999104,55,12.93731399788661,27.598266339711657
krishna_80.820_15.720,2021Q4,0.04587825857232993,0.07968999052560635,0.04611662597370288,0.29378946700229747,0.10282426019448336,0.6980711119487198,-0.5428720236798656,0.48813610211150477,-7.447165702430874,-13.691886688398966,6.244720985968092,501,1.0048057342999104,50,13.189088317439332,28.135358871411103
krishna_80.820_15.720,2022Q1,0.041276670208743066,0.0768523019645772,0.04695890333388958,0.31606503820876364,0.111887640541415,0.7170902629937255,-0.584066104691205,0.5170388836021456,-8.001301228078711,-14.178613071881752,6.177311843803041,646,1.0048057342999104,54,16.57712913668474,35.36282918824999
krishna_80.820_15.720,2022Q2,0.03287742353310765,0.08202462906474994,0.04204515322712748,0.3284390107913575,0.11463155174389385,0.7306690315655238,-0.5647811723879723,0.5268270735137813,-8.092067779059745,-14.618720699432746,6.526652920373001,546,1.0048057342999104,50,13.991602010698255,29.847305157281838
krishna_80.820_15.720,2022Q3,0.04584136904296544,0.08999208219024446,0.05524068221721054,0.3090414078304392,0.11666297326946444,0.6798035262157968,-0.5295893301530322,0.4933110399639438,-7.630268648957525,-14.12202909080152,6.491760441843995,347,1.0048057342999104,49,15.74656217008844,33.591038818097765
krishna_80.820_15.720,2022Q4,0.053930565272150656,0.08306731463261129,0.04664271966956579,0.3011668500897002,0.1006661680407083,0.6974777482349326,-0.5352932604984737,0.5246407616802918,-7.72984550588958,-14.017989889709865,6.288144383820285,495,1.0048057342999104,50,13.914575641894492,29.682990196558592
krishna_80.820_15.720,2023Q1,0.030455363108170996,0.07184383010706266,0.03712111981596354,0.33271048390567376,0.10786178655918117,0.7803231132744269,-0.6281601072978297,0.5473593979432154,-8.104541109362838,-14.229330120515746,6.124789011152908,681,1.0048057342999104,51,17.032210012155353,36.33362136423017
krishna_80.820_15.720,2023Q2,0.034240765507027336,0.0836822998628348,0.04578775515337119,0.3544362639407929,0.12888071798259224,0.7437477303051095,-0.5898204130890095,0.5482942997483496,-8.3596638634147,-14.618862518097146,6.2591986546824465,509,1.0048057342999104,54,16.438569175642744,35.06724892255637
krishna_80.820_15.720,2023Q3,0.04222431636396523,0.08285627066039904,0.04700315595950043,0.28707107957102734,0.11539296289454963,0.7095045634532259,-0.5507252687663714,0.4674359079453742,-7.690522490535521,-14.166284717636463,6.475762227100942,357,1.0048057342999104,51,12.74079678139539,27.179049917976087
krishna_80.820_15.720,2023Q4,0.04252826833114926,0.07638853086284755,0.04574774616189737,0.29218648506450556,0.11714711334975382,0.6944897413961966,-0.5521406112428277,0.4901152315923114,-7.502298496199718,-13.832509411763365,6.330210915563646,574,1.0048057342999104,46,18.09198554949694,38.59436633375336
krishna_80.820_15.720,2024Q1,0.03156603183291718,0.07251751798549304,0.040686574358665906,0.3128853271615093,0.11669467155280468,0.7511883980469591,-0.6088177703265073,0.5105474071697984,-8.460960622756481,-14.568867446676006,6.107906823919524,680,1.0048057342999104,48,21.438044596621815,45.73227987485155
krishna_80.820_15.720,2024Q2,0.04087733354855043,0.08597351541889657,0.048606551306742025,0.3245054839093388,0.12735717729886886,0.7187375094255346,-0.5630040525597385,0.5135819218642577,-8.488108493278148,-14.768093502234912,6.279985008956764,513,1.0048057342999104,40,16.53486500715091,35.27267007920454
krishna_80.820_15.720,2024Q3,0.04756277388180667,0.09389441817327755,0.05200524438871116,0.34524327335777166,0.12277554843060573,0.7146614242830377,-0.5514490497668695,0.5524726052751725,-8.033361717115074,-14.421892643171876,6.388530926056802,242,1.0048057342999104,49,14.59333634630491,31.130942894028028
krishna_80.820_15.720,2024Q4,0.040912434435565824,0.0771160168239185,0.04405022671741696,0.3083989535398007,0.1007422578242396,0.7342590373597623,-0.5829757503877199,0.5150931690245918,-7.866428817779456,-13.91795018390329,6.0515213661238345,443,1.0048057342999104,52,13.29315033494546,28.357347089015704
krishna_80.820_15.720,2025Q1,0.034120266988904024,0.07695709319595334,0.0410872996742467,0.3374402966816915,0.11149017569004045,0.7635275984258743,-0.6064232461385561,0.5490841482377173,-8.162612878234382,-14.284297098678556,6.121684220444173,653,1.0048057342999104,51,16.827987485637212,35.897967743985866
krishna_80.820_15.720,2025Q2,0.04511826204800437,0.09396441525490054,0.052898654855873216,0.33312709284593156,0.12260404856806009,0.6987075224049455,-0.5317443477663686,0.52414229260539,-8.282546040470514,-14.531252897497994,6.24870685702748,685,1.0048057342999104,54,14.345795091014322,30.602880462004478
krishna_80.820_15.720,2025Q3,0.03347212948097722,0.08578489136145442,0.04920244943028051,0.2995512680476266,0.11437027053562764,0.7011198989655751,-0.540336914691789,0.4647031308495249,-7.724556212262339,-13.917634769380907,6.193078557118568,387,1.0048057342999104,52,13.808249781785022,29.45617268199727
krishna_80.820_15.720,2025Q4,0.041501297599183334,0.07457593484864694,0.04460810194722131,0.2832547690461553,0.1001359928032145,0.7213977387512402,-0.5744826970236656,0.47939074202791043,-7.685634750966319,-13.546167186107409,5.86053243514109,638,1.0048057342999104,54,13.457092966765664,28.70707442949352
krishna_80.820_15.720,2026Q1,0.05317955892310809,0.08353866315942943,0.05080809327310831,0.2928264675624263,0.10146826297617528,0.6889909198033694,-0.5404456653543293,0.4940451041066246,-8.322011031790923,-14.265840447091698,5.943829415300774,739,1.0048057342999104,55,13.998356160793351,29.861713312889208
krishna_80.820_15.720,2026Q2,0.05089806006181608,0.09197748913101272,0.05419571546432732,0.3052699537282548,0.11607604225122482,0.6802490762525725,-0.5232455860061247,0.49137533513252246,-8.467730539816742,-14.517867677980817,6.050137138164075,696,1.0048057342999104,54,13.865761186125683,29.578857735078895
krishna_80.820_15.720,2026Q3,0.04577515398975947,0.08371948573862138,0.05149507946877328,0.29024588464293904,0.1177846479350323,0.6825028558134155,-0.5291040558507868,0.4682911343011804,-8.168092939846836,-14.69575157465309,6.527658634806253,408,1.0048057342999104,50,15.7752985728586,33.65234017457915
krishna_80.820_15.740,2019Q2,0.07526417944112025,0.10091737788227514,0.08832176721230112,0.2099878526515561,0.1346582548310721,0.3955188658628922,-0.3553623837402744,0.2474724644219947,-8.10429946810036,-14.987591423946927,6.883291955846568,597,1.0257080610021787,68,11.278462653197812,24.05955488568117
krishna_80.820_15.740,2019Q3,0.06332649495762059,0.0941533774307355,0.08644372366933457,0.20222222123364472,0.12685565514732736,0.3968179837666458,-0.3620304653446066,0.24095759465893768,-7.589496269230503,-14.494280930352947,6.904784661122443,382,1.0257080610021787,62,12.743558148699675,27.184940549550607
krishna_80.820_15.740,2019Q4,0.060060646044773625,0.08810335746133804,0.06463228543123889,0.22390246761688373,0.10846987062748138,0.5286502372524193,-0.4135360373547675,0.32829057766431097,-7.186066488436627,-14.205015836459964,7.0189493480233365,541,1.0257080610021787,153,13.767418405680045,29.369069965548846
krishna_80.820_15.740,2020Q1,0.05192644949831016,0.08435526104123146,0.06499380083988754,0.23978135989204977,0.12602319023998834,0.5516541180420813,-0.45867582642362775,0.35517716432581303,-7.901049522212858,-14.844807141499404,6.943757619286545,718,1.0257080610021787,75,17.08986161366939,36.45660549012796
krishna_80.820_15.740,2020Q2,0.0739272836822518,0.10424833511848731,0.08427904788712638,0.24126549823064466,0.13162407007324034,0.4751278901454153,-0.39504473440541066,0.3222716894446817,-7.953159327410958,-14.882109937862333,6.928950610451375,525,1.0257080610021787,54,14.426838866823358,30.775765475873595
krishna_80.820_15.740,2020Q3,0.056825558732468265,0.09157321537785346,0.07126898730766651,0.21882394535309752,0.09547716161672487,0.48657210248299976,-0.38388167857752215,0.30060223169891287,-7.187721393046117,-14.190278743216453,7.002557350170336,279,1.0257080610021787,55,12.849308594340666,27.410530572705344
krishna_80.820_15.740,2020Q4,0.05593049536807895,0.08209270684068502,0.05924713134512267,0.22656656979296647,0.09474284421564032,0.562073907394311,-0.44431232931433096,0.3438944548708426,-7.359363078529624,-13.903567719232175,6.544204640702551,493,1.0257080610021787,51,12.490443386650103,26.6449885457036
krishna_80.820_15.740,2021Q1,0.05192749584565321,0.08286527007355272,0.06457325456599407,0.24405722249272524,0.10722189257822241,0.5544967669335839,-0.4649696358746611,0.36217508637584495,-7.089317805702383,-14.01831644365779,6.928998637955407,651,1.0257080610021787,46,12.567743022747658,26.809886448415995
krishna_80.820_15.740,2021Q2,0.06618770817664345,0.10086846855078463,0.0756730316716511,0.25853055939355196,0.12737134043681586,0.5192778086864708,-0.419388788133516,0.3630916179799084,-7.294649634295961,-14.23415237088946,6.939502736593498,504,1.0257080610021787,59,13.888333550930739,29.627009780851978
krishna_80.820_15.740,2021Q3,0.06354396257994557,0.09733524972901449,0.07449632358939395,0.2377814007656755,0.11586343533701836,0.5081979226442455,-0.39851028875059963,0.3364385621626991,-6.899442986085793,-13.898170915554468,6.998727929468675,314,1.0257080610021787,55,16.248130923742718,34.661000330455686
krishna_80.820_15.740,2021Q4,0.04804720247031725,0.07949292811212329,0.053729755222832534,0.25072513540044833,0.09561544909286486,0.6118668156238193,-0.4866687458062211,0.3971574303888056,-7.016578661412992,-13.636927865017425,6.620349203604433,501,1.0257080610021787,50,11.652693616706463,24.857875603966733
krishna_80.820_15.740,2022Q1,0.052343440282753784,0.08371500365788924,0.05858409327042602,0.283781538903104,0.11730458248992377,0.6252196420117898,-0.519244480002459,0.43721919219452393,-7.380589120939732,-13.895901221576953,6.515312100637221,646,1.0257080610021787,54,16.734768164167026,35.69910949084602
krishna_80.820_15.740,2022Q2,0.03487235601644363,0.07986863382584704,0.05086940810401887,0.2696950222875841,0.09909178289412737,0.6275728198423057,-0.49433166358046343,0.4188047084260474,-7.3701092685361,-14.155039102417577,6.784929833881477,546,1.0257080610021787,50,11.693330147520005,24.9445626705941
krishna_80.820_15.740,2022Q3,0.04821069923638301,0.0886145168838442,0.06225742545828488,0.26630311982747434,0.11267698326509486,0.5961560215485161,-0.47877229737674076,0.3948978822877862,-6.801258808986795,-13.597691993445851,6.796433184459056,347,1.0257080610021787,49,13.59916880554719,29.010154871057438
krishna_80.820_15.740,2022Q4,0.06356815906104003,0.09070088630115203,0.057981179259020334,0.26031506941298227,0.09327036838339577,0.6155743808317401,-0.46661122543719763,0.4449370787009348,-7.008046374560999,-13.755116946217141,6.747070571656142,495,1.0257080610021787,50,16.800449232258295,35.83922231573036
krishna_80.820_15.740,2023Q1,0.03509827794897678,0.0733976443212144,0.04629012803333733,0.29579262472980417,0.11115273571707313,0.7083007687590065,-0.5849878266910946,0.46696994440910755,-7.6894855820508,-13.948039377537853,6.258553795487053,681,1.0257080610021787,51,17.347282045548777,37.005742478026015
krishna_80.820_15.740,2023Q2,0.034461945764396394,0.0811134272600104,0.05408784748880599,0.3041910754484822,0.12784292489253782,0.6732308339645517,-0.5570058477734836,0.44927410577056787,-8.122419606796287,-14.446293468916014,6.3238738621197275,509,1.0257080610021787,54,18.16972711558095,38.76020697477076
krishna_80.820_15.740,2023Q3,0.04874857260665497,0.08772354595233933,0.05866438539165263,0.2570170155884424,0.12149117632921543,0.6247106608833409,-0.49606155369396004,0.39263987480357815,-7.630132530941075,-14.15167195298476,6.521539422043685,357,1.0257080610021787,51,17.60636896916113,37.558434476083605
krishna_80.820_15.740,2023Q4,0.06277861376831563,0.0932392915486795,0.06456448019223915,0.2605018871516348,0.12173378882074509,0.6097395816322843,-0.48781260949394234,0.4247963235573836,-7.285338893168243,-13.937025567599335,6.651686674431092,574,1.0257080610021787,46,16.30793090105165,34.78856743605042
krishna_80.820_15.740,2024Q1,0.03930121303418114,0.07598253319682963,0.052154252274580364,0.28189337865176306,0.12712931826257784,0.67363442629995,-0.5617510128938265,0.4357227784518718,-8.472103543277825,-14.65690415189195,6.184800608614125,680,1.0257080610021787,48,21.658253504545918,46.202036123502495
krishna_80.820_15.740,2024Q2,0.04396417287617473,0.08642347110692411,0.06052829378896979,0.27648285398381894,0.1378393022448806,0.6234323436526826,-0.5088850056255226,0.4040931057562732,-8.049033961287485,-14.60466851903616,6.555634557748675,513,1.0257080610021787,40,18.95331315440718,40.43177622037603
krishna_80.820_15.740,2024Q3,0.04717071364570332,0.08911731143935898,0.05712450247831334,0.274203352729564,0.10612207611220745,0.6294743919371472,-0.4854422438220756,0.42242260037871826,-7.559246292612509,-14.15802343690855,6.598777144296041,242,1.0257080610021787,49,11.669953779689896,24.89469550144788
krishna_80.820_15.740,2024Q4,0.05098445100187853,0.08368616561678349,0.05508860403701349,0.27292950398571464,0.09943488708242067,0.6658209938919607,-0.5343312111933519,0.44911752154904055,-7.392886447833247,-13.836057234723862,6.443170786890615,443,1.0257080610021787,52,13.627800559580335,29.071232987713557
krishna_80.820_15.740,2025Q1,0.03785906011540191,0.07567033720136754,0.04581054097585328,0.2952982142218466,0.10769721315301017,0.710256440020024,-0.5729172581090265,0.4756399564171744,-7.698420926804309,-14.084130620883407,6.385709694079098,653,1.0257080610021787,51,15.793694035625471,33.69158192761733
krishna_80.820_15.740,2025Q2,0.0504791581580034,0.09510541878692388,0.06266800956309494,0.297014671013819,0.12570818584688867,0.6231497630112544,-0.4866104340608602,0.4468525312788555,-7.784935436999303,-14.254768257738329,6.469832820739025,685,1.0257080610021787,54,17.913160574906865,38.21289153320857
krishna_80.820_15.740,2025Q3,0.03705569328344597,0.08634564573736522,0.05289622717994704,0.2659706923200846,0.11072574549096548,0.6356551792377481,-0.4913642537802991,0.3960172770999735,-7.177244325342045,-13.752385593080907,6.5751412677388625,387,1.0257080610021787,52,13.085275398311895,27.913902037940886
krishna_80.820_15.740,2025Q4,0.04415964739714603,0.07771764631217182,0.04796529268679496,0.2787681096585325,0.09815353233761788,0.6963793861979142,-0.5480823355987355,0.4692896177226498,-7.342999208744158,-13.495089431266642,6.152090222522484,638,1.0257080610021787,54,13.483121108674426,28.76259844265755
krishna_80.820_15.740,2026Q1,0.06099403697970505,0.08998048579183797,0.05926327082521062,0.28308868527690295,0.10496525953752191,0.6478439473215655,-0.5099272388059337,0.47058413835082924,-8.082715771919297,-14.250592863571352,6.1678770916520556,739,1.0257080610021787,55,17.177397554567726,36.64333978533052
krishna_80.820_15.740,2026Q2,0.06113409339317879,0.09990980696224024,0.06599271514787709,0.28290733071949803,0.11867873363928738,0.6098273930067251,-0.47150217834389546,0.4350509745176727,-7.984812618122912,-14.226979731174938,6.242167113052026,696,1.0257080610021787,54,12.795348464052603,27.295421203970943
krishna_80.820_15.740,2026Q3,0.048201040119296074,0.08633726738588789,0.057903126685399584,0.2653416476014007,0.12455202154837226,0.6233678605229609,-0.4929501715382228,0.4011000873710279,-7.853754413839362,-14.240818541675647,6.387064127836285,408,1.0257080610021787,50,18.431075682454892,39.31772357808325
krishna_80.820_15.770,2019Q2,0.07722954911040389,0.10332638066386247,0.08661255618066402,0.2262099630150001,0.12591001573634675,0.4217271518021929,-0.35639163534426915,0.2871239854634288,-7.4780826779946885,-14.628043005254758,7.14996032726007,597,1.01777949560344,68,13.113723293992072,27.974587942442707
krishna_80.820_15.770,2019Q3,0.060140989698662765,0.09353571296332747,0.07974180932730905,0.21762820951969514,0.13083318591895596,0.46311169116128525,-0.3942764535208661,0.2829822766027025,-7.225867061056817,-14.347541082983781,7.121674021926964,382,1.01777949560344,62,14.284592033469817,30.472320263558817
krishna_80.820_15.770,2019Q4,0.05844094325067391,0.08324208766753534,0.05780693612933555,0.2165933549828037,0.09997702826509006,0.5332827603082074,-0.39584774083776236,0.32900083872165353,-7.001437069454334,-14.038662778254693,7.037225708800359,541,1.01777949560344,153,12.475835424806098,26.613826403259115
krishna_80.820_15.770,2020Q1,0.06198843543916689,0.08982406028955099,0.0661246027517479,0.25679136244498096,0.12853548881697244,0.5554474170328563,-0.4504517684907975,0.38483212019449176,-7.383320382158844,-14.272914917711299,6.8895945355524555,718,1.01777949560344,75,17.577591326756167,37.49704514597606
krishna_80.820_15.770,2020Q2,0.0739722234874305,0.10588474430289337,0.07931420131820724,0.25013773481378865,0.12544769407397766,0.4908746164279526,-0.38100626503683477,0.34320690803011433,-7.363155791487037,-14.369604307641563,7.006448516154526,525,1.01777949560344,54,14.36185094490209,30.637131291193484
krishna_80.820_15.770,2020Q3,0.06807474975910939,0.09939945444228132,0.07680533284788289,0.21943024070346898,0.10077454192625764,0.4641995963164209,-0.35636575688735406,0.30285719674951483,-6.802615103584748,-13.878053569202775,7.075438465618027,279,1.01777949560344,55,12.138665781319679,25.894566004684577
krishna_80.820_15.770,2020Q4,0.05959800877208462,0.0850100560416279,0.05946406093207548,0.2328654573019496,0.09426071204724129,0.56865875721921,-0.4401134814975477,0.3695238971430046,-7.344997967589835,-13.932339082412948,6.587341114823113,493,1.01777949560344,51,12.398802924160046,26.44949836190594
krishna_80.820_15.770,2021Q1,0.05002054348232752,0.08494928725856069,0.0622419061541524,0.2630419361300291,0.10735310557845214,0.6002744931068914,-0.49765126326803444,0.40551680417739094,-7.245566830009707,-13.843478135455774,6.5979113054460665,651,1.01777949560344,46,11.791819907355093,25.154663980967104
krishna_80.820_15.770,2021Q2,0.06466092537008689,0.10098463804682711,0.07062210950688018,0.282294097840489,0.12358849508088939,0.5707583465988354,-0.4497420912710028,0.4165487810859009,-7.45618990388524,-14.054147116698354,6.597957212813115,504,1.01777949560344,59,13.217532507113493,28.196036870149722
krishna_80.820_15.770,2021Q3,0.061353219385256424,0.09707215461432663,0.07049360169447846,0.24396255260851557,0.11947328601904775,0.5349015370431544,-0.41107094039752706,0.3488355880273032,-6.9384569148497235,-13.751751167551587,6.813294252701864,314,1.01777949560344,55,14.33079581419515,30.57088355471552
krishna_80.820_15.770,2021Q4,0.048655298430523096,0.07874533251875356,0.05170101159160664,0.24416229751855187,0.09251829411753915,0.6224892687686406,-0.4821668226916248,0.3935765468375122,-7.283107046343165,-13.693125412746756,6.410018366403591,501,1.01777949560344,50,11.783581603991205,25.137089785082157
krishna_80.820_15.770,2022Q1,0.04077880349288896,0.07764632764825696,0.052226192750608975,0.28398236994456905,0.11542778054931176,0.6621382809363591,-0.5456284641571759,0.44385257987865856,-7.701932698312191,-13.839007555689813,6.1370748573776215,646,1.01777949560344,54,20.110955297396398,42.90129316906492
krishna_80.820_15.770,2022Q2,0.0404581738505908,0.0850469926834817,0.05024198113842055,0.2864843560924783,0.10440119941223301,0.6502802891898142,-0.4906967921872559,0.45157968627785877,-7.699220915510474,-14.172941189666364,6.47372027415589,546,1.01777949560344,50,12.620369411183079,26.92215063901808
krishna_80.820_15.770,2022Q3,0.04672463507615799,0.08592138026806388,0.05833342151427422,0.2546581287119283,0.10957117032619351,0.6080451450818232,-0.4764508240774807,0.38856709934392847,-7.14197543870884,-13.820158118774406,6.678182680065566,347,1.01777949560344,49,13.153231866413789,28.058868814389886
krishna_80.820_15.770,2022Q4,0.060123751921241815,0.0863367369753778,0.05374581618037699,0.2485903219711154,0.09043225778781037,0.624706162363726,-0.4656912617579689,0.42496330741884325,-7.354084117646501,-13.865492370727377,6.511408253080877,495,1.01777949560344,50,11.305632038586431,24.117513433673732
krishna_80.820_15.770,2023Q1,0.03212708775474095,0.07309257279589222,0.04181912561289554,0.2993209127775719,0.10991861278092999,0.732442209069939,-0.592128097160921,0.4850121248072952,-8.10717025410784,-14.16533170657869,6.05816145247085,681,1.01777949560344,51,16.03782976115587,34.212379581390536
krishna_80.820_15.770,2023Q2,0.04085555395182736,0.08669295538630133,0.0544001654077963,0.3117743708273389,0.12372112647532645,0.6690487019269421,-0.5335368106497349,0.4756163124230437,-8.324344273830349,-14.435250763242053,6.110906489411704,509,1.01777949560344,54,15.697802218453793,33.48702262647219
krishna_80.820_15.770,2023Q3,0.047613765401741455,0.08748849280962276,0.05678585969453959,0.2566997884506602,0.11720029432333537,0.6389965004131992,-0.5031783930005241,0.401915021344352,-7.8867047733917826,-14.184145081612318,6.297440308220535,357,1.01777949560344,51,17.260223352404655,36.82002626205018
krishna_80.820_15.770,2023Q4,0.061991222604089895,0.0890053048557447,0.06285492775213902,0.25867532528458725,0.11876006568767807,0.5906309889182733,-0.4704866126007221,0.4252847276142024,-7.6653058708041835,-13.942392627787212,6.277086756983029,574,1.01777949560344,46,16.70657314859281,35.63896303777264
krishna_80.820_15.770,2024Q1,0.0363031325307954,0.07386078656144626,0.04631623362180764,0.2839949885008464,0.11907321069397989,0.7007606220519246,-0.5709889485515877,0.45200244153872,-8.328189384893195,-14.409853928863118,6.081664543969923,680,1.01777949560344,48,20.109393696061495,42.89796191424927
krishna_80.820_15.770,2024Q2,0.05004625817097345,0.09196394525166918,0.05991992163366872,0.2876267318013363,0.1289953311251194,0.6426501728016913,-0.5031614890010795,0.4405538095355762,-8.296852342296063,-14.482291182906103,6.18543884061004,513,1.01777949560344,40,16.99001563256324,36.24361104785289
krishna_80.820_15.770,2024Q3,0.03938286634535549,0.07892279879047899,0.048324890812883624,0.2642287103713275,0.10033694829676836,0.6559531138613328,-0.5075893305616875,0.4162293121023997,-7.851444318417654,-14.173385830037066,6.321941511619412,242,1.01777949560344,49,11.705981752440922,24.971551453759545
krishna_80.820_15.770,2024Q4,0.0437114808646739,0.0800352635660791,0.04897149059439134,0.27537225063672477,0.10003976099416405,0.6966807512573795,-0.544500108716876,0.46036734114438005,-7.6622940206314905,-13.843063117646645,6.180769097015155,443,1.01777949560344,52,13.204173299126088,28.167538606894748
krishna_80.820_15.770,2025Q1,0.03769582056272623,0.07559099843252468,0.042955990503856484,0.30370684031139056,0.10635619542802577,0.7212604360417567,-0.5684201948543336,0.495506812248091,-7.948164425896998,-14.132305924783237,6.184141498886239,653,1.01777949560344,51,15.232115649629135,32.49360606725836
krishna_80.820_15.770,2025Q2,0.0510738926884853,0.09729800661839814,0.05994604117909928,0.3160675495355575,0.1252231930887013,0.650870761025383,-0.5023405852307941,0.49248893544520383,-8.01642910395292,-14.208880115539412,6.192451011586492,685,1.01777949560344,54,15.892911137980194,33.90323482687349
krishna_80.820_15.770,2025Q3,0.03755078934913249,0.08428537237375534,0.05045007929531213,0.25565855147210975,0.10957651393277036,0.6415490153448301,-0.48363579124674766,0.39241474923334346,-7.518544253733706,-13.71844758504254,6.199903331308834,387,1.01777949560344,52,13.041697248102496,27.82093982056969
krishna_80.820_15.770,2025Q4,0.050304030718721734,0.0820959515010354,0.052585085380888665,0.26358802895155903,0.0989733453252947,0.6540921774652031,-0.5080006042115967,0.44022491336278896,-7.794380404513381,-13.591186816600157,5.7968064120867755,638,1.01777949560344,54,11.95293946965081,25.4983690648432
krishna_80.820_15.770,2026Q1,0.0559858847994637,0.08507357543640913,0.054513588771225786,0.2765360169300084,0.10297877242070624,0.6558271454861446,-0.5147106911611905,0.4609508160332407,-8.238090929063734,-14.327147607229156,6.089056678165422,739,1.01777949560344,55,14.634985712336896,31.21979057112844
krishna_80.820_15.770,2026Q2,0.06503483466208347,0.10117424924300061,0.06614653342580028,0.2816866359312573,0.11917519975789839,0.6068267216935365,-0.46279774417313985,0.44027947572441206,-8.245747284867889,-14.359243161452419,6.11349587658453,696,1.01777949560344,54,12.96542863680417,27.658241330889762
krishna_80.820_15.770,2026Q3,0.04610668088925133,0.08201238330930631,0.053426950757300064,0.2580217274529357,0.12068827124386775,0.6366530130369986,-0.4926569188241174,0.40507184314774536,-8.013780610124892,-14.609384328541209,6.595603718416317,408,1.01777949560344,50,17.763242237556216,37.89308123842205
krishna_80.820_15.850,2019Q2,0.07494570407596822,0.10068371505357517,0.08138183110837671,0.26251225210338536,0.13905751188090787,0.5011314475095243,-0.42754969508190366,0.36145059040486177,-8.579189578616155,-15.4440987342359,6.8649091556197455,597,1.0101716465352828,68,15.34791201358142,32.7406263447323
krishna_80.820_15.850,2019Q3,0.052286225008905694,0.07975143100068327,0.06041705667819912,0.22595789499600769,0.12174647433205514,0.5565714892692456,-0.46085927590228143,0.3407141880360704,-8.236475440444659,-14.922162590595908,6.685687150151249,382,1.0101716465352828,62,15.170029768633418,32.36116260334187
krishna_80.820_15.850,2019Q4,0.04123009514903066,0.06421795133261829,0.04121000040377459,0.23464341526328653,0.09683475193144618,0.6482808940136758,-0.51890545100886,0.3932483036027563,-8.26763595280933,-14.803412971265097,6.535777018455766,541,1.0101716465352828,153,19.19082625414753,40.93844629013514
krishna_80.820_15.850,2020Q1,0.06043334879071278,0.0823360904244354,0.05782089204431386,0.27889824708851346,0.12402850451056842,0.6338539526037062,-0.5236118741345973,0.4464573923635739,-8.142744712700159,-15.029329832969033,6.886585120268874,718,1.0101716465352828,75,20.984713220308656,44.765219782959036
krishna_80.820_15.850,2020Q2,0.07603622460995023,0.10094833436880257,0.07544696152654295,0.2818229476716041,0.13426754531310142,0.5403065111716925,-0.44058614705977295,0.4128589308673303,-8.474748929377537,-15.086284717818703,6.6115357884411665,525,1.0101716465352828,54,15.44168147437661,32.94065817158442
krishna_80.820_15.850,2020Q3,0.051336577386718214,0.07738932429253018,0.05090001065320356,0.2422300474276901,0.11297134264653869,0.6266413818553295,-0.4919629909477898,0.4010712932791104,-8.348025668289162,-14.690723001983963,6.342697333694801,279,0.9986377259104532,55,13.863040962673086,29.5730548728031
krishna_80.820_15.850,2020Q4,0.04323403814846455,0.06383660333300793,0.04046703389995732,0.2235969563673312,0.0879265021335081,0.6470809731875918,-0.5138948219474099,0.38787451134835743,-8.41225923371706,-14.532536203410054,6.120276969692993,493,1.0101716465352828,51,18.557330262583925,39.58705363605191
krishna_80.820_15.850,2021Q1,0.04491410747966996,0.07032757024201562,0.04974047338919385,0.25348395733680534,0.0965140182743231,0.633069661242044,-0.5233056856008247,0.42393186229708213,-8.471605168302318,-14.847309231889563,6.375704063587245,651,1.0101716465352828,46,14.623279010765545,31.194817484135385
krishna_80.820_15.850,2021Q2,0.06546111697854572,0.09450417783082661,0.06588905013651664,0.28291766471172797,0.12358244003218753,0.5840045660776324,-0.46586742646085905,0.44365321130778934,-8.806651989637835,-15.195072749255337,6.388420759617501,504,1.0101716465352828,59,17.115641651653657,36.51160024055714
krishna_80.820_15.850,2021Q3,0.06062354562804183,0.0869493308326909,0.06123295054073888,0.25232356473967466,0.11431464254425915,0.5797340477233387,-0.4630024044968023,0.39046813693539245,-8.22350893639654,-14.784838602108001,6.561329665711462,314,1.008991008991009,55,14.445061139397694,30.814637774397344
krishna_80.820_15.850,2021Q4,0.03826328419114968,0.06096533264341615,0.038629699574751444,0.23784916884286775,0.09058519299667316,0.6640394443138522,-0.5343556555925174,0.40657770363153256,-8.47881440090929,-14.533246168028796,6.054431767119507,501,1.0101716465352828,50,19.101977651702793,40.74891178594195
krishna_80.820_15.850,2022Q1,0.03690455735425441,0.06615143155909126,0.04392597535936525,0.2797604351011209,0.10482048430901089,0.6861934602608343,-0.5799940535924916,0.4540183983273853,-8.466053228955284,-14.903563754528932,6.437510525573648,646,1.0101716465352828,54,28.751499603298466,61.333561498744395
krishna_80.820_15.850,2022Q2,0.03710537110302817,0.07114996621872496,0.04531218780705218,0.2753084307344054,0.11005900849263693,0.6331849563789844,-0.5109646525103393,0.4501819772158846,-8.798608362634244,-15.312657058825309,6.514048696191065,546,1.0101716465352828,50,21.098345435896242,45.007623434216946
krishna_80.820_15.850,2022Q3,0.04559422757415185,0.07551751757149164,0.05124536662831822,0.24620346686102437,0.10929383298367569,0.6115710377498047,-0.49383328039731844,0.39536827346389164,-8.37848337301911,-14.631829839790099,6.253346466770989,347,1.0101716465352828,49,13.013840707990777,27.76151541350717
krishna_80.820_15.850,2022Q4,0.05614892166447185,0.0727672335417281,0.0465036518698183,0.246736548091437,0.09416211912011262,0.6319786801567812,-0.49448308077526343,0.4400107428367618,-8.442177509756739,-14.674002876284016,6.231825366527277,495,1.0101716465352828,50,14.806184516936352,31.584996997064135
krishna_80.820_15.850,2023Q1,0.03292819945725181,0.06200672997105993,0.03736267593097457,0.2901044588865806,0.10262177603940048,0.721811472139451,-0.6033311768009313,0.4808044694818265,-8.64155321537201,-14.982763898147129,6.3412106827751185,681,1.0101716465352828,51,22.336994205520096,47.64994614904163
krishna_80.820_15.850,2023Q2,0.043476307431699016,0.07861799502406303,0.053715776107635935,0.3250575486084101,0.12500853454604766,0.661285060119516,-0.5580859545079729,0.4975576075874576,-8.62364521647224,-15.006566165967612,6.382920949495372,509,1.0101716465352828,54,20.988190484603606,44.77263758747096
krishna_80.820_15.850,2023Q3,0.041505971455977744,0.07293680785850608,0.046378581373616445,0.26945025114063376,0.11161779393496231,0.669286271763869,-0.543653819938692,0.44000660871835234,-8.20018865232004,-14.659039338182435,6.458850685862394,357,1.0101716465352828,51,16.540799817472756,35.285330394627415
krishna_80.820_15.850,2023Q4,0.06075805096158996,0.08327682814413222,0.05626721779014755,0.27629322478476503,0.1073899068507692,0.6373350907956277,-0.5136786302581619,0.47799955575117,-8.211013168046218,-14.527394195931723,6.316381027885505,574,1.0101716465352828,46,16.91323873438996,36.0798282653627
krishna_80.820_15.850,2024Q1,0.03294056488173035,0.06197868662389448,0.042652609181431565,0.2700519696295951,0.10570532659039991,0.6957632621220847,-0.5961977444918629,0.4401115700153347,-8.823429723969614,-15.156162692681983,6.332732968712369,680,1.0101716465352828,48,21.315299216759854,45.470435748168626
krishna_80.820_15.850,2024Q2,0.04401325831175429,0.0789980518576872,0.05138115512563879,0.3037989371815956,0.11961467677206213,0.6690571673025293,-0.5504306093390445,0.48036916767346605,-8.801169615965776,-15.200846037315882,6.399676421350106,513,1.0101716465352828,40,16.52248804757803,35.246267177734886
krishna_80.820_15.850,2024Q3,0.0442490231283049,0.07287909440270285,0.04626074099055994,0.2754091448756193,0.11404214400101532,0.6642543952784994,-0.5445020587055571,0.4610030345796914,-8.54033542508799,-14.871002964802598,6.330667539714607,242,1.0101716465352828,49,24.03919659638215,51.2811353553003
krishna_80.820_15.850,2024Q4,0.04080224747669571,0.06621950837047755,0.039371342231021206,0.26832568518740246,0.09820659139204155,0.698233606469691,-0.5628216216497494,0.4643999629478688,-8.461519429255922,-14.599955337521138,6.138435908265215,443,1.0101716465352828,52,23.984757841304656,51.16500496980634
krishna_80.820_15.850,2025Q1,0.031109951861172744,0.060923128017693055,0.03496346423295516,0.29122468943285545,0.09936868893580522,0.7399334145090951,-0.6123186792536625,0.4918046069459528,-8.66389134936507,-15.01599884797431,6.352107498609239,653,1.0101716465352828,51,21.847028163569256,46.60473588937085
krishna_80.820_15.850,2025Q2,0.0508309311504208,0.08607962016695792,0.053963202465133524,0.322164379230814,0.12172922209794938,0.6686897398743551,-0.5339579851820405,0.5173240133888618,-8.719017761925747,-15.030231315887717,6.31121355396197,685,1.0101716465352828,54,14.448228166873765,30.821393772420123
krishna_80.820_15.850,2025Q3,0.034247008647817635,0.07177668576177787,0.044300146599380134,0.26580691201058765,0.1143275545456833,0.6587239767970664,-0.5310483867092683,0.426212869363297,-8.201333521654638,-14.455418107066905,6.254084585412267,387,1.0101716465352828,52,17.96631464648655,38.32628139332451
krishna_80.820_15.850,2025Q4,0.04684296825235725,0.0733458971427581,0.04451261486520858,0.27605266795112005,0.09742300784322544,0.6807354851721759,-0.546549035201671,0.4733296988188415,-8.25005228467054,-14.31180793612199,6.061755651451451,638,1.0101716465352828,54,16.709184095837525,35.644532788763485
krishna_80.820_15.850,2026Q1,0.05822216772511657,0.08084566809758938,0.053906642349682385,0.29917424578650714,0.10162188758869321,0.660659825003452,-0.5420984457346829,0.512532312947342,-8.403843595616614,-14.926189657778302,6.522346062161688,739,1.0101716465352828,55,16.697861785063655,35.620379695751346
krishna_80.820_15.850,2026Q2,0.06297236725885628,0.0936180099291285,0.06136569179809142,0.30638545322849475,0.12537691431925574,0.6305318795373417,-0.5041599187692595,0.4868159344012371,-8.6926935244053,-15.046608746786323,6.353915222381023,696,1.0101716465352828,54,15.871550546335284,33.85766777195881
krishna_80.820_15.850,2026Q3,0.039067935741012666,0.07043014410019652,0.045870994124152034,0.26515515172211324,0.1202575991630561,0.6573089561212877,-0.5420372160145933,0.4230267593379455,-8.258899199045324,-14.68893547260696,6.430036273561637,408,1.0101716465352828,50,22.128040655570217,47.20420016768205
krishna_80.830_15.830,2019Q2,0.06413778172094588,0.09482911143299132,0.07138792297825722,0.2478704752567948,0.11139630442705835,0.5377373227348645,-0.4371174494416257,0.3567821386474053,-8.497443711934237,-15.657561239015894,7.160117527081658,597,1.0184199165347532,68,13.383402942722995,28.549876659504974
krishna_80.830_15.830,2019Q3,0.04795195195788417,0.08014842193089416,0.0571819753250611,0.22844387193735774,0.11515332169402168,0.5939712142545662,-0.4754074998595323,0.3545555746526758,-8.243841243736332,-15.377613686121531,7.133772442385199,382,1.0184199165347532,62,17.165015994270743,36.61692706945818
krishna_80.830_15.830,2019Q4,0.03895089348072059,0.06382516159982217,0.037651576299150676,0.2252687531927625,0.08453615206729202,0.6690752875779347,-0.5052253509610287,0.3810494276409059,-8.455283001013253,-15.297941940322843,6.84265893930959,541,1.0184199165347532,153,16.91390594571138,36.08125158056989
krishna_80.830_15.830,2020Q1,0.056681633677759684,0.08201089269291525,0.05434179681826729,0.2818974331715656,0.11043994581729956,0.6349325336375471,-0.5050288701204105,0.45504630255449663,-8.467165801121165,-15.419289749421697,6.952123948300532,718,1.0184199165347532,75,15.5443916919873,33.15976268909807
krishna_80.830_15.830,2020Q2,0.06511959026195284,0.0984720489745954,0.06451609545761468,0.2850242024234345,0.11774627214557423,0.6149366800804165,-0.4710096073198778,0.4456939681663443,-8.54736237387398,-15.303965627087564,6.756603253213584,525,1.0184199165347532,54,14.71608796866644,31.392800337398313
krishna_80.830_15.830,2020Q3,0.048185702745347704,0.07650556428372286,0.046187764089122764,0.23475621458417453,0.09629148451355311,0.6432227094595281,-0.4750151437735886,0.401468411553487,-8.399112500647828,-14.960993051905675,6.561880551257847,279,1.0184199165347532,55,12.044679327727392,25.694071282287908
krishna_80.830_15.830,2020Q4,0.0397002674860046,0.06349403855767587,0.036947904005158044,0.21781815355054787,0.08055383832653262,0.6768459291846451,-0.5186690752228403,0.38131024310094913,-8.892545778577901,-14.847217293395907,5.954671514818006,493,1.0184199165347532,51,17.391423520231026,37.09990639606243
krishna_80.830_15.830,2021Q1,0.041931803617818786,0.07010514903998574,0.046257140344387035,0.25317662173672256,0.08935147763772254,0.6647379819937943,-0.5449500799351081,0.4246210426030455,-8.444927988398593,-15.077389334541495,6.632461346142902,651,1.0184199165347532,46,14.423432232088373,30.76849834045788
krishna_80.830_15.830,2021Q2,0.06311798937145192,0.0938368946170282,0.06140949736641962,0.28264975684532684,0.1126438629533717,0.6306385063944712,-0.4892222577149965,0.4522933131769068,-8.944106520568765,-15.431472844240247,6.487366323671482,504,1.0184199165347532,59,13.724687611076531,29.277915352576787
krishna_80.830_15.830,2021Q3,0.0581333174463876,0.0870851820411277,0.057880720181088814,0.25781920132381086,0.10835356750721332,0.6290947825947946,-0.4906366976652691,0.40822677796916,-8.139267443643842,-14.764895109730642,6.6256276660868,314,1.0184199165347532,55,12.501600506246007,26.66878924793917
krishna_80.830_15.830,2021Q4,0.0397880684422752,0.06500985893444479,0.0386516116050222,0.2527137901923088,0.09123062200093826,0.6920549304769377,-0.5445569084094891,0.4359250681024983,-8.724815428653216,-14.792245967142726,6.067430538489511,501,1.0184199165347532,50,17.023582062838763,36.31521596390954
krishna_80.830_15.830,2022Q1,0.0360472962584321,0.07096388445225499,0.042514060054255634,0.29281562006330947,0.10320513706953811,0.734023616096688,-0.6027611986724891,0.4887411518839242,-8.55966080431083,-14.895832067190044,6.336171262879214,646,1.0184199165347532,54,16.183043834172448,34.52215459837169
krishna_80.830_15.830,2022Q2,0.04029013931982296,0.07814687283723465,0.04525753640175963,0.3050774989154359,0.114039163895921,0.7243890723863039,-0.5669505596815418,0.5041224217988359,-8.789988016756595,-15.237067744439921,6.447079727683326,546,1.0184199165347532,50,14.635697832718224,31.221309687689498
krishna_80.830_15.830,2022Q3,0.04528015910000986,0.07895775615505235,0.050574350305747785,0.26145556225239325,0.11105076606332182,0.6663762324172159,-0.5255084100517574,0.43979225787809373,-8.32502397219123,-14.533355931972924,6.2083319597816935,347,1.0184199165347532,49,13.411896980941778,28.61066099665443
krishna_80.830_15.830,2022Q4,0.04970170722877819,0.07157175765123207,0.041846339374181474,0.2526945532598482,0.09603438159112798,0.7123469297281249,-0.5537815555428314,0.4657648187818567,-8.431518237645285,-14.525109824362737,6.0935915867174515,495,1.0184199165347532,50,16.042762846578555,34.22290298720677
krishna_80.830_15.830,2023Q1,0.021660794036165276,0.055751100814124446,0.02913041836018481,0.30917678734149523,0.10389764818815107,0.8127725790043623,-0.6792258768451594,0.5235457179712882,-8.621544252059884,-14.754444223409989,6.1328999713501045,681,1.0184199165347532,51,24.288706004044677,51.813396309008226
krishna_80.830_15.830,2023Q2,0.045295464021478826,0.08102414225907485,0.04877475960904852,0.34794010381061313,0.12738094291139418,0.7388527664946143,-0.6055037713650294,0.5463369170951234,-8.718256528112384,-14.857215803977493,6.138959275865108,509,1.0184199165347532,54,20.80763254336921,44.3874659704915
krishna_80.830_15.830,2023Q3,0.04051252568477446,0.07503172350658144,0.04379200741322007,0.2859018394608217,0.11422168075409739,0.729018660036141,-0.5805415440496874,0.48231935931544667,-8.163995777511188,-14.586256144312033,6.422260366800845,357,1.0184199165347532,51,18.06479820936682,38.53636948416759
krishna_80.830_15.830,2023Q4,0.04756294712631684,0.07316652282032862,0.04668806138359954,0.29352041037076587,0.11043234902255024,0.7004770680231359,-0.5693449220552035,0.5178314731454482,-8.198969145591315,-14.325996787204451,6.127027641613136,574,1.0184199165347532,46,24.566226361737904,52.40541106165015
krishna_80.830_15.830,2024Q1,0.03215940283096569,0.06269671021770051,0.035979683768952914,0.3286142481390955,0.11095451756382681,0.7884975112511897,-0.665158517286277,0.5539806986984065,-8.683069422891334,-14.902965097105959,6.219895674214625,680,1.0184199165347532,48,43.0345465777893,91.80258579613746
krishna_80.830_15.830,2024Q2,0.03922436572627682,0.07663537541101667,0.04256454988036907,0.3370762680828315,0.12313913617461622,0.7720037463587573,-0.6260533781208384,0.5551509594912012,-8.883559959618797,-15.019543868101884,6.135983908483087,513,1.0184199165347532,40,18.93057339116954,40.383267075244596
krishna_80.830_15.830,2024Q3,0.05116330602499347,0.08414208022386208,0.05230101169501571,0.3207712199113076,0.13198485467560925,0.7251608846772883,-0.5894782050750093,0.5303463135596106,-8.359046472831732,-14.589424303617308,6.230377830785576,242,1.0184199165347532,49,34.4674377590508,73.52697225073995
krishna_80.830_15.830,2024Q4,0.045908046788039926,0.07715088271325382,0.04333642083843326,0.3057875100111442,0.10969578953450283,0.749170834979116,-0.6012789285223022,0.5325594061660055,-8.353858060064335,-14.267154515905977,5.9132964558416425,443,1.0184199165347532,52,16.60389734520363,35.419931933708746
krishna_80.830_15.830,2025Q1,0.032070736953380245,0.06814958711602359,0.03406708982670992,0.3428749395801146,0.11192171590169162,0.81400099816915,-0.6590393498051359,0.5848234665383927,-8.265849191625506,-14.613600720116743,6.347751528491237,653,1.0184199165347532,51,26.393881992017956,56.304220881832464
krishna_80.830_15.830,2025Q2,0.04450379487088324,0.08737402228598504,0.048818587947198705,0.36594099248287093,0.13189726308193542,0.751775353495267,-0.6005575239577182,0.6018107707167234,-8.448263646677187,-14.584054763114809,6.1357911164376215,685,1.0184199165347532,54,29.592419747818568,63.127437578639
krishna_80.830_15.830,2025Q3,0.03286033379856567,0.0758730107861866,0.0407927337224113,0.29703164497306295,0.1255333382082118,0.7437659546340578,-0.5850165662387522,0.486423525717557,-7.932856944857052,-13.964389091156619,6.031532146299567,387,1.0184199165347532,52,21.062193172730343,44.93050234186355
krishna_80.830_15.830,2025Q4,0.043648227560270716,0.07510021542554503,0.043993116909059174,0.2882524646239197,0.1048679513121349,0.7196683688454112,-0.5699988935057531,0.5009202356438756,-7.966701452352489,-13.795055425483092,5.828353973130603,638,1.0184199165347532,54,15.181476552980527,32.38558122711465
krishna_80.830_15.830,2026Q1,0.05546345406838708,0.08320487120543893,0.05077646750898249,0.33111210939982205,0.11273790630755665,0.7283097484139075,-0.5994753166041694,0.5761407767607639,-8.101030802775725,-14.400172547102692,6.299141744326967,739,1.0184199165347532,55,19.73482143277977,42.098913125048796
krishna_80.830_15.830,2026Q2,0.06049976793304032,0.09656592965074637,0.0580273685596878,0.36674360531598116,0.14113566240444797,0.7147851369408991,-0.5707808519662093,0.586670518626904,-8.2350943994237,-14.43272207151266,6.197627672088961,696,1.0184199165347532,54,33.43182132724527,71.31776420991942
krishna_80.830_15.830,2026Q3,0.03854188598125688,0.07673614543967915,0.044988298249834996,0.31714785678901164,0.1296577679393268,0.7450431787185505,-0.6053346660839447,0.5223734280337602,-7.933953077969606,-14.489695896332474,6.5557428183628685,408,1.0184199165347532,50,21.940164757075788,46.80341766473679
krishna_80.830_15.860,2019Q2,0.06935645756690896,0.09503664808411112,0.07045597801757401,0.2869479129284901,0.14144505076540642,0.5812687084624637,-0.4742105492092809,0.4388178333492375,-8.303957305110103,-14.579928616893895,6.275971311783792,597,1.0173058173545662,68,23.10583222072691,49.29005446822128
krishna_80.830_15.860,2019Q3,0.04876628576438479,0.0797676258697923,0.05535932754690209,0.2704039226275422,0.13436784632967974,0.6455669348159917,-0.527901559891215,0.4343627826619702,-7.692009465409445,-14.05412018196241,6.362110716552966,382,1.0135684107897303,62,25.686023780438756,54.794196509145365
krishna_80.830_15.860,2019Q4,0.04413448213508402,0.06793815496426515,0.03868685258440213,0.2947765208706961,0.11123727754802117,0.7303837509289905,-0.5892524310423785,0.5064406843054529,-7.591121328027226,-13.963614110950157,6.372492782922931,541,1.0173058173545662,153,31.33816602258512,66.85151590435926
krishna_80.830_15.860,2020Q1,0.05048795871445837,0.07629542693249272,0.046703330080579954,0.3214305800339485,0.11816228731588348,0.715015161774212,-0.5874193160304013,0.5453979554813744,-7.941641416998077,-14.340592995937918,6.398951578939841,718,1.0173058173545662,75,20.701776657531738,44.16165101914643
krishna_80.830_15.860,2020Q2,0.07455237868660235,0.1032622247066728,0.07033512387493862,0.3426287902222873,0.14795542660410543,0.623999234877116,-0.5022009926805333,0.5264841413813096,-7.9272438137483014,-14.275312559433546,6.348068745685245,525,1.0173058173545662,54,21.702924233672807,46.29732906299785
krishna_80.830_15.860,2020Q3,0.04977700031402376,0.08023472728649868,0.0483201051835558,0.29742611614302156,0.13081055128076696,0.6920052375293269,-0.5483639984010652,0.5040229131034873,-7.532333900505639,-13.826537339663856,6.294203439158217,279,1.0147058823529411,55,28.7407032653353,61.31053042671123
krishna_80.830_15.860,2020Q4,0.03745382860469404,0.0626568067077121,0.036824790537561665,0.27110146381821904,0.10605181303037435,0.7384462425804401,-0.6052001745450858,0.47945974533341407,-7.409431669711342,-13.583769774474206,6.174338104762864,493,1.0173058173545662,51,25.130339501627322,53.608794135056456
krishna_80.830_15.860,2021Q1,0.03959790007204531,0.06758800165780757,0.04612373615361833,0.3011898940410736,0.11512778203996157,0.7076948178093533,-0.6084776566063702,0.5093302582057064,-7.866331143994967,-14.13280737589151,6.266476231896543,651,1.0173058173545662,46,33.31250074054447,71.0632259547517
krishna_80.830_15.860,2021Q2,0.06535083508780166,0.09408544323511733,0.06192758757603928,0.3268366962631961,0.1410606985059382,0.6465227979335544,-0.5238883427897929,0.5249583124823398,-8.04179031346183,-14.309357725583459,6.267567412121629,504,1.0173058173545662,59,43.62473425468709,93.06159185412615
krishna_80.830_15.860,2021Q3,0.06157283495826643,0.09058615795485661,0.06108221251136967,0.29571605910037246,0.1332740896704962,0.6324635236181824,-0.5062488040297178,0.46789209278788496,-7.448162882773231,-13.919593842800492,6.47143096002726,314,1.0173058173545662,55,28.934728744111187,61.72443139880031
krishna_80.830_15.860,2021Q4,0.037077513234154584,0.06288184898842433,0.0360146760805959,0.29186511789410885,0.10972507013290621,0.7589296894841349,-0.6213715189464183,0.5107086620706544,-7.495178999465479,-13.58017948714851,6.08500048768303,501,1.0173058173545662,50,39.79995762874432,84.90246361236626
krishna_80.830_15.860,2022Q1,0.03520756749406632,0.06443790842737565,0.039452417157256336,0.3174243623928094,0.11974383776573114,0.7462967414041034,-0.6397136075173314,0.5242636846428843,-7.8682615593975544,-14.119032448777013,6.250770889379458,646,1.0173058173545662,54,39.84006595201404,84.98802389081492
krishna_80.830_15.860,2022Q2,0.036717442620225915,0.07495471228563523,0.046483768878420324,0.3238764901772622,0.13448446119348925,0.6971765249631983,-0.5772866576953183,0.5172262920806586,-8.155792053678855,-14.471123815708493,6.315331762029638,546,1.0173058173545662,50,29.350258651453405,62.61085226303995
krishna_80.830_15.860,2022Q3,0.04970023620314058,0.08139573139834864,0.05096245959160472,0.3046884680751002,0.12889472334297739,0.6860571414972612,-0.5549071109605813,0.5024626215189089,-7.60155522218255,-13.87325007219546,6.271694850012911,347,1.0173058173545662,49,21.58073878545912,46.03667939930495
krishna_80.830_15.860,2022Q4,0.05173456953139584,0.07251743045365683,0.04300425300186252,0.2946477269952018,0.11005445852492012,0.724313613342881,-0.5854092506399469,0.5357634480671769,-7.590436397274822,-13.907543806916571,6.317107409641749,495,1.0173058173545662,50,28.40889725489969,60.60271189106967
krishna_80.830_15.860,2023Q1,0.027506122193975226,0.059700831385920514,0.03311013795754016,0.3339291008693579,0.11634519866258271,0.779571119159451,-0.661960623537562,0.5555794408263657,-7.970424085497622,-14.166324677191376,6.195900591693754,681,1.0173058173545662,51,30.214528999997945,64.45453969866561
krishna_80.830_15.860,2023Q2,0.04447182205114286,0.08066047342647926,0.051715808172706774,0.37209847669666773,0.1442081625242788,0.711871619640473,-0.5972860893348845,0.5786282126670416,-7.972949292681692,-14.238603437490276,6.265654144808584,509,1.0173058173545662,54,25.415016568463713,54.21607579434385
krishna_80.830_15.860,2023Q3,0.038866933475456056,0.07437490676583271,0.042878919937770606,0.3173064802229859,0.1277892871389653,0.734460557997556,-0.5945784678614067,0.527070143800734,-7.526380377471298,-13.949411122563237,6.423030745091939,357,1.0173058173545662,51,30.040432584451896,64.08315200213032
krishna_80.830_15.860,2023Q4,0.0453751806456535,0.07349931211006697,0.04531268823149835,0.3151355051887086,0.12025649004536455,0.7335716631499487,-0.6072374148089068,0.5501856363007362,-7.464066794903497,-13.777849745323,6.313782950419503,574,1.0173058173545662,46,25.605754276032982,54.62296319426184
krishna_80.830_15.860,2024Q1,0.03138578078344305,0.061878579670583266,0.039143677033236145,0.307226462603711,0.12358009395708326,0.7491412693994308,-0.6436602672914837,0.5078795684143628,-8.290179938262487,-14.39624738732104,6.106067449058553,680,1.0173058173545662,48,42.27551774181911,90.18340271238078
krishna_80.830_15.860,2024Q2,0.04147156996866861,0.0797926877137334,0.047067698283492256,0.36934136867221357,0.1421473673407674,0.7366097364062869,-0.6114258037100638,0.5920125635810144,-8.019941647617571,-14.365319508582399,6.3453778609648275,513,1.0173058173545662,40,28.604822414175768,61.02066531859217
krishna_80.830_15.860,2024Q3,0.046629847500517206,0.07723252326246886,0.04712067376560949,0.3318429747464511,0.1321807648187128,0.7298581247148382,-0.6049714608423137,0.5578796994656592,-7.7296466758640605,-14.177883858050107,6.4482371821860465,242,1.0173058173545662,49,36.16558486243405,77.1495105960902
krishna_80.830_15.860,2024Q4,0.04070707551952733,0.06886633600582147,0.03782786182345498,0.3169882046450093,0.1140649479643213,0.769384100202787,-0.6301389897715981,0.5585792642794826,-7.599565002353507,-13.79331576671772,6.193750764364213,443,1.0173058173545662,52,32.74849250467362,69.86006666574492
krishna_80.830_15.860,2025Q1,0.02927391001233189,0.0598498217185435,0.032753737897479894,0.33131725500896475,0.11564902643394873,0.7887172473294506,-0.6648046764155756,0.5594613631522978,-7.945211431784091,-14.290734379060419,6.345522947276328,653,1.0173058173545662,51,29.463620420579264,62.8526789897923
krishna_80.830_15.860,2025Q2,0.04970965232274557,0.08765731813168133,0.05310970628563391,0.36474558360111514,0.14065094953832874,0.7133672465995406,-0.5851677205369175,0.5857791718913071,-8.041419960863527,-14.333739103313404,6.292319142449877,685,1.0173058173545662,54,29.51084533572386,62.95342059552622
krishna_80.830_15.860,2025Q3,0.03221257147812059,0.07271376065330147,0.041976043452058145,0.32735609082963785,0.13112217560300674,0.7385511731952676,-0.607017896938284,0.5250181223568022,-7.607435761451599,-13.882847208982325,6.275411447530725,387,1.0173058173545662,52,24.466847844850868,52.193413828071215
krishna_80.830_15.860,2025Q4,0.04308573040851936,0.07134343093153249,0.042134558824130725,0.3142087320130637,0.10997299485155261,0.7517628216916322,-0.6210501567807867,0.5516656071352786,-7.511593501700171,-13.655483454142773,6.143889952442603,638,1.0173058173545662,54,28.427614890497033,60.64264091285499
krishna_80.830_15.860,2026Q1,0.05509005639029046,0.0770019115209875,0.0489349991767295,0.3243932422784314,0.1116453527302541,0.7184965187192476,-0.5987174150621453,0.5618709293644634,-7.763151766711426,-14.2567284398238,6.493576673112374,739,1.0173058173545662,55,21.951314348413014,46.82720230746509
krishna_80.830_15.860,2026Q2,0.06347592713119615,0.09589101345231914,0.06103615654291892,0.3492031846709187,0.14372814608310927,0.6743847826907137,-0.5464462334032631,0.568461367718149,-8.170897733382294,-14.418695716883951,6.247797983501657,696,1.0173058173545662,54,35.63946114668826,76.02716770194981
krishna_80.830_15.860,2026Q3,0.0374033222648931,0.07320683606743399,0.046252092197449954,0.3016627374656159,0.13592425785663995,0.70890294245489,-0.5907480432029456,0.4852446356620538,-7.773908320894375,-14.137653206429597,6.3637448855352226,408,1.0173058173545662,50,27.03449896033342,57.67080421715207
krishna_80.830_15.870,2019Q2,0.06677914292899578,0.09446175907379274,0.0707649203148552,0.285028556178335,0.14377067830719012,0.5717584525083595,-0.47269075496805324,0.42764004455224025,-8.13338257423224,-14.182355459445123,6.0489728852128835,597,1.0016218278954399,68,17.61361051255899,37.57388235370621
krishna_80.830_15.870,2019Q3,0.05071482241690311,0.08521812583881981,0.06019793494050619,0.2819099014049702,0.13699621940602083,0.6229156821417436,-0.5075312701065874,0.4406483992227729,-7.578042695381841,-13.70185061012429,6.123807914742448,382,1.0005724098454494,62,25.466159551187197,54.325175539379075
krishna_80.830_15.870,2019Q4,0.04314749785083338,0.06805287029787069,0.037945975137147384,0.2927577105637269,0.10953035051566198,0.7341193438381264,-0.5923087248355045,0.5028811661548678,-7.322442669147753,-13.651082745535883,6.32864007638813,541,1.0016218278954399,153,29.638103434454358,63.22489138948108
krishna_80.830_15.870,2020Q1,0.05460253923738055,0.07898160197373495,0.05078338108638413,0.3142903306888837,0.12446811098577776,0.6899769602983161,-0.5692644409387487,0.5223750523712504,-7.695747974233344,-14.060837155261158,6.365089181027814,718,1.0016218278954399,75,19.63571468520896,41.88749563792831
krishna_80.830_15.870,2020Q2,0.06549919775196801,0.09791172893130137,0.06500984679192019,0.32750332394780185,0.1451900144896979,0.637577710371309,-0.514617698601709,0.5101172126841425,-7.834245471394466,-13.918670910120696,6.08442543872623,525,1.0016218278954399,54,35.55943438252927,75.8564522078429
krishna_80.830_15.870,2020Q3,0.04714290550067192,0.07899111158818876,0.04649306573019412,0.30352443802665563,0.12421021732116044,0.7027661335469003,-0.5575476599133953,0.5127705902424172,-7.553419246503451,-13.629186039294602,6.075766792791151,279,1.0016218278954399,55,19.642330202056954,41.90160805693396
krishna_80.830_15.870,2020Q4,0.03542488581395465,0.06156310208968011,0.03563579250816113,0.2775238122006547,0.10395937376267957,0.7406660816306831,-0.6101011559382817,0.4855519074893126,-7.306324007601527,-13.392709808137983,6.086385800536457,493,1.0016218278954399,51,21.407783377168457,45.66772573367707
krishna_80.830_15.870,2021Q1,0.04005784838949253,0.06846488827967784,0.047588048690138676,0.28830344641686306,0.11501003820496382,0.687469615320883,-0.5892902362144647,0.4792553087406344,-7.7457215696839965,-13.770078524894394,6.024356955210398,651,1.0016218278954399,46,30.596315836939546,65.26897883283455
krishna_80.830_15.870,2021Q2,0.06296691670738043,0.09165911635877852,0.06204079466524727,0.303151859654899,0.13786571143661508,0.6285239855583626,-0.510329817984297,0.47960133268152416,-7.9827653784938635,-13.975181890668269,5.9924165121744055,504,1.0016218278954399,59,35.17788810676939,75.04252624600366
krishna_80.830_15.870,2021Q3,0.06044789048892804,0.08848989779678841,0.05946874661944629,0.28722206589047605,0.1274959572764121,0.6223385165010611,-0.49671272262509647,0.45459580997942034,-7.480747801706014,-13.795426180732527,6.314678379026513,314,1.0015264262545316,55,22.65391691356375,48.326015177521604
krishna_80.830_15.870,2021Q4,0.03371735071744296,0.05880537538394801,0.033129692846627215,0.28992699663498384,0.10527820648873726,0.7613352301191941,-0.6234837543295018,0.5032781307063978,-7.394554072605548,-13.524925433185418,6.13037136057987,501,1.0016218278954399,50,28.90887378843226,61.669276831697346
krishna_80.830_15.870,2022Q1,0.04020324847009703,0.06806282312512625,0.04320062720229866,0.30648670596178096,0.1189118475545388,0.7177745914625757,-0.6070902985390351,0.508519090077603,-7.782121909869967,-13.917482119238613,6.135360209368646,646,1.0016218278954399,54,33.58172254682449,71.63753798856241
krishna_80.830_15.870,2022Q2,0.033634083175757355,0.0708588935574158,0.04405760496767397,0.2892328541997667,0.12832521254908122,0.6865925843297216,-0.5641181858452827,0.464100701834764,-7.967882426667026,-14.09470017866678,6.126817751999755,546,1.0016218278954399,50,28.812766732797662,61.46425837740596
krishna_80.830_15.870,2022Q3,0.06119444913949916,0.09113655076095184,0.06044302496019336,0.3019134061199534,0.12813495645766898,0.6435055758915418,-0.5139426031235844,0.49214204582928056,-7.448724159931905,-13.662679280463706,6.213955120531801,347,1.0016218278954399,49,26.525777627375017,56.58558460804522
krishna_80.830_15.870,2022Q4,0.05156344819566813,0.07201739421273104,0.043923873903599774,0.2952229374901086,0.10678467144475405,0.7091845404554721,-0.5741449216134409,0.530870115809982,-7.356293930897301,-13.693598757012799,6.337304826115497,495,1.0016218278954399,50,28.63720762896011,61.08975043032658
krishna_80.830_15.870,2023Q1,0.029306035126333757,0.06004320891396856,0.035008537543092355,0.3124658334340286,0.11236952093308719,0.7632981920665319,-0.6465594804288184,0.5233316534316306,-7.72444790521157,-13.985835325822274,6.261387420610704,681,1.0016218278954399,51,31.088748787528186,66.31945157601876
krishna_80.830_15.870,2023Q2,0.04432510322633643,0.08268143769251694,0.05248225812333836,0.35796167394152306,0.14005431230052595,0.7036872344965477,-0.5831580221579702,0.5525626268292456,-7.929171227267697,-14.076979111107686,6.147807883839989,509,1.0016218278954399,54,29.159340066556137,62.203579010179546
krishna_80.830_15.870,2023Q3,0.0381443000745134,0.0756166523132846,0.04337850979750795,0.3122490436876052,0.1221723921839614,0.7316297747496097,-0.5874867465538659,0.5173743228022007,-7.6022036198611165,-13.959849629071254,6.3576460092101374,357,1.0016218278954399,51,20.750018096494593,44.264561103985166
krishna_80.830_15.870,2023Q4,0.04726823726665636,0.07410510962095133,0.04657991050203518,0.30889193340549864,0.11541109128409607,0.7134437161259634,-0.5902910176919339,0.5303082001005226,-7.371877261623089,-13.644212987531333,6.272335725908244,574,1.0016218278954399,46,21.87091059995965,46.655682619151925
krishna_80.830_15.870,2024Q1,0.03221022073813421,0.061577213139894636,0.03850288233995824,0.31422021983510046,0.11973689097153234,0.7542392961031169,-0.6469611403101877,0.5220094996996968,-7.972378782738685,-14.104338688892227,6.131959906153542,680,1.0016218278954399,48,44.84163283136573,95.65751640485432
krishna_80.830_15.870,2024Q2,0.04166014312685321,0.07853143001746879,0.04898202484493904,0.33186509894286875,0.1339921975213186,0.7067490521509899,-0.5861625374695214,0.5330801359993322,-7.900834166847436,-14.00268137696279,6.101847210115355,513,1.0016218278954399,40,31.985159432398312,68.23170165597506
krishna_80.830_15.870,2024Q3,0.029289648838309965,0.06615008950569763,0.03617601473483434,0.3354350437389358,0.12172574074574476,0.7740635343006192,-0.6464170101517454,0.5517848006120806,-7.648593141860358,-13.848220388404906,6.199627246544548,242,1.0016218278954399,49,27.349482092059322,58.34273568324371
krishna_80.830_15.870,2024Q4,0.039491279348361774,0.06535203839205843,0.036725873422218065,0.30638060164236186,0.1077024025055264,0.7633919528604002,-0.630364807211142,0.5379833176429785,-7.41309590533888,-13.650147722879115,6.237051817540236,443,1.0016218278954399,52,35.04936966916293,74.76836685934843
krishna_80.830_15.870,2025Q1,0.02804830818258573,0.05896105724971115,0.032617546905648255,0.3217544713115333,0.1151794016726877,0.7817504822635476,-0.657618013562474,0.5423754927317764,-7.795242004810055,-14.091767496334771,6.296525491524717,653,1.0016218278954399,51,32.18178979852802,68.65115945191393
krishna_80.830_15.870,2025Q2,0.04809556820592716,0.08678435436094951,0.05240993123086919,0.34251637782642935,0.13536403085378243,0.6987771373366715,-0.5671403729962405,0.5448189791549227,-7.969636773823142,-14.042750139797757,6.073113365974615,685,1.0016218278954399,54,27.68245554535178,59.053044643010786
krishna_80.830_15.870,2025Q3,0.031544358583095934,0.0710284102543523,0.04151887528104626,0.31605262071226026,0.12470232727889731,0.730542353108313,-0.6011117009671025,0.503468659676074,-7.519366934419271,-13.685288362996468,6.165921428577198,387,1.0016218278954399,52,26.275844452567082,56.052419661549685
krishna_80.830_15.870,2025Q4,0.0399768640112523,0.06634400742953521,0.04003102504901476,0.293951211714031,0.10384655956402276,0.7367917542077335,-0.611807572016851,0.5125896781191523,-7.3652600062438225,-13.530456058351204,6.165196052107381,638,1.0016218278954399,54,21.260077957652875,45.35263610160385
krishna_80.830_15.870,2026Q1,0.05693777469953005,0.07906262840105902,0.05297920657399943,0.3024181741117505,0.1092695226162077,0.6771246498570208,-0.5636432409935442,0.5213070398135182,-7.802158260845586,-14.114345195390207,6.312186934544621,739,1.0016218278954399,55,17.70825606484444,37.77578308520811
krishna_80.830_15.870,2026Q2,0.06731556502668905,0.09771711631944949,0.064820328415504,0.3285081573606129,0.1420316250683958,0.6405146422603153,-0.5155188052872349,0.5239740065970626,-8.16287355988141,-14.263873813490434,6.101000253609024,696,1.0016218278954399,54,42.46237602753178,90.58201441321164
krishna_80.830_15.870,2026Q3,0.03694682038856113,0.07288178271609327,0.046205770736316494,0.29548702283438244,0.13133295993811314,0.7034917956995905,-0.5823259723021855,0.47107346708876313,-7.694668743535736,-13.957688429482925,6.263019685947189,408,1.0016218278954399,50,31.164571773843022,66.48119944511517
krishna_80.850_15.750,2019Q2,0.0666386115557626,0.09843975434357485,0.07528274142605569,0.22404733940052515,0.1069916339253051,0.4860446955761992,-0.38459024578416806,0.30610006383629673,-7.382011537622345,-13.964443416047342,6.582431878424996,597,1.0115547754863243,68,12.921633394369733,27.56481600587135
krishna_80.850_15.750,2019Q3,0.05390805385453552,0.08893945265605961,0.06952122712485831,0.21382770977470578,0.12379096563124488,0.4915290270272509,-0.38931082042300147,0.28780110001512965,-6.803292386011166,-13.687002778812245,6.8837103928010785,382,1.0115547754863243,62,15.67656559522909,33.44172002471055
krishna_80.850_15.750,2019Q4,0.05609702707907492,0.08228819960943108,0.05197071073029706,0.228201914776437,0.09214947026036586,0.5807502722570674,-0.4212562594736037,0.3664309356687548,-6.8665720421472045,-13.628759086028863,6.762187043881658,541,1.0115547754863243,153,11.917221304317037,25.422174003008234
krishna_80.850_15.750,2020Q1,0.0549422186548492,0.08165939347347266,0.05333296565126135,0.27309713451665174,0.10466064339688257,0.6225882853830157,-0.4878414362980444,0.4384927380279164,-7.558066510437537,-14.03096757554013,6.472901065102593,718,1.0115547754863243,75,12.500177745100197,26.665754171180097
krishna_80.850_15.750,2020Q2,0.06310360063573067,0.09884942488107441,0.0672675799565826,0.26330829595519617,0.11009426619811606,0.5804772455454315,-0.43705918125356796,0.403572754561354,-7.6911111259637,-14.264510673792579,6.5733995478288785,525,1.0115547754863243,54,12.654588819105298,26.995148506579994
krishna_80.850_15.750,2020Q3,0.04894203347316662,0.08773162893042812,0.05890325651748087,0.22691728917603796,0.09439304371777645,0.5404074926187697,-0.3963124269510131,0.33032110074154747,-6.9412747642674955,-13.85156915001656,6.910294385749065,279,1.0115547754863243,55,12.28835781008701,26.21389353121192
krishna_80.850_15.750,2020Q4,0.04204378838426545,0.07019451490970928,0.042534782006546173,0.2369256947353248,0.08797800217174451,0.6620807235797822,-0.5118703116994292,0.3944376625243393,-7.492629520318338,-13.758741820452787,6.266112300134449,493,1.0115547754863243,51,15.967540259892287,34.06243590861003
krishna_80.850_15.750,2021Q1,0.04261532174975595,0.07836959774027638,0.05110268306703725,0.2599539279068812,0.09655847229465596,0.6521642160482717,-0.5241605116411794,0.4222876130775389,-7.834650321920778,-14.040090325273182,6.205440003352404,651,1.0115547754863243,46,11.357812222744313,24.22882576792485
krishna_80.850_15.750,2021Q2,0.06143694880950202,0.10075271186876428,0.06480857754859105,0.2751369689874366,0.11868110460020317,0.5845996463295079,-0.4353199842686057,0.41515539459743406,-7.989874088200315,-14.44274828200902,6.4528741938087055,504,1.0115547754863243,59,12.385133203159,26.420337702974873
krishna_80.850_15.750,2021Q3,0.0575366810395029,0.09409120988260404,0.06370054627565586,0.23457752680134872,0.10887550384336445,0.5685435442093768,-0.4183202776529198,0.34819896448822635,-7.215418629315243,-13.751071020745954,6.535652391430711,314,1.0115547754863243,55,13.158321176443069,28.069725483223653
krishna_80.850_15.750,2021Q4,0.03796787195923003,0.07069994847855413,0.04024895931219676,0.24466442051119464,0.08713082943249595,0.6921305606991391,-0.5240409374181225,0.4189502371960536,-7.602485958551148,-13.68988697240595,6.0874010138548025,501,1.0115547754863243,50,14.520298484667176,30.975136336446567
krishna_80.850_15.750,2022Q1,0.03578524159589734,0.07030776546665217,0.03971271391640953,0.2891768638367862,0.10053876200811633,0.7328541427122842,-0.5823816532783725,0.4722788940799813,-8.190020936199629,-14.280111245971835,6.090090309772206,646,1.0115547754863243,54,16.46026485565701,35.1135307980332
krishna_80.850_15.750,2022Q2,0.04635358216310183,0.08839509959282876,0.04902719805086807,0.29159795925028753,0.10215935865777319,0.6868573939270504,-0.5063850705777236,0.4798033631470451,-8.237813385775459,-14.688975014887243,6.451161629111784,546,1.0115547754863243,50,13.554689881239996,28.915271095357596
krishna_80.850_15.750,2022Q3,0.04279904921703271,0.08148814264035366,0.05061039069169063,0.24560135039657197,0.10196531990767456,0.6483422209926923,-0.49003358171001843,0.39445808666208065,-7.6016614720237214,-14.033343472592746,6.431682000569024,347,1.0115547754863243,49,11.288594111008388,24.081167615426423
krishna_80.850_15.750,2022Q4,0.05009408395180018,0.07439713934647874,0.040967419784034675,0.24440415991882408,0.08740642679799193,0.6857346071397427,-0.509523496890386,0.441824577316583,-8.064634175158513,-14.138128973893853,6.073494798735339,495,1.0115547754863243,50,14.163745604562672,30.214527036021234
krishna_80.850_15.750,2023Q1,0.023822281099882336,0.06126936969465598,0.028666047550535825,0.30136388815707565,0.09531319218080718,0.8090076749016798,-0.6372853763205498,0.5142905140263607,-8.998299723327625,-14.64442518126052,5.646125457932895,681,1.0115547754863243,51,12.170754971927282,25.96301962876444
krishna_80.850_15.750,2023Q2,0.03164813354738188,0.08162242185387297,0.04130404816329783,0.32624442766085177,0.1178052824407678,0.7590890692331942,-0.5817884861753934,0.5278607024981502,-9.029833437265038,-14.8972015909282,5.867368153663161,509,1.0115547754863243,54,13.501631658240218,28.802085702307778
krishna_80.850_15.750,2023Q3,0.037786764788507864,0.08031068331389167,0.045365528958521945,0.25794644572309,0.10875457805288084,0.7028806872770034,-0.5360710179457485,0.42383285839552404,-8.412624243928983,-14.435773966877703,6.02314972294872,357,1.0115547754863243,51,12.677559156139193,27.044149518650812
krishna_80.850_15.750,2023Q4,0.03842615143597403,0.06941060285935435,0.04315709834775945,0.25845626912029357,0.10757154681654049,0.7013585951973084,-0.5592019189017773,0.4390896796163187,-8.13478789858016,-14.069850701556422,5.935062802976262,574,1.0115547754863243,46,19.048148895611586,40.634082668585506
krishna_80.850_15.750,2024Q1,0.0273750587957813,0.06502767758717186,0.03397593026193368,0.28920020527070844,0.10467503920969712,0.7737187397218604,-0.6188316666822518,0.4857428649053065,-8.881439436087412,-14.70266863436362,5.8212291982762085,680,1.0115547754863243,48,17.400184097797432,37.118594722944415
krishna_80.850_15.750,2024Q2,0.0399406828435329,0.08310950380769241,0.04631046868732612,0.29809669166057634,0.11712793748055689,0.7118932905418532,-0.5467257869072587,0.4830914378258031,-8.93429344818974,-14.892907151651347,5.958613703461607,513,1.0115547754863243,40,12.18535758269422,25.99417035613079
krishna_80.850_15.750,2024Q3,0.06556624042363234,0.09491397294689728,0.07249327478221898,0.22365818942544757,0.11298880401093343,0.5192403173789828,-0.4122372157124876,0.3272774013311819,-8.422951932664354,-14.456092337818184,6.03314040515383,242,1.0115547754863243,49,15.116241258859757,32.2464193406374
krishna_80.850_15.750,2024Q4,0.04401982092772407,0.07700135350378376,0.04240118222364687,0.2776741673733907,0.09273643142783891,0.7328720149137606,-0.5618382318409487,0.48574400226340864,-8.269599864748372,-14.10707041179741,5.837470547049039,443,1.0115547754863243,52,11.99381663325938,25.585569456567907
krishna_80.850_15.750,2025Q1,0.027941813108471,0.06821152440068734,0.033145796011541065,0.3090200948679947,0.09849053967519414,0.795504836998667,-0.6221827299978833,0.5259916055221815,-8.659723344335204,-14.5767294362372,5.917006091901996,653,1.0115547754863243,51,15.952661338056023,34.03069574618125
krishna_80.850_15.750,2025Q2,0.04589535381964926,0.09518927660076569,0.05173956648100741,0.32554597341371794,0.11820786051694641,0.7051261758499389,-0.5288301935668496,0.5270532192502144,-8.670530830445415,-14.805472688862093,6.134941858416678,685,1.0115547754863243,54,12.85029727598492,27.41263965804931
krishna_80.850_15.750,2025Q3,0.0306243150181843,0.08109438870899442,0.0434973732246877,0.27090923897365077,0.10885160623773876,0.7039273130965519,-0.5275987828929053,0.4290307568343448,-8.051615400643685,-13.903118294987056,5.851502894343371,387,1.0115547754863243,52,13.053609073924072,27.846350484767047
krishna_80.850_15.750,2025Q4,0.04046751131617684,0.07280877278599047,0.041022343451245426,0.26370094986650994,0.09460114523983462,0.7224001575416684,-0.5533955379566687,0.4650539423537144,-8.209190582313,-13.874169479693567,5.664978897380568,638,1.0115547754863243,54,14.545965342138652,31.029889646810442
krishna_80.850_15.750,2026Q1,0.05284598768570261,0.08078293649646938,0.04956682085744459,0.27197024888680754,0.09598405830381605,0.6796731468368119,-0.5337119509780692,0.4625602548763255,-8.923925950235155,-14.809477792476864,5.885551842241709,739,1.0115547754863243,55,13.061669642781224,27.863545532070194
krishna_80.850_15.750,2026Q2,0.057642175688866815,0.09624837861043509,0.05576690396493987,0.29328473778766756,0.1165096064824332,0.6717035083100749,-0.5070272690142809,0.48026772001462853,-8.874090265034713,-14.818073686506079,5.943983421471366,696,1.0115547754863243,54,12.768298661352588,27.237717753357185
krishna_80.850_15.750,2026Q3,0.04072497403192362,0.07711755044283243,0.0444709579021786,0.25947269329088235,0.11760825313750675,0.6949802099622356,-0.52775132567063,0.43029872108988965,-8.50571416242638,-14.683416748142296,6.177702585715917,408,1.0115547754863243,50,14.959774034607108,31.912638763844928
krishna_80.850_15.860,2019Q2,0.07821324826544251,0.1046024875161777,0.08991163747067005,0.27052039757831015,0.1635338832561903,0.4879379571187599,-0.428053700146194,0.36292935989783126,-8.83348902473066,-15.151219030054808,6.317730005324147,597,1.013949163050217,68,16.587229984274853,35.38437661935465
krishna_80.850_15.860,2019Q3,0.05257154358799182,0.08193089868139068,0.061336534297094354,0.24827285505717253,0.13505638034459522,0.5942510625798006,-0.49678251158865316,0.3806818435782288,-8.393040258510622,-14.323228034877022,5.930187776366401,382,1.013639181649101,62,16.360402209291866,34.90050080492769
krishna_80.850_15.860,2019Q4,0.044795261541398616,0.06668985385102899,0.04212569939324922,0.2567619717699981,0.1067983562239957,0.6911993271459979,-0.565872297458597,0.43951342568471224,-8.18060816269181,-14.341207467711252,6.160599305019442,541,1.013949163050217,153,22.91374337366149,48.8802847769959
krishna_80.850_15.860,2020Q1,0.058686313112868004,0.08304446773851436,0.06049690651725721,0.29223026845306455,0.14035983609333125,0.6428780110667535,-0.5443123039240466,0.46488916084088,-8.32776740760697,-14.742962984071875,6.415195576464905,718,1.013949163050217,75,45.85172035448125,97.81226541179005
krishna_80.850_15.860,2020Q2,0.07202948780259193,0.10120050927297286,0.0757620091650166,0.301557663309372,0.15107767849343745,0.5800928621123713,-0.4837299592358036,0.4422490233035806,-8.458490058165689,-14.63059942774506,6.172109369579372,525,1.013949163050217,54,19.203063745675696,40.96455167418777
krishna_80.850_15.860,2020Q3,0.0483375787242127,0.0764762719993739,0.047370822627591014,0.2655983329156038,0.11164591293006403,0.6725220772010712,-0.5361841205982661,0.4484982363879813,-8.406550409971986,-14.262201991392862,5.855651581420876,279,1.0123992560446373,55,16.490793485598864,35.17865538728407
krishna_80.850_15.860,2020Q4,0.037214314445486146,0.05851327657557126,0.03755700875440848,0.23633886797482373,0.0930933972549471,0.6857352961050494,-0.5658111055159699,0.40713249473555974,-8.157975087633137,-14.070303369995186,5.912328282362049,493,1.013949163050217,51,20.351271853207056,43.41394365541689
krishna_80.850_15.860,2021Q1,0.04743460906455126,0.07460133524183672,0.05620494174218229,0.25854245806778037,0.11493743565193477,0.6248209703023294,-0.5379069717451216,0.41430055431234747,-8.276863530420133,-14.428408817794399,6.151545287374265,651,1.013949163050217,46,16.530523798714846,35.263409283132475
krishna_80.850_15.860,2021Q2,0.0653747937610359,0.09199746474069016,0.0663640427434314,0.2794953468667899,0.13425907732878198,0.5978767532394532,-0.49211426362414906,0.42784558361945907,-8.544819006628618,-14.661969231986296,6.117150225357678,504,1.013949163050217,59,17.226711430818323,36.74853762556457
krishna_80.850_15.860,2021Q3,0.05844304065862749,0.08513700493477712,0.06082809602769278,0.2539226305862641,0.11561168532665886,0.5892189981870342,-0.4711869591198391,0.39663570377555524,-8.280802710103476,-14.41469304035191,6.133890330248434,314,1.0122442653440793,55,16.691928314129097,35.607722237549616
krishna_80.850_15.860,2021Q4,0.0374015010309771,0.06295631448273493,0.038491450041080386,0.24731730751259495,0.0941549052721466,0.701104405582477,-0.56753386822241,0.4284007129360688,-8.240748977145156,-14.139394513360397,5.898645536215241,501,1.013949163050217,50,16.60650193443228,35.42548812158898
krishna_80.850_15.860,2022Q1,0.04722096197237905,0.07601955141992373,0.05785085620823372,0.27661297891762565,0.12698214188526574,0.6407990822250769,-0.5582372598672216,0.4305314189724999,-8.265599997818757,-14.508673540876613,6.2430735430578554,646,1.013949163050217,54,18.632015061941704,39.74637349058591
krishna_80.850_15.860,2022Q2,0.03628435621234195,0.07071583851803849,0.045352018221758,0.2692301036666333,0.11540026255356607,0.6739638724251084,-0.5489639824597174,0.4310025325035371,-8.702120635966201,-14.886340891531544,6.184220255565343,546,1.013949163050217,50,19.902704395071428,42.45704609669822
krishna_80.850_15.860,2022Q3,0.05773580305782497,0.08722626598025253,0.06024378999681839,0.2704461420191731,0.11754625285219539,0.616107606765343,-0.49209613512366596,0.42975205246269527,-8.328610667782202,-14.349454864243874,6.020844196461672,347,1.0114693118412896,49,14.762107520163612,31.49097062523862
krishna_80.850_15.860,2022Q4,0.05149517565515305,0.06973791277605466,0.043873290199448724,0.24320482368526597,0.09173535104046134,0.6679616633848046,-0.5286093471221149,0.43526796336385953,-8.281771695582213,-14.290730760178725,6.008959064596512,495,1.013949163050217,50,17.24783476150062,36.79359854827597
krishna_80.850_15.860,2023Q1,0.027890044685929594,0.058303654060060106,0.04029416492316604,0.27005851690092525,0.11359745939032515,0.7171599102865854,-0.6186006724823905,0.4331048189770374,-8.402882207722056,-14.598750000706097,6.195867792984041,681,1.013949163050217,51,26.18145492669713,55.851065093278116
krishna_80.850_15.860,2023Q2,0.042617150082480286,0.077606587215544,0.054804679927199895,0.2999034366088813,0.12589708430594448,0.6615151994177463,-0.5603552674274894,0.4590080719000512,-8.52941948435787,-14.648274328344675,6.118854843986805,509,1.013949163050217,54,23.62320502312053,50.39372965147141
krishna_80.850_15.860,2023Q3,0.038381194350236035,0.06941423055768975,0.04272686260540001,0.25226485943489796,0.10397895979277857,0.6892188041587066,-0.5517140898984292,0.4186017413607692,-8.473429504043294,-14.619706229241181,6.146276725197888,357,1.013949163050217,51,18.094937725475855,38.60066400411686
krishna_80.850_15.860,2023Q4,0.049165683806915245,0.0753290676514752,0.04979343095227379,0.28283581371058414,0.1083287081173663,0.6753194307576224,-0.5553121381548178,0.48195090801068835,-8.211414520458783,-14.354554701176948,6.143140180718165,574,1.013949163050217,46,20.27915742230459,43.260106987982816
krishna_80.850_15.860,2024Q1,0.04137514096382646,0.07258965103348504,0.053477185355167524,0.29740536579312976,0.12827552492456495,0.6891354256809226,-0.6024374441548135,0.46344512148291644,-8.420898597051163,-14.695768632480334,6.274870035429171,680,1.013949163050217,48,41.30725756218295,88.11788104937553
krishna_80.850_15.860,2024Q2,0.05093725029205655,0.08526090792049243,0.062235491298104594,0.2965163513600936,0.1449072953443301,0.6440324288585415,-0.5399898836716391,0.44714091681538287,-8.60102844316858,-14.564278741241987,5.963250298073406,513,1.013949163050217,40,27.586784149308272,58.84895555082889
krishna_80.850_15.860,2024Q3,0.035024071539110455,0.0657167430986159,0.040417711750082796,0.2897957060508213,0.11458987900615708,0.734669911006209,-0.615487316887891,0.48165845804111374,-8.444119238689796,-14.37262970156209,5.928510462872294,242,1.013949163050217,49,30.1488425354127,64.31441536181843
krishna_80.850_15.860,2024Q4,0.04158545506364044,0.06556715681464054,0.03997433330221913,0.2609206035285205,0.09604823741359951,0.7150535611192199,-0.5870753109512593,0.45901374835002795,-8.34436947907399,-14.231182738570725,5.886813259496735,443,1.013949163050217,52,20.435952195344655,43.594586301675086
krishna_80.850_15.860,2025Q1,0.03020490498269844,0.05843888469523871,0.03621450424032534,0.2704522265787742,0.10303594129076453,0.7343897810244363,-0.6126100416388246,0.45452640083463614,-8.609823575170282,-14.689990145508343,6.080166570338061,653,1.013949163050217,51,22.449685246011434,47.89034205734898
krishna_80.850_15.860,2025Q2,0.05318535757039406,0.08554751988799952,0.05837736352826032,0.2954480286599609,0.12594761205933885,0.643362076419834,-0.5228426668189136,0.46388529014971763,-8.718893446596043,-14.677431020822883,5.95853757422684,685,1.013949163050217,54,17.8745497096686,38.13052567715635
krishna_80.850_15.860,2025Q3,0.03591816761737177,0.07162923357945543,0.04536126065755204,0.2664555167764473,0.11020600089870429,0.6831694804904168,-0.55170565380195,0.43267429313841665,-8.397684004938434,-14.205488194618818,5.807804189680384,387,1.013949163050217,52,16.90286182597332,36.05769193302107
krishna_80.850_15.860,2025Q4,0.04557608166421293,0.06906419610460889,0.043157255380795005,0.24558193355810265,0.09400336860398704,0.6880043478776606,-0.553643513833627,0.4271149437237784,-8.314799227349074,-14.058495998175964,5.74369677082689,638,1.013949163050217,54,15.500013012073417,33.065092757745376
krishna_80.850_15.860,2026Q1,0.06046764203883357,0.08189441039042811,0.060028594084946166,0.2491477836104316,0.10297396241612566,0.5995077000211257,-0.4995578970221444,0.41128670390250816,-8.463576632406845,-14.647468611391169,6.183891978984324,739,1.013949163050217,55,12.475396592183586,26.612890272343794
krishna_80.850_15.860,2026Q2,0.060178571539363686,0.0890292785941439,0.06611684666122591,0.2757624568951281,0.13190669513777453,0.5758575055085766,-0.47232357526097024,0.416859422904665,-8.533137989270434,-14.45120500062233,5.918067011351896,696,1.013949163050217,54,20.3250154745406,43.357932760754245
krishna_80.850_15.860,2026Q3,0.04454836183936766,0.07547859319327768,0.05322661732375926,0.2551942100748105,0.12185330605654389,0.6471165397368033,-0.5383590837614856,0.39937703049471923,-8.498997983275753,-14.528822295011938,6.029824311736185,408,1.013949163050217,50,17.504578344006248,37.34129166078446
krishna_80.890_15.730,2019Q2,0.06658204291378912,0.09705030730292767,0.0735657852387626,0.21798061698146975,0.09860918237242679,0.47013149973558105,-0.3615238988817567,0.3039896742757219,-7.078420271854142,-14.594131470341239,7.515711198487097,597,1.0095506097041016,68,12.751272734962509,27.201397536404077
krishna_80.890_15.730,2019Q3,0.0550153268055906,0.08779250913328267,0.06752401536935498,0.21468009892030354,0.10995605787858839,0.49682561254930147,-0.39573847654798483,0.296513722416501,-6.705656056725051,-14.396759169111062,7.691103112386012,382,1.0095506097041016,62,13.73683246220219,29.303823113343583
krishna_80.890_15.730,2019Q4,0.04653249287153624,0.07896036959596082,0.048868337560663,0.21764081420190134,0.08520297836439289,0.5972875268684913,-0.43558963107935583,0.3549865024459035,-6.78602318508621,-14.430881679241699,7.644858494155489,541,1.0095506097041016,153,12.53088495859921,26.731259720232597
krishna_80.890_15.730,2020Q1,0.051779265205678604,0.08789102124491736,0.0539285058250611,0.2685410615691816,0.1027485901127376,0.6430502089979192,-0.48857655481465834,0.436489131020435,-7.103802447295536,-14.554642698782596,7.45084025148706,718,1.0095506097041016,75,11.487475636173508,24.505427651354413
krishna_80.890_15.730,2020Q2,0.05875187028632362,0.09960876572031263,0.06457064576248435,0.27418860633143094,0.11102184832222387,0.5942574221815865,-0.4433717404892465,0.4191426708882498,-7.301991013582326,-14.536329992880098,7.234338979297773,525,1.0095506097041016,54,12.384261258536263,26.418477644547313
krishna_80.890_15.730,2020Q3,0.047961419476890865,0.0880091144150278,0.054559934186485824,0.22062338025446437,0.08965376550375935,0.5703550017372415,-0.4004271029298544,0.3349418271165375,-6.75972145689837,-14.335879990059118,7.576158533160748,279,1.0095506097041016,55,12.263417588607286,26.160690302544722
krishna_80.890_15.730,2020Q4,0.05186056179380645,0.07716475091293686,0.05042839498103092,0.22278314239390665,0.08708517405769356,0.5980534119380392,-0.4485021492425352,0.36913425332988237,-7.425647194767819,-14.205276269510952,6.7796290747431325,493,1.0095506097041016,51,12.530731446631412,26.730932243897527
krishna_80.890_15.730,2021Q1,0.050526946692758666,0.08448472733867235,0.056630773418266896,0.24783493232917003,0.093495919170614,0.609512500318074,-0.4725791211326392,0.40508681923627354,-7.448222595747531,-14.396757637643631,6.9485350418961005,651,1.0095506097041016,46,11.125358733649207,23.7329490113825
krishna_80.890_15.730,2021Q2,0.0691463221120354,0.10510027623955791,0.06766524576148113,0.26202812376064866,0.10678256147193778,0.5664125795729825,-0.4069298020150202,0.40652666534056875,-7.506024385411672,-14.544957591924266,7.038933206512594,504,1.0095506097041016,59,12.554971751219558,26.7826423888541
krishna_80.890_15.730,2021Q3,0.058050213580280646,0.09361680793869062,0.0638801294685571,0.22385166323512215,0.10296949381742605,0.5557249072854397,-0.4022675384444552,0.33531040590276195,-7.019015485439911,-14.14182424279468,7.122808757354769,314,1.0095506097041016,55,12.292224642475382,26.22214237406776
krishna_80.890_15.730,2021Q4,0.03325868247446252,0.06582368552803741,0.037544500242740385,0.2357748397709201,0.08820256683997185,0.6888751447734738,-0.5213901964157489,0.40237848827054024,-7.518054726615748,-13.98314740552703,6.465092678911281,501,1.0095506097041016,50,19.3691834751588,41.318923264713014
krishna_80.890_15.730,2022Q1,0.039378112719390575,0.07348992844851107,0.044166473677973675,0.2774581101292169,0.10231994707946798,0.6971539207816183,-0.5538798367917306,0.45174689583225636,-7.742174747988058,-14.278621467586287,6.53644671959823,646,1.0095506097041016,54,15.059143139400181,32.124615919262645
krishna_80.890_15.730,2022Q2,0.04657545368075671,0.0898235387014453,0.05275273368939757,0.29746395134605946,0.10442676864765718,0.6613898798191159,-0.49853917833981465,0.4729695662400985,-7.7564102294517765,-14.681609055473164,6.925198826021387,546,1.0095506097041016,50,13.205100681296477,28.16951692636209
krishna_80.890_15.730,2022Q3,0.045770077995099016,0.08447309885340856,0.05177029675231468,0.2528824286981626,0.10413170855222442,0.6357673812097207,-0.4746938734621645,0.4031889021781791,-7.355178200945117,-13.937014550359269,6.581836349414152,347,1.0095506097041016,49,11.175034108140455,23.838918010508465
krishna_80.890_15.730,2022Q4,0.0545235917641374,0.08184211742061101,0.04710865319759512,0.2615828446582768,0.09626666887046069,0.6686900615998408,-0.4977719222952707,0.463083115480088,-7.676878895046957,-14.222898093649095,6.546019198602138,495,1.0095506097041016,50,12.916835399917954,27.554580780166976
krishna_80.890_15.730,2023Q1,0.028936578359066698,0.06655041861946312,0.036087524185320546,0.2835741219083531,0.10113035222844384,0.7426607676708241,-0.5912019528379463,0.4706149215516018,-8.49130383572639,-14.454119244519978,5.962815408793588,681,1.0095506097041016,51,16.567064615019365,35.34135924869776
krishna_80.890_15.730,2023Q2,0.040469121095793495,0.08455527821666789,0.04839617340547334,0.3058007587605535,0.11326783783435412,0.6926099347477549,-0.5329609706780158,0.4778663754883019,-8.509814230481108,-14.839093951161821,6.329279720680713,509,1.0095506097041016,54,12.835916761465995,27.38196271306211
krishna_80.890_15.730,2023Q3,0.041365725499428435,0.08163958371328199,0.048456985706528934,0.2477077991323243,0.1058776982496677,0.655930617648619,-0.5018092142669028,0.39873526279206467,-7.963353627026507,-14.525785046471512,6.562431419445005,357,1.0095506097041016,51,11.680916103664764,24.918080659820788
krishna_80.890_15.730,2023Q4,0.04164852729025521,0.07421104483249207,0.04771515899687598,0.25482017569498827,0.10903100672325869,0.6604024521261688,-0.5263359178397855,0.4144654381547208,-7.948300570383129,-14.188061448518436,6.239760878135307,574,1.0095506097041016,46,13.34211753150331,28.46180538172881
krishna_80.890_15.730,2024Q1,0.03697100615507988,0.0752943376923975,0.043415709334803564,0.2884265704925731,0.10715399623596576,0.709003820202892,-0.5577097903954112,0.46876538335088475,-8.625828709497284,-14.770635234020165,6.144806524522881,680,1.0095506097041016,48,15.09443603784518,32.199903789012474
krishna_80.890_15.730,2024Q2,0.03933677255308034,0.08591295810664026,0.04675759821415131,0.30190753030491585,0.11171920336403472,0.6996761724313814,-0.5284644602439486,0.48371110312819265,-8.425555975488136,-14.779793143394018,6.354237167905882,513,1.0095506097041016,40,12.234075953165256,26.09809784557072
krishna_80.890_15.730,2024Q3,0.08397519106758221,0.11987218290071207,0.08448801398882651,0.28211936996733844,0.13024045784691846,0.5408222560701919,-0.4045358919592845,0.44062180844867527,-7.9576843136011,-14.442360063658501,6.484675750057401,242,0.6602711690969557,49,18.746653114903502,39.9909228243056
krishna_80.890_15.730,2024Q4,0.03577616672766559,0.07262682222359973,0.0378021986765068,0.2700969970707786,0.09453291887259688,0.7224929138797589,-0.5479235644967287,0.4678222517543513,-8.100423967528116,-14.150401879300052,6.049977911771936,443,1.0095506097041016,52,13.80132955060278,29.441410237232372
krishna_80.890_15.730,2025Q1,0.03404222127271124,0.07620481844672987,0.03961902848235507,0.30337234178112826,0.10260157145927597,0.7460140985324134,-0.572190224923244,0.5076264306089137,-8.254698817928302,-14.476132780454003,6.221433962525701,653,1.0095506097041016,51,12.522602418871909,26.71359115801012
krishna_80.890_15.730,2025Q2,0.05167651059886765,0.09893117651779745,0.05624856654966771,0.31359252649738073,0.11690706465780715,0.6679811528386812,-0.4971596965248884,0.500828930778737,-8.485101911402252,-14.671746144424628,6.186644233022376,685,1.0095506097041016,54,14.007180681684913,29.88053804559071
krishna_80.890_15.730,2025Q3,0.035285927541501984,0.08520522904309603,0.04801669098337277,0.26182556375608457,0.11166594233754484,0.6624858690535015,-0.491864354492067,0.40905398312786934,-7.684579490783503,-13.807207533853509,6.122628043070006,387,1.0095506097041016,52,13.980763917355914,29.82418501142116
krishna_80.890_15.730,2025Q4,0.044839543613929105,0.07617434680727746,0.04497747353836178,0.2560159194478305,0.0948996496214815,0.6809082113594973,-0.5189455939218822,0.4384819679379297,-7.9912449680951,-13.8245364916266,5.833291523531499,638,1.0095506097041016,54,11.980314321694824,25.556765920469047
krishna_80.890_15.730,2026Q1,0.0547309005515627,0.08291407141166017,0.0502909829506573,0.267302097778713,0.09772652070455042,0.6575801928971197,-0.5064294832348426,0.4544678242321991,-8.684192543022958,-14.739107006148174,6.0549144631252165,739,1.0095506097041016,55,14.291057392116603,30.4861123605849
krishna_80.890_15.730,2026Q2,0.05982470473264468,0.0939665361218524,0.05899758915050878,0.269013511938335,0.11052608788712276,0.6129185026681492,-0.46200814012111774,0.4332737398066793,-8.71041476136783,-14.882580823482616,6.172166062114787,696,1.0095506097041016,54,12.453974442467556,26.567191899905065
krishna_80.890_15.730,2026Q3,0.04504240007424583,0.07927511952372396,0.04913257018058689,0.2506428388933772,0.1127013707889442,0.6426760747590685,-0.49186083953016746,0.4073874163810262,-8.243689811585407,-14.755097094961068,6.511407283375661,408,1.0095506097041016,50,13.383351398237043,28.54976670326121
krishna_80.900_15.760,2019Q2,0.06655815064275059,0.09435770325460646,0.0784292069617971,0.22337050995344385,0.12035793818089618,0.46470254990307214,-0.3988517671709669,0.2973855374211458,-8.100616619600299,-14.779369249880618,6.67875263028032,597,1.0100363015161222,68,13.125147474484248,27.998958346994034
krishna_80.900_15.760,2019Q3,0.05848364232926378,0.08756817450000058,0.07240907055031712,0.21463702145140923,0.12269736351363694,0.4807278567169478,-0.4064408277340285,0.2895312076745664,-7.461277995930738,-14.290168096115552,6.828890100184815,382,1.0100363015161222,62,15.294872204590128,32.6274802329978
krishna_80.900_15.760,2019Q4,0.054010583453720395,0.08303927661232266,0.0553219251002186,0.24866118703838055,0.10306488672237427,0.6075942353126188,-0.4728300685188021,0.3945497694514649,-7.25760741786475,-14.115252089567893,6.8576446717031425,541,1.0100363015161222,153,11.43934085603608,24.402745094321848
krishna_80.900_15.760,2020Q1,0.055572593066919175,0.08640063537042969,0.05904838330510349,0.2740915787842336,0.11756134646871397,0.618781261757963,-0.49619170389680195,0.4343031171018669,-7.740110407313956,-14.687470901260076,6.947360493946119,718,1.0100363015161222,75,15.409284049708468,32.8715470133596
krishna_80.900_15.760,2020Q2,0.0638704845848925,0.09800169258666847,0.07006774112659346,0.2680372377226159,0.12598593292373067,0.5724496679510815,-0.45677681759722205,0.4000256521945544,-7.737796837869107,-14.563572267585872,6.825775429716765,525,1.0100363015161222,54,14.540839342125532,31.018954709802443
krishna_80.900_15.760,2020Q3,0.04861571816510025,0.08288774099623693,0.058693223289450425,0.2325613717185711,0.09924539135859207,0.5727269269214994,-0.4482402639360005,0.3492493684865138,-7.245513306519806,-14.090848827696547,6.845335521176741,279,1.007473841554559,55,12.495254098728719,26.655250901031067
krishna_80.900_15.760,2020Q4,0.05775914281852049,0.08097173054876038,0.05647664119279198,0.2440685561625496,0.0974420668303717,0.5939337950438244,-0.46819776129576907,0.39493771951470885,-7.360147268083553,-13.938003827013423,6.57785655892987,493,1.0100363015161222,51,11.913793086654708,25.41486082624442
krishna_80.900_15.760,2021Q1,0.04606810835232132,0.07976576879697907,0.057519201946392276,0.2712241267607984,0.10810225075497212,0.6212571627137595,-0.5187693251569068,0.4268805619441068,-7.4800852554692305,-14.424174356825603,6.944089101356372,651,1.0100363015161222,46,12.07227284629319,25.752934603898023
krishna_80.900_15.760,2021Q2,0.06593858685608155,0.10050327754347911,0.07109195239924661,0.28341318716830766,0.12115302581215308,0.5708031964857061,-0.4525717370997516,0.42905071126227073,-7.6731819267497485,-14.583606428130892,6.910424501381144,504,1.0100363015161222,59,12.97767731938577,27.684370588033303
krishna_80.900_15.760,2021Q3,0.05780034017930175,0.09480767631296204,0.06742841937128342,0.2604542490791314,0.11998735342761875,0.5744576756292098,-0.45219860582849875,0.38538122459279706,-7.137119684954072,-14.082179041845325,6.945059356891253,314,1.0100363015161222,55,13.723015932104529,29.27434927684335
krishna_80.900_15.760,2021Q4,0.04460217930264422,0.07674588387239599,0.0472610070859671,0.28238778588058516,0.09996031370110628,0.6774153301824606,-0.5368684758677461,0.46052961663103337,-7.420092858271149,-13.939819115199912,6.519726256928763,501,1.0100363015161222,50,13.303600341602582,28.37963935671688
krishna_80.900_15.760,2022Q1,0.034428666144776444,0.07356411511283671,0.0471144514014024,0.3124002737031607,0.1151083315578456,0.7059233478490168,-0.5928315272538903,0.49508400783795153,-7.808834499737497,-14.390597454055216,6.581762954317719,646,1.0100363015161222,54,19.256580900111523,41.0787160735449
krishna_80.900_15.760,2022Q2,0.04688536046456729,0.08955528371317846,0.05709271828141014,0.3168074291595317,0.11380924462347213,0.6532228192121331,-0.5197616015281058,0.48354485500432287,-7.891137155931949,-14.624693761257427,6.733556605325479,546,1.0100363015161222,50,14.129453286160633,30.141373633636444
krishna_80.900_15.760,2022Q3,0.046854755960948485,0.08750489776790557,0.05637979670383584,0.2773092953814381,0.10955904313388755,0.632417105742287,-0.494879019539275,0.43296118560208513,-7.372479931336066,-13.948604901106558,6.5761249697704915,347,1.0100363015161222,49,12.654870374410606,26.99574912880394
krishna_80.900_15.760,2022Q4,0.05837923456330959,0.08763695539230117,0.05259837875542284,0.28699830788157316,0.10177257214316601,0.6662094302894398,-0.5090744781462611,0.49089526514641607,-7.575362930954858,-14.057938916698042,6.482575985743184,495,1.0100363015161222,50,15.280160861352703,32.59609755426343
krishna_80.900_15.760,2023Q1,0.024091790513290003,0.06397121758230148,0.033749155780913996,0.3204908980919303,0.10736830968747393,0.7816111942148679,-0.6406857034088873,0.5221722882705228,-8.375558645975469,-14.556162781310123,6.180604135334654,681,1.0100363015161222,51,25.547945754974222,54.49964432288366
krishna_80.900_15.760,2023Q2,0.03690886926265224,0.08549170589438632,0.04991285392894161,0.33542885663767424,0.1261897565970296,0.7128028888655932,-0.5672589065999367,0.5177472928557658,-8.610431907916942,-14.77625073372871,6.165818825811769,509,1.0100363015161222,54,13.420386701474674,28.628771523186817
krishna_80.900_15.760,2023Q3,0.040391543116597414,0.08243132072210445,0.053358308904304874,0.2688235023961689,0.11505893764670445,0.6495749636671682,-0.5149047704250433,0.4267459174947193,-7.931563698841781,-14.383967612156622,6.452403913314842,357,1.0100363015161222,51,16.17308484719938,34.50090978859114
krishna_80.900_15.760,2023Q4,0.055810451147192304,0.0886636206956374,0.06029625791501191,0.2782069033576372,0.11875877348239579,0.6332667672797717,-0.5124075444626035,0.44962132297566887,-7.7437952063829005,-14.113846431567021,6.37005122518412,574,1.0100363015161222,46,18.304070478636824,39.046792267142436
krishna_80.900_15.760,2024Q1,0.030770849804613015,0.07311628523373188,0.04302353544809685,0.31511873862932926,0.12107830006786484,0.7344905998643472,-0.6026253961082966,0.49713130175873227,-8.642820776029732,-14.772215699176247,6.129394923146515,680,1.0100363015161222,48,20.269219290326802,43.23890666670385
krishna_80.900_15.760,2024Q2,0.03942079494723715,0.08674749170602984,0.05134993449066836,0.31565639591156985,0.12617197587585957,0.692133472753329,-0.5473148394398016,0.4965223310523989,-8.548337912388027,-14.693499662339311,6.145161749951285,513,1.0100363015161222,40,13.919476418869404,29.693444681024786
krishna_80.900_15.760,2024Q3,0.0946856307682107,0.11536419913722705,0.08903487595795191,0.25005377070631823,0.1323937773320794,0.46797262579916143,-0.3580638172439613,0.4148329483868873,-7.98957797966189,-14.361268092940513,6.371690113278623,242,0.571108263933376,49,20.95918446352612,44.71076107312783
krishna_80.900_15.760,2024Q4,0.04770777650331581,0.0796644815580296,0.04699502167055424,0.2984225193240678,0.1017054263131641,0.7079074542697438,-0.5590163569468035,0.5044041971585156,-7.7454612800643226,-13.982830520555405,6.237369240491082,443,1.0100363015161222,52,13.127352279400776,28.003661702986122
krishna_80.900_15.760,2025Q1,0.028851583403824196,0.06712730986396732,0.03550479711460274,0.3223867633882199,0.10786943030106305,0.7765164276972265,-0.6249646833891113,0.5371918889551628,-8.260310999135234,-14.523010959656332,6.262699960521099,653,1.0100363015161222,51,22.197461127354412,47.352290000706255
krishna_80.900_15.760,2025Q2,0.04353228563905544,0.08996543887510285,0.052463812461638684,0.3308992439874155,0.12338218555105737,0.6961135189380039,-0.5450475196664366,0.5251779560425932,-8.305717254696322,-14.700512009164663,6.394794754468341,685,1.0100363015161222,54,14.839836790229837,31.656785036022
krishna_80.900_15.760,2025Q3,0.032683470190177574,0.08266220921913361,0.04589980817488715,0.2908571286514018,0.114682531336731,0.6985657131083357,-0.5394082883214769,0.45212772917705113,-7.720339499744293,-13.805820846887242,6.085481347142949,387,1.0100363015161222,52,14.312394251248225,30.53162878859025
krishna_80.900_15.760,2025Q4,0.05019183553565012,0.08441340744595772,0.04791351508765506,0.29743283617953714,0.10401973619767715,0.7104797070664688,-0.5516988460750896,0.5067187474120836,-7.8620033142976675,-13.726407951761528,5.864404637463861,638,1.0100363015161222,54,12.436855440561711,26.53067313146946
krishna_80.900_15.760,2026Q1,0.04960230437800753,0.08071157935562343,0.04824961667788601,0.3072538909454776,0.10887195496319357,0.714651555569751,-0.5702276541483234,0.5189406074541416,-8.525632285392813,-14.776825327300585,6.251193041907772,739,1.0100363015161222,55,12.727312236954328,27.15028428323808
krishna_80.900_15.760,2026Q2,0.05899820042824916,0.09889542091785748,0.06126377971891601,0.3129300027993483,0.12336782187806963,0.6565163878904428,-0.5113717465427507,0.49755261666518835,-8.525643579765097,-14.665354980544652,6.1397114007795555,696,1.0100363015161222,54,13.978096900005694,29.818495649999146
krishna_80.900_15.760,2026Q3,0.04368697524175226,0.08722284551477329,0.05598841007593075,0.28797346876999635,0.12676173495000667,0.6531873087937757,-0.5174923948774861,0.4452852334155736,-8.15584651738151,-14.348420968175063,6.192574450793552,408,1.0100363015161222,50,18.614367160764253,39.70872645835713
krishna_80.910_15.720,2019Q2,0.06591706352804111,0.09570712581226512,0.07577430272899432,0.2282603608880584,0.11235683901014205,0.47656493456341986,-0.39025277867411046,0.31141786404684724,-8.55134841064552,-14.9626786816333,6.411330270987779,597,1.004532863258625,68,14.681793772067804,31.319642928388202
krishna_80.910_15.720,2019Q3,0.05803413722492464,0.0922584400405892,0.07465287388495238,0.22536177030091306,0.11460871616066327,0.47982912864436544,-0.39763039247566867,0.30104299600358925,-8.041730048944194,-14.526329640003798,6.484599591059604,382,1.004532863258625,62,13.656908695651694,29.133327336825065
krishna_80.910_15.720,2019Q4,0.047234954889499636,0.07994396494535357,0.05279112964242595,0.24302103216174362,0.09936836999036867,0.599709214339349,-0.46954159745706214,0.38415859578969985,-7.753536965962412,-14.361128620382733,6.607591654420321,541,1.004532863258625,153,11.908572729110933,25.403724602921315
krishna_80.910_15.720,2020Q1,0.05653997558207526,0.08967314163514618,0.059531668362849344,0.26989756160747663,0.11044144857141272,0.60049209774189,-0.4676676442662011,0.4249735881686796,-8.32650845892879,-14.77238486773318,6.44587640880439,718,1.004532863258625,75,13.206368230522964,28.1722209003985
krishna_80.910_15.720,2020Q2,0.061661726524453286,0.09715958358706318,0.06799373359724707,0.26766337888838726,0.1158487814603564,0.5542065758381186,-0.4303018754151883,0.3959691670328562,-8.353143464441262,-14.894576359890221,6.54143289544896,525,1.004532863258625,54,13.670911328502319,29.163198173301
krishna_80.910_15.720,2020Q3,0.048191343884437944,0.08688525976078273,0.058808701105381084,0.24555959428927882,0.09764118592144747,0.5704673451249064,-0.44006840971482836,0.3708902324519584,-7.815265954422912,-14.428205312504009,6.612939358081096,279,1.004532863258625,55,12.248258271792212,26.128351993135297
krishna_80.910_15.720,2020Q4,0.06038007399611089,0.08819272640372745,0.060614008472884146,0.2463065361966147,0.09771513653605995,0.5759407869426495,-0.44501073761524207,0.39053151662760105,-7.780410777568334,-14.255379757065441,6.474968979497107,493,1.004532863258625,51,12.459400229906247,26.5787663524429
krishna_80.910_15.720,2021Q1,0.047728210635957335,0.08437837353339588,0.05828815792776812,0.27327637833206103,0.10354182409877472,0.6211303206565603,-0.5040967094158635,0.4256349485062845,-7.886147412931268,-14.62242948491456,6.736282071983292,651,1.004532863258625,46,11.822555147169279,25.22022931659592
krishna_80.910_15.720,2021Q2,0.0728396216038097,0.10439854298189805,0.07470927899937276,0.27238513427461886,0.11231113065889473,0.5352614132076469,-0.40904160822257635,0.4061694235755998,-7.990723524336265,-14.877709802448699,6.886986278112434,504,1.004532863258625,59,13.177338602243337,28.110294026463553
krishna_80.910_15.720,2021Q3,0.05814356509058121,0.09631794748140406,0.06691889974135497,0.24974277810455878,0.1106812930229017,0.5575608767906595,-0.4281604336604692,0.3747117607391688,-7.688583597985166,-14.369313350389286,6.68072975240412,314,1.004532863258625,55,12.82944931772439,27.3681661680492
krishna_80.910_15.720,2021Q4,0.03890963905842145,0.07287056189503242,0.04569312383807604,0.2721411557147522,0.09800213208805177,0.6734225459355673,-0.5390528647998062,0.4398526704755621,-7.66638625296507,-14.053172452288347,6.386786199323277,501,1.004532863258625,50,13.646172255005533,29.110424039545453
krishna_80.910_15.720,2022Q1,0.03998954913388403,0.07719252929943826,0.04902536118216014,0.29789438531072093,0.11049754775527253,0.6741247131800319,-0.5496031906721149,0.46976579091984294,-7.92464135570043,-14.579439005811993,6.654797650111563,646,1.004532863258625,54,17.073752481321797,36.42224100573011
krishna_80.910_15.720,2022Q2,0.03430593330986267,0.08202234714797497,0.046596830877620336,0.30273528481388223,0.10692627457911202,0.6689000892765878,-0.5173297781039652,0.46640518997079006,-8.078194131957519,-14.899299298694311,6.821105166736793,546,1.004532863258625,50,12.652317581114398,26.990303433560666
krishna_80.910_15.720,2022Q3,0.04036847142014687,0.08467908934731017,0.05354241582018863,0.285150350806175,0.10859768241948291,0.6372118583065017,-0.49585165113141255,0.4405766717371468,-7.529834241228133,-14.180394694730033,6.6505604535019005,347,1.004532863258625,49,12.068723517292582,25.74536306879406
krishna_80.910_15.720,2022Q4,0.05703795805202845,0.08583637627345189,0.05281872590129685,0.2901201647594101,0.09786185402320152,0.6476346918657614,-0.5001371525576039,0.48073757927698574,-7.925861404749799,-14.422643307599623,6.496781902849824,495,1.004532863258625,50,14.73487444443471,31.432876211101462
krishna_80.910_15.720,2023Q1,0.03171797641096738,0.07410302086179464,0.041513921611556974,0.3211346726275312,0.10989000156312252,0.723616983116187,-0.5811817689891121,0.5098545612247559,-8.219585760758028,-14.663761843065116,6.444176082307088,681,1.004532863258625,51,17.256467703230317,36.81201459856201
krishna_80.910_15.720,2023Q2,0.03753172530151026,0.08724062285255327,0.04931783347012158,0.3364508953101322,0.12252722421412153,0.6929700759066737,-0.5343216502487833,0.5048922774083672,-8.31296715012259,-14.888182562506486,6.575215412383896,509,1.004532863258625,54,12.97481360054521,27.678261617091056
krishna_80.910_15.720,2023Q3,0.04302659683464052,0.08690229006038788,0.05525245432915596,0.27201469314345245,0.11109464809552826,0.6250750660290829,-0.486061691088636,0.41386288389087805,-7.770078606327731,-14.590088230830565,6.820009624502834,357,1.004532863258625,51,13.616962786579895,29.048113525215836
krishna_80.910_15.720,2023Q4,0.04537719881299532,0.08367134346153651,0.055843934645806566,0.2858159310927229,0.11657953950938704,0.6363737811685695,-0.5143686722749294,0.4449894171415176,-7.644036674058865,-14.378300067466574,6.7342633934077085,574,1.004532863258625,46,16.35365587815018,34.88610932894632
krishna_80.910_15.720,2024Q1,0.0411983052634959,0.082234050841481,0.052358177570214194,0.29617059381077426,0.11412412522339985,0.654865671814682,-0.5226613055962561,0.4589426535796555,-8.50213344506196,-15.0705605158563,6.568427070794341,680,1.004532863258625,48,14.787633694793858,31.545423826745107
krishna_80.910_15.720,2024Q2,0.04037955803897689,0.0849395739944212,0.05180485117106085,0.29667285327344,0.11734699328684409,0.6461105619246149,-0.5037597230040178,0.4495232294839311,-8.494837911525586,-15.081571135986424,6.586733224460838,513,1.004532863258625,40,14.600212490858897,31.14561129187493
krishna_80.910_15.720,2024Q3,0.0853351945893039,0.1219092586219297,0.08767312736588831,0.29866421668946863,0.1315720419808879,0.5209024222324262,-0.39739068938614425,0.4413838813787287,-8.179016897995036,-14.775239632531484,6.596222734536449,242,0.8276252833039537,49,18.513664801473148,39.493905164446566
krishna_80.910_15.720,2024Q4,0.0500891171336357,0.08466763388990844,0.05378050697099296,0.2858268114138196,0.0977677744534305,0.6412304508538597,-0.5067358005904316,0.45208940669225434,-8.252271087150598,-14.471638172193277,6.219367085042679,443,1.004532863258625,52,13.556171995820833,28.918432786644882
krishna_80.910_15.720,2025Q1,0.03801790299409658,0.07836481447823458,0.04797297031977028,0.3042619904452217,0.10486762404018397,0.6708075090707584,-0.5329362099985814,0.47267786730791495,-8.495805817650279,-14.919435045723564,6.423629228073285,653,1.004532863258625,51,13.206444061059903,28.17238266437482
krishna_80.910_15.720,2025Q2,0.050553196359213286,0.09682242101626885,0.062392762118367924,0.3012764092954133,0.11550484717903438,0.601010931068886,-0.45952942801562313,0.4453935731444958,-8.626716879156188,-14.988856143145293,6.362139263989105,685,1.004532863258625,54,14.378305821658396,30.672233327936343
krishna_80.910_15.720,2025Q3,0.039582471567018766,0.08706551188551312,0.0554914533995651,0.2713286663475223,0.10496737883977293,0.6080493990750224,-0.45931313630327014,0.394643181505048,-8.101335685919778,-14.342898146442389,6.24156246052261,387,1.004532863258625,52,11.978072866465688,25.5519843809306
krishna_80.910_15.720,2025Q4,0.05482159085021373,0.08874058024800353,0.058457722642344334,0.27228731424896946,0.09593365647251945,0.5963091197851601,-0.4609957278614862,0.42089783197097586,-8.103394364086805,-14.228622486915503,6.125228122828698,638,1.004532863258625,54,12.136960960814719,25.890929230438783
krishna_80.910_15.720,2026Q1,0.06347553961683744,0.09365713319308612,0.06295689384514251,0.2763036477534417,0.10053435042798048,0.5793504758542731,-0.447685883325822,0.4336700205008477,-8.714759999655676,-15.140725388837824,6.4259653891821475,739,1.004532863258625,55,13.170927135154518,28.096616892525674
krishna_80.910_15.720,2026Q2,0.06602346787791194,0.10118317339722992,0.06855152959405514,0.2750252675305566,0.10874298753601265,0.5519540606725314,-0.4181942987264538,0.4041525736169151,-8.793686760664128,-15.136139345228944,6.342452584564816,696,1.004532863258625,54,12.837921681269332,27.386239668134177
krishna_80.910_15.720,2026Q3,0.0540567972886131,0.09101915283442105,0.06217751918964411,0.2638437671799012,0.1112282631002828,0.5718429214075623,-0.4430813128921759,0.38041136554480165,-8.473148433123265,-15.26676856981268,6.793620136689414,408,1.004532863258625,50,12.618412570595684,26.917976247971833
krishna_80.910_15.770,2019Q2,0.0592797783545144,0.0895186400276035,0.06766876920031226,0.2510310659002154,0.11730404861400276,0.555858095468792,-0.4562928742994575,0.36732250130030347,-8.618540867922956,-15.209881606911132,6.591340738988176,597,1.0262027041190651,68,13.345939510499758,28.469958541983402
krishna_80.910_15.770,2019Q3,0.05243395998582454,0.08478454085287077,0.06206214798358867,0.24098455028016497,0.11388748310300648,0.5735497399254144,-0.46599502879892485,0.36296090572074535,-7.895769915692447,-14.612411039418586,6.716641123726139,382,1.0262027041190651,62,14.70396239050875,31.36693369030498
krishna_80.910_15.770,2019Q4,0.04418287988587039,0.07562912206666994,0.04249329886324245,0.2828393618257056,0.09754935140096276,0.7143919979078656,-0.5597912486278916,0.4834578932336064,-7.849686509706592,-14.378346038298266,6.528659528591675,541,1.0262027041190651,153,12.548316842107656,26.76844593708932
krishna_80.910_15.770,2020Q1,0.059512120279920394,0.08811492120676304,0.05623258878149868,0.2955790742657849,0.1101072183386801,0.6551293717104703,-0.5168686998290558,0.4850561690145133,-8.3495377565894,-14.828510532994612,6.478972776405211,718,1.0262027041190651,75,14.261554868436749,30.423176691995327
krishna_80.910_15.770,2020Q2,0.06160195989985102,0.09642637708710469,0.0633004713997199,0.2966475952908426,0.126326982504943,0.6415159243436719,-0.5042835301567962,0.4588813840277567,-8.22638388817032,-14.904029829138805,6.677645940968485,525,1.0262027041190651,54,15.845150662200982,33.80135074712701
krishna_80.910_15.770,2020Q3,0.043055038082233855,0.0761388428438697,0.046112333235452475,0.2580714260658905,0.10095723797794387,0.676147247051132,-0.52412386619412,0.43130946915946405,-7.761024329347869,-14.425655272435423,6.664630943087554,279,1.0237920553401112,55,11.33926928612703,24.189269419244763
krishna_80.910_15.770,2020Q4,0.06275974074948296,0.0858632008165837,0.057302841097431834,0.2656123207318727,0.09349601001413667,0.6218783286438999,-0.4874269683304963,0.4478951511551539,-7.46671199425705,-14.03445190100979,6.56773990675274,493,1.0262027041190651,51,16.726575958411562,35.6816336317623
krishna_80.910_15.770,2021Q1,0.04917566783190808,0.08194781621395017,0.05561482388375207,0.2871179319209907,0.10336624688339818,0.6583038055837462,-0.544339563542011,0.47412704797351723,-7.845045727222491,-14.622328582066704,6.777282854844213,651,1.0262027041190651,46,12.509496552535362,26.68563333076501
krishna_80.910_15.770,2021Q2,0.06507509357930141,0.09393384391165856,0.06415137179154741,0.2936828883257806,0.11861486833557512,0.6233423557080524,-0.4943631617909364,0.4689342091829079,-8.199680870890981,-14.972411400079658,6.772730529188676,504,1.0262027041190651,59,15.955407032694978,34.03655294435591
krishna_80.910_15.770,2021Q3,0.056070575871422175,0.08995312684695167,0.058934967639960006,0.2824999858815275,0.11337746597580868,0.6440480194474036,-0.5061881527070679,0.4489042783632617,-7.448462346958022,-14.363214394949708,6.914752047991686,314,1.0262027041190651,55,14.343162875053771,30.59726533995096
krishna_80.910_15.770,2021Q4,0.03608350438543715,0.06788162880067566,0.037550029383608886,0.3024517775742477,0.09610115640430054,0.7563439370718505,-0.6104929505001635,0.5077519482883891,-7.6171548193989915,-14.173085794912655,6.555930975513664,501,1.0262027041190651,50,15.342679146509663,32.729463435708816
krishna_80.910_15.770,2022Q1,0.03275653888854428,0.06853531053856259,0.04103607771929451,0.3281190659631347,0.11141879441872887,0.7601941727970024,-0.6366309748050261,0.5434796398771865,-8.02401007531045,-14.688452345839062,6.664442270528612,646,1.0262027041190651,54,35.54003743420951,75.81507405577877
krishna_80.910_15.770,2022Q2,0.04133862376775637,0.08430998718830353,0.05063951042565632,0.34030572393554576,0.11721881490538619,0.7126319928706839,-0.5735969850087342,0.5332534430633993,-8.19543836909089,-15.078815224057621,6.8833768549667305,546,1.0262027041190651,50,12.830225652802639,27.36982226932817
krishna_80.910_15.770,2022Q3,0.042524662019793075,0.08094145931603657,0.05101290609666311,0.29468343879672515,0.10838636684544184,0.6864524992722442,-0.5462165094350587,0.4749878842583689,-7.5011772270995545,-14.167266570279642,6.666089343180087,347,1.0262027041190651,49,12.609970620722976,26.899967627244877
krishna_80.910_15.770,2022Q4,0.05421987886499985,0.07968720494959433,0.046402258731354694,0.29762112989548145,0.09777158752541855,0.711111689325316,-0.5569189388166754,0.5292871499364504,-7.627042085168854,-14.256069953071863,6.62902786790301,495,1.0262027041190651,50,12.982080062310475,27.693762651322572
krishna_80.910_15.770,2023Q1,0.032239323246672905,0.06828149358990518,0.0377883495760811,0.33134287825230735,0.11015632501099416,0.7835254178512132,-0.6514408163190942,0.5492905582332146,-8.496288228822738,-14.860089913376804,6.3638016845540655,681,1.0262027041190651,51,31.68450459122699,67.59033572914315
krishna_80.910_15.770,2023Q2,0.03295632919375012,0.07862882335124598,0.046530430956345584,0.34173779562640383,0.12277649701317205,0.7437245527735008,-0.6110071435422152,0.5282041040627586,-8.812768083239353,-15.135536115350641,6.322768032111288,509,1.0262027041190651,54,19.27777612257727,41.12393035796551
krishna_80.910_15.770,2023Q3,0.037867797826382124,0.07684300795717958,0.04483502590868217,0.29114205560792067,0.11396994087352795,0.723841322565677,-0.5807615385580568,0.48103478307889047,-8.037606156484445,-14.562265336399722,6.524659179915277,357,1.0262027041190651,51,13.891783093153393,29.634368447807613
krishna_80.910_15.770,2023Q4,0.053946105637592535,0.08327864250621789,0.05394680397408825,0.29319986078467336,0.1121893255668229,0.6887718243464382,-0.556856003165766,0.49820656529806934,-7.994149671891561,-14.42876511700753,6.434615445115968,574,1.0262027041190651,46,14.820513720723126,31.615564484458194
krishna_80.910_15.770,2024Q1,0.03550339481361163,0.07467920838402763,0.04437133244524169,0.33915180113618776,0.12039906468176581,0.754949369886995,-0.6265434195803224,0.5446987631996879,-8.760468432789189,-15.059892999404898,6.299424566615709,680,1.0262027041190651,48,18.86236820503843,40.23776972603413
krishna_80.910_15.770,2024Q2,0.03930262378358522,0.08626051232655414,0.05047623247974426,0.3499762061599495,0.12440990795815525,0.7341748541332488,-0.5912367651887378,0.5501214563924559,-8.63303149018575,-15.002790358647509,6.3697588684617585,513,1.0262027041190651,40,13.227074292135628,28.216391692212483
krishna_80.910_15.770,2024Q3,0.058206181701107904,0.08812905089489233,0.05483276339877502,0.2962721140478497,0.11443448297271289,0.6661682103257672,-0.521934225780931,0.5059156914579098,-8.073278258976588,-14.481004807168654,6.407726548192066,242,0.6931139293575097,49,16.85368072360917,35.952777330024794
krishna_80.910_15.770,2024Q4,0.042100742246416266,0.07494810805800074,0.041769259206974274,0.3182789311753581,0.10007283429851054,0.7622056570020472,-0.6154632105594878,0.5508808622576902,-7.859423069567518,-14.11783926536597,6.258416195798452,443,1.0262027041190651,52,14.303096859728573,30.511795314078793
krishna_80.910_15.770,2025Q1,0.02470779439575383,0.06042021069398076,0.03015883188985767,0.322174014300181,0.10261480354330896,0.8167718069563354,-0.6707711892667275,0.5484240350836311,-8.510528609860597,-14.855340498571486,6.34481188871089,653,1.0262027041190651,51,20.46940871810005,43.66595675971257
krishna_80.910_15.770,2025Q2,0.041493508637683536,0.08461886364564694,0.04877862905935595,0.35124609528811956,0.12161918828029844,0.7379338547139443,-0.5933421681436839,0.5653828970734549,-8.47201663014142,-15.047965661695542,6.5759490315541225,685,1.0262027041190651,54,13.903751273325582,29.65989932879633
krishna_80.910_15.770,2025Q3,0.03227997046241684,0.07785582955483579,0.043909735322428235,0.30579934773941064,0.11845037084488012,0.7316547968756126,-0.5831296618732031,0.4880322227617065,-7.850824432982289,-14.02310112868134,6.1722766956990505,387,1.0262027041190651,52,15.701181286170053,33.49423095509655
krishna_80.910_15.770,2025Q4,0.048463821373034274,0.0797039315123743,0.04529141920126806,0.31242274439749895,0.10178391964738323,0.7390693981955171,-0.5869157950931388,0.5465440106891089,-7.735515105105872,-13.814495713061328,6.078980607955456,638,1.0262027041190651,54,13.414169730464861,28.61550929411956
krishna_80.910_15.770,2026Q1,0.05243389477961387,0.0809923720039686,0.04919627198654174,0.3183995890082497,0.10458833515574743,0.7277364022580292,-0.589511364307982,0.5517458624005849,-8.495020224257704,-14.8432965493401,6.348276325082395,739,1.0262027041190651,55,13.9441232358992,29.746022010517255
krishna_80.910_15.770,2026Q2,0.056882392122055606,0.09373080268532248,0.05819744691502583,0.33183676208051666,0.12458217841987258,0.6977113771036803,-0.5551999190553144,0.5396445988401816,-8.544275901071646,-14.91523013640622,6.370954235334574,696,1.0262027041190651,54,14.997942518345647,31.994060918410486
krishna_80.910_15.770,2026Q3,0.036971066115564964,0.0747707028598431,0.043095579102269695,0.30055721161944476,0.11909589116305476,0.716272349360022,-0.5760426414167892,0.47993951789527467,-8.272916730153545,-14.710753848054843,6.437837117901298,408,1.0262027041190651,50,18.729952633404633,39.955296856157766
krishna_80.920_15.770,2019Q2,0.05522223090672309,0.08552317520475745,0.06308582344769471,0.2513690261858195,0.11511235627454244,0.5839346409217039,-0.47654456329458195,0.3796904522892676,-8.898304717013199,-15.203626113064225,6.305321396051026,597,1.0152571926765475,68,14.855904273640624,31.691060673658388
krishna_80.920_15.770,2019Q3,0.04897190877636393,0.08182387499904228,0.05787004772537552,0.2534122561179197,0.11352903069922017,0.611979266221481,-0.49795736672107394,0.39257303497120105,-8.2378347901735,-14.553131341211278,6.315296551037779,382,1.0152571926765475,62,14.31442682860597,30.53596474358712
krishna_80.920_15.770,2019Q4,0.04095813144661896,0.07100765632383758,0.039528813099159545,0.27869750159800605,0.09517380885831078,0.727436778280234,-0.5709287186583235,0.48051429517965183,-8.125047977633791,-14.323096095656421,6.19804811802263,541,1.0152571926765475,153,13.848112154998969,29.541208292408452
krishna_80.920_15.770,2020Q1,0.060141040020872234,0.08873168978706188,0.055435984756852706,0.30459491022518326,0.11292837405829359,0.6672007449154819,-0.5238851915685817,0.5015661142589777,-8.526181364110032,-14.775629051339237,6.249447687229205,718,1.0152571926765475,75,13.977574383682379,29.81738100250276
krishna_80.920_15.770,2020Q2,0.062000113925377895,0.09375252521194906,0.06119950137813419,0.2969588666060254,0.12286650434045623,0.6422998520424748,-0.5054675785498528,0.4614490068952476,-8.550210044187246,-14.875099464724112,6.324889420536866,525,1.0152571926765475,54,14.913153880093333,31.813187251631504
krishna_80.920_15.770,2020Q3,0.04157638807323152,0.07457061489585584,0.04392107511506409,0.2661269223082216,0.10722778826895334,0.6961734623726273,-0.5413495648868443,0.45064908891320044,-7.94188583580747,-14.436503085235554,6.494617249428083,279,1.0106364428945074,55,18.379369086428277,39.207421516241396
krishna_80.920_15.770,2020Q4,0.054700898443662785,0.0772912722227697,0.04895894995773405,0.2624782421471515,0.09417078832586716,0.6677826269354747,-0.5288266530903607,0.45325175358570685,-7.7069357086116765,-13.846183120965968,6.139247412354291,493,1.0152571926765475,51,15.15605987808465,32.33136161372652
krishna_80.920_15.770,2021Q1,0.04551022105493415,0.07356980871393716,0.04848809470872298,0.2719551582564734,0.10244574701428545,0.6783620572652501,-0.557456495080452,0.4576624423778804,-8.21199454666863,-14.567426058674041,6.355431512005412,651,1.0152571926765475,46,16.78765469598396,35.811928627113865
krishna_80.920_15.770,2021Q2,0.059398293110045096,0.09002677634711906,0.059335483449214646,0.285118947424713,0.11896145712299484,0.635812189061044,-0.5040687820400152,0.4636802604463286,-8.545402284853083,-14.917216052103011,6.371813767249929,504,1.0152571926765475,59,15.254171554004303,32.5406563841486
krishna_80.920_15.770,2021Q3,0.05435033028904388,0.08712427929937515,0.057612632740192446,0.27367817934337446,0.11532058401514621,0.6429932347001694,-0.5063831721046728,0.4426446307839346,-7.859025798990375,-14.322546440959478,6.463520641969103,314,1.0152571926765475,55,15.65013709522059,33.385341955637415
krishna_80.920_15.770,2021Q4,0.03672455653137844,0.06688135819514196,0.036468770412015676,0.29506432113941505,0.09961049171528528,0.7563147211760618,-0.6052939792945244,0.5011658909208812,-7.830492156242411,-13.98567952384952,6.155187367607109,501,1.0152571926765475,50,19.09351887080292,40.73086726076292
krishna_80.920_15.770,2022Q1,0.032687413871924816,0.06597114692038522,0.037920534357138436,0.31165698646315504,0.10719715126370212,0.7641890131048914,-0.634242527682596,0.5274367694006529,-8.36118747900652,-14.570143041375982,6.208955562369461,646,1.0152571926765475,54,34.83813628299485,74.3177574629731
krishna_80.920_15.770,2022Q2,0.03737088635522659,0.07765429321598528,0.04612219386601242,0.32019133018192575,0.11630570093584684,0.7221180353537265,-0.5808265712612787,0.5131725426536089,-8.461422966066351,-14.963201575185451,6.5017786091191,546,1.0152571926765475,50,16.74222147406311,35.71500911511565
krishna_80.920_15.770,2022Q3,0.04274207756104302,0.08138463429790876,0.04980061901171812,0.30355253565673496,0.11340051866077451,0.7041610632034232,-0.5558811664977151,0.5014234794041879,-7.742415051252593,-14.065620728007636,6.323205676755043,347,1.0152571926765475,49,12.08339430384106,25.776659230782865
krishna_80.920_15.770,2022Q4,0.05175547465594023,0.07746387027117814,0.04445401562407375,0.2944301238672765,0.10143093236141035,0.719421120725503,-0.5649229020406588,0.5198063169587888,-7.858739913907671,-14.106591601127285,6.2478516872196135,495,1.0152571926765475,50,13.937128926079497,29.731101538980568
krishna_80.920_15.770,2023Q1,0.025743621311607838,0.060702395251615984,0.03110550333268258,0.3240415364720643,0.10595280547063085,0.8099935822216737,-0.6717961955171166,0.5501346881434396,-8.727413860329206,-14.827586916428913,6.100173056099708,681,1.0152571926765475,51,20.577118394082916,43.8957262718095
krishna_80.920_15.770,2023Q2,0.028598865435914795,0.07275049199726046,0.043315065903228686,0.32688440283265685,0.12143863973197308,0.7494726816690246,-0.6218514261260027,0.5106108420896691,-8.931275122476809,-15.041332140317172,6.110057017840363,509,1.0152571926765475,54,21.31489492978954,45.469573311074946
krishna_80.920_15.770,2023Q3,0.0378529749940218,0.07624496188531271,0.04424777595731346,0.28733708223045196,0.11481944492503583,0.7328198102188127,-0.5892078781008259,0.48471465778317524,-8.23721178185177,-14.546675920583763,6.309464138731993,357,1.0152571926765475,51,14.157273940160243,30.200721487368032
krishna_80.920_15.770,2023Q4,0.036557924138477534,0.06770911846410471,0.04114026266345005,0.2944156354132114,0.1115650454802765,0.7449249760918798,-0.6160515609866873,0.4948160420397578,-8.197314961420249,-14.298699309429965,6.1013843480097165,574,1.0152571926765475,46,31.780817223963915,67.79579272667655
krishna_80.920_15.770,2024Q1,0.03756616279088006,0.07342388506248135,0.04228523482672484,0.3256702992293668,0.11178535239734406,0.755691241016087,-0.6204109190278492,0.5402541397850653,-9.01417738232572,-15.00996646774519,5.995789085419471,680,1.0152571926765475,48,22.696774308863365,48.41743985889659
krishna_80.920_15.770,2024Q2,0.036278789499379384,0.07858872368822319,0.04481833930019971,0.3321882442754666,0.12134654597356992,0.7442535232056887,-0.6004124101945552,0.5347050174308675,-8.974182763451626,-15.027722008770667,6.05353924531904,513,1.0152571926765475,40,15.639904468721415,33.36351340981059
krishna_80.920_15.770,2024Q3,0.031013602983738467,0.06913219181836419,0.03766745936595288,0.3032249950604876,0.10413736912668085,0.761430120213665,-0.6123273903034808,0.5083385379893701,-8.456477474059312,-14.514062309353799,6.057584835294486,242,0.8157802964254577,49,15.998666547317537,34.12883543873419
krishna_80.920_15.770,2024Q4,0.036804937778123215,0.06907507235374245,0.03702230296279593,0.3184384943161989,0.09998322911612464,0.7744980799134633,-0.6234990807418719,0.5552213575117326,-8.10417783831017,-14.039574464543655,5.935396626233485,443,1.0152571926765475,52,16.95138371081837,36.16120027342907
krishna_80.920_15.770,2025Q1,0.026204414004965357,0.06270844313190668,0.029344304943904376,0.3274142525632258,0.10267074983148684,0.8253512101198087,-0.6693609982995838,0.5596646176836397,-8.683197774130466,-14.782874747397642,6.099676973267176,653,1.0152571926765475,51,16.3582697753263,34.89595183281932
krishna_80.920_15.770,2025Q2,0.03886662544860279,0.08203845091449717,0.04594583667557104,0.340094348952623,0.11948672097809955,0.7428347519195666,-0.5947523663427533,0.5544324470428271,-8.750744100523775,-14.969550006647989,6.218805906124214,685,1.0152571926765475,54,12.62012219490511,26.92162326983743
krishna_80.920_15.770,2025Q3,0.03053796293441788,0.07673348699844859,0.04244337576379716,0.3022787234280648,0.11772558680588181,0.7363987539482806,-0.5829690662915787,0.48446300545085613,-8.009209912785996,-13.980614945094192,5.971405032308196,387,1.0152571926765475,52,14.7613098793695,31.489269073967403
krishna_80.920_15.770,2025Q4,0.045306652785613036,0.07600753202683115,0.043602914944023644,0.30411838314612505,0.10098545061912406,0.7421497764346203,-0.589970115854739,0.5360996105019654,-7.723166888766694,-13.631965499771606,5.908798611004912,638,1.0152571926765475,54,13.457581506909253,28.70811659798403
krishna_80.920_15.770,2026Q1,0.05600305454526167,0.08305140743156415,0.05133078259577178,0.3031113256115461,0.10141087661480563,0.7076413178604791,-0.5676705117098046,0.532010149735203,-8.72773615057799,-14.752521967260979,6.024785816682989,739,1.0152571926765475,55,13.751089261729076,29.334236145798315
krishna_80.920_15.770,2026Q2,0.05790204158394161,0.09246268989460152,0.057489494886964795,0.32332199247199217,0.12321597278965497,0.6946894477362935,-0.5494360630502659,0.5343595112776226,-8.774202673555912,-14.864963807633984,6.090761134078072,696,1.0152571926765475,54,14.858141875109963,31.695833992240836
krishna_80.920_15.770,2026Q3,0.039186346830654556,0.0748757836534596,0.044264298091592054,0.29663714595774554,0.1168623965533903,0.7226114026109773,-0.5807049828550664,0.4782380182215103,-8.473138655472756,-14.652636105700818,6.179497450228062,408,1.0152571926765475,50,17.59442291633534,37.53295079781404
krishna_80.920_15.780,2019Q2,0.0633328365648953,0.09095874989831973,0.0746225256388605,0.2223474973859662,0.10744393308256181,0.47570695316705824,-0.3969277381983677,0.30253285316363643,-8.077464278499365,-14.809564030273748,6.732099751774383,597,1.0094155844155843,68,14.865321160879915,31.711149060023867
krishna_80.920_15.780,2019Q3,0.053044988894832286,0.08394459515129248,0.06779312843972779,0.222060987317015,0.1169527791116785,0.5084820950931125,-0.4291560656555157,0.304722095987563,-7.635781056387745,-14.373689862352608,6.737908805964863,382,1.008874458874459,62,15.032556094391047,32.067899637237815
krishna_80.920_15.780,2019Q4,0.0474288603827939,0.07595195846757731,0.04869683023051125,0.24840608781995166,0.09281924715264706,0.6385287203989813,-0.5039093571454083,0.4062032684323957,-7.455157569433121,-14.176116478345302,6.720958908912181,541,1.0094155844155843,153,11.68183646491786,24.920044002056727
krishna_80.920_15.780,2020Q1,0.0602279963162541,0.08903923113948338,0.0623646165930687,0.2688953995155672,0.11428124793627431,0.5965678568910251,-0.47533001958449367,0.4158457086218273,-7.848672524655874,-14.469982079940365,6.621309555284491,718,1.0094155844155843,75,15.019750979740598,32.04058338251204
krishna_80.920_15.780,2020Q2,0.06089783889818119,0.09272492771946096,0.06709922964545904,0.256151543885075,0.11868545315016032,0.5591867987837856,-0.44262418984828544,0.3737307194086262,-7.8395782009104655,-14.595256214229572,6.755678013319106,525,1.0094155844155843,54,13.933425867498663,29.723202063324177
krishna_80.920_15.780,2020Q3,0.04959576353021829,0.07999871196346965,0.05702447136058054,0.23117849335060658,0.09842867691921486,0.5761049973258598,-0.45302930680618025,0.3559859321523699,-7.413064692361764,-14.27561248661576,6.862547794253996,279,1.003138528138528,55,12.47320419331423,26.608213381303717
krishna_80.920_15.780,2020Q4,0.06032020451319961,0.08283639229307217,0.058303336831583036,0.23462351247413119,0.08551409005384071,0.5643836231600707,-0.4394312485070937,0.37207114832455346,-7.439082274027404,-14.052013217612583,6.612930943585178,493,1.0094155844155843,51,13.105611966255358,27.95728461477492
krishna_80.920_15.780,2021Q1,0.050434958063613644,0.08119442953445384,0.059088772228706156,0.2634111378087815,0.09868225657463256,0.6075899991272088,-0.5051140074400761,0.41758774005960314,-7.355486696116282,-14.31040505050328,6.954918354386997,651,1.0094155844155843,46,11.52570395946295,24.586977457445148
krishna_80.920_15.780,2021Q2,0.07084992492421409,0.09932356648369267,0.07273751630428958,0.2680059082688182,0.1117777370891508,0.528680758215925,-0.41729385978642175,0.40395277527021906,-7.626459788959935,-14.49955378890128,6.873093999941346,504,1.0094155844155843,59,13.911264619218715,29.675927023655934
krishna_80.920_15.780,2021Q3,0.05651352994033918,0.0905985928587352,0.06460245637985947,0.2519147693287422,0.1027495678545946,0.570239753588062,-0.44706380546141566,0.3780421124060107,-7.074010017328768,-14.126745137387942,7.052735120059174,314,1.0085497835497836,55,12.258558622683191,26.150325010666464
krishna_80.920_15.780,2021Q4,0.037967811615764416,0.06891180178367118,0.043202994578208274,0.2608625224616952,0.08871557343795411,0.6764972040837085,-0.5437376852283883,0.4255669119902909,-7.304407579868903,-14.037549806619072,6.733142226750169,501,1.0094155844155843,50,15.625525823783944,33.332840453070624
krishna_80.920_15.780,2022Q1,0.03542309263597303,0.06904407406037429,0.045860771551133966,0.28571397246148833,0.10392918041647584,0.692258936457975,-0.581611856150039,0.45826478928240244,-7.542194564048071,-14.285122722323809,6.742928158275738,646,1.0094155844155843,54,18.81548042426865,40.13774730546262
krishna_80.920_15.780,2022Q2,0.04598298548504608,0.08661233600410347,0.05820055911967712,0.2896039025455593,0.10673463134505756,0.6233217301007895,-0.49708235605481055,0.4354900078265966,-7.710567738568405,-14.70107932933219,6.990511590763785,546,1.0094155844155843,50,12.458059804150489,26.57590691600795
krishna_80.920_15.780,2022Q3,0.04308393977859544,0.0815472919715229,0.05625156571934086,0.2680033527618707,0.10337698197038861,0.6217800015879139,-0.5025766557188863,0.40948892281752625,-7.211652462472273,-14.15553741505632,6.943884952584048,347,1.0094155844155843,49,11.323354251667984,24.155318990285696
krishna_80.920_15.780,2022Q4,0.05270218304469796,0.07954044278097479,0.04882108091747288,0.2691449691980799,0.08785626614155158,0.6580203451774039,-0.5082948963281532,0.4590132660022352,-7.387702785924327,-14.196851581506467,6.809148795582139,495,1.0094155844155843,50,14.414975252033885,30.75045765689625
krishna_80.920_15.780,2023Q1,0.032060207765622066,0.06937688685027829,0.04067448787506857,0.30832766430201647,0.10607847033637646,0.734788320364523,-0.6071292292920651,0.5001471319477898,-8.150139703493796,-14.547694717100196,6.3975550136064,681,1.0094155844155843,51,21.180616389043635,45.18312629959956
krishna_80.920_15.780,2023Q2,0.0318746861486453,0.07697830245928672,0.05087520230435672,0.30089383946269227,0.11423851800514362,0.6712092682336228,-0.5568029562214226,0.4552056851764973,-8.39002376389117,-14.741428875105056,6.351405111213886,509,1.0094155844155843,54,17.50816738075398,37.34894790164581
krishna_80.920_15.780,2023Q3,0.04024905667385039,0.07930905188381449,0.05163794541910417,0.2625110693802654,0.10787805046740045,0.652336448935081,-0.5262796418560549,0.418627324821272,-7.842071099864329,-14.429513856856826,6.5874427569924965,357,1.0094155844155843,51,12.39535100740555,26.442134629527743
krishna_80.920_15.780,2023Q4,0.04737102441517842,0.07522838839140415,0.051226999097222885,0.2688928491745981,0.10597403066727652,0.6476420814799132,-0.5302420518445502,0.434480567339303,-7.7410508060461725,-14.218690746902848,6.477639940856675,574,1.0094155844155843,46,13.411973050880167,28.6108232713291
krishna_80.920_15.780,2024Q1,0.032239770686712854,0.0674609287468057,0.04172989777639337,0.29088275457580043,0.110418001446982,0.7137661847737302,-0.5887090863924701,0.472317218471542,-8.603896181181756,-14.79427014764684,6.190373966465083,680,1.0094155844155843,48,24.71004563194117,52.71221064342587
krishna_80.920_15.780,2024Q2,0.03973718923229324,0.08157307055555425,0.051686447377848097,0.2983560082386325,0.1153293277433504,0.6718472642663691,-0.5417662774904274,0.45987061283529623,-8.546818737493462,-14.719358922749137,6.172540185255675,513,1.0094155844155843,40,14.015775120301033,29.89887195987977
krishna_80.920_15.780,2024Q3,0.04315866422902525,0.0778535528555516,0.05054817793623225,0.2680405008454999,0.10255201863738153,0.6601937037351006,-0.5295608016995821,0.4316164084137766,-7.9940355506766325,-14.431536532969979,6.437500982293346,242,1.0094155844155843,49,11.523455650332343,24.582181296958467
krishna_80.920_15.780,2024Q4,0.04538068419938442,0.07666247086796184,0.046857149876748085,0.2872346650866096,0.0916318041034498,0.7031006258551915,-0.5583728529610571,0.48917088451553153,-7.800085713190841,-14.114371548044344,6.314285834853504,443,1.0094155844155843,52,13.342602585391441,28.462840113234588
krishna_80.920_15.780,2025Q1,0.02827014519575526,0.06598845536859017,0.035350310928800394,0.29977558307065,0.0988106225456287,0.7572009004171587,-0.6083181504797813,0.4982256637544969,-8.11698326516348,-14.600470414722842,6.4834871495593625,653,1.0094155844155843,51,19.72360860908653,42.07499359316166
krishna_80.920_15.780,2025Q2,0.04506555433484968,0.08744185797105403,0.05419000132946746,0.3150201811445654,0.11526423891139688,0.6738418817362276,-0.5328470913963088,0.4965242695459708,-8.277177938708983,-14.843454209073494,6.5662762703645114,685,1.0094155844155843,54,14.217345755804887,30.328868486655665
krishna_80.920_15.780,2025Q3,0.03514999185313362,0.08042791838523733,0.04869412648936728,0.2753634082545997,0.10974515619616637,0.6647604454914599,-0.5203256091288396,0.4243423606578899,-7.759032938832309,-14.05144598696982,6.292413048137512,387,1.0094155844155843,52,13.58273496338391,28.97509770593946
krishna_80.920_15.780,2025Q4,0.046465076172810635,0.0789458318563223,0.04779834975839216,0.28556077983171446,0.09519343495228808,0.6965432052846925,-0.5510505090700953,0.4915821656977223,-7.671333511267706,-13.76819243034166,6.096858919073954,638,1.0094155844155843,54,13.618490165731567,29.051371776243553
krishna_80.920_15.780,2026Q1,0.055571784304345034,0.08356297630273686,0.05328078892630989,0.2857023993963936,0.09756135925445585,0.6723548057980298,-0.5332934019015083,0.4886893624961458,-8.470463849009175,-14.6998493217621,6.229385472752925,739,1.0094155844155843,55,15.11152463597852,32.23635769920846
krishna_80.920_15.780,2026Q2,0.05851434424449005,0.0957759312310637,0.06218888635039187,0.3012985226088554,0.11817851234337384,0.6371790564843409,-0.501065076747438,0.4758630831573485,-8.53600038911037,-14.815765003428902,6.279764614318532,696,1.0094155844155843,54,13.359812157284209,28.499552088283394
krishna_80.920_15.780,2026Q3,0.04157575653135055,0.07676744138312318,0.04990604761157119,0.27723133918588505,0.11298602346702424,0.6530965001861857,-0.5265508964438494,0.43078053382350034,-8.245440478699779,-14.695752234216164,6.450311755516385,408,1.0094155844155843,50,14.326496724324262,30.56171260723025
krishna_80.930_15.750,2019Q2,0.06576356041538345,0.09425016237452052,0.06926685450980605,0.26305213925645066,0.11535169495002653,0.5751012177331548,-0.462834585138734,0.3952773073414794,-8.232354770604616,-14.977066758384819,6.744711987780203,597,1.0090097337301906,68,14.797513211360611,31.566499107870797
krishna_80.930_15.750,2019Q3,0.051265387401277424,0.08518228034040604,0.06097832449108678,0.2566401533351594,0.11362554090895373,0.5992329872283724,-0.4862288447490944,0.39389555836270623,-7.665141642316606,-14.360941464137726,6.69579982182112,382,1.0090097337301906,62,14.403808162152291,30.726635685748136
krishna_80.930_15.750,2019Q4,0.045584348791895414,0.07651289599762968,0.04476254341212889,0.2736567048502804,0.09890916560111399,0.702253599903086,-0.5499987205462605,0.460308020104706,-7.446829124380167,-13.964152749132097,6.51732362475193,541,1.0090097337301906,153,12.765286997784354,27.231293182283522
krishna_80.930_15.750,2020Q1,0.05651601376850503,0.08665609866437854,0.05298979181917688,0.3071152128454323,0.1128334203558225,0.685009379533598,-0.5401964410937246,0.5088645865722433,-7.853811029121879,-14.494430658424104,6.6406196293022255,718,1.0090097337301906,75,14.682162310983792,31.320429106659954
krishna_80.930_15.750,2020Q2,0.060364608708428524,0.09574214828353547,0.06186670186346445,0.30868539342885587,0.12182536766653347,0.6524380016490007,-0.509632870702607,0.48997344974395196,-8.021596005005122,-14.731242862785637,6.709646857780514,525,1.0090097337301906,54,14.86722434365015,31.71520898660481
krishna_80.930_15.750,2020Q3,0.04133649014685371,0.07757209304583111,0.04429906435185886,0.26971071894792154,0.10603699202685396,0.6995273599183525,-0.5356011740455825,0.45456620435332606,-7.4801736849059886,-14.272984912528559,6.79281122762257,279,1.0090097337301906,55,13.327824471374619,28.431314997070476
krishna_80.930_15.750,2020Q4,0.05681166544063999,0.08166738772330225,0.0524587583547451,0.2720540002161122,0.09960909926151139,0.6657458796049158,-0.5253933279075221,0.4690686139122314,-7.262525326320937,-13.592087327572635,6.329562001251698,493,1.0090097337301906,51,16.22940447292574,34.621052503779374
krishna_80.930_15.750,2021Q1,0.04916537118673596,0.07882174966243055,0.05292824691007166,0.2759305078838417,0.10340856415604478,0.66356020339804,-0.5414520359441711,0.4626774073700022,-7.5747377821065776,-14.369359252395682,6.794621470289105,651,1.0090097337301906,46,13.104738058698523,27.955420368957448
krishna_80.930_15.750,2021Q2,0.06184175944082744,0.09565380131705054,0.06109217650947311,0.2988973757616641,0.12144982692953775,0.6447742154604759,-0.5057234165352845,0.4779938975226165,-7.906007013744835,-14.768861356487166,6.862854342742331,504,1.0090097337301906,59,14.605276087041942,31.156413107160486
krishna_80.930_15.750,2021Q3,0.052177622414153656,0.08750638798135042,0.05586663271869894,0.27018187172102187,0.11484521770638553,0.6452185292839158,-0.5020280097792421,0.4334667684629932,-7.361424849241864,-14.129556797166982,6.768131947925118,314,1.0090097337301906,55,14.779324047060378,31.527697436910614
krishna_80.930_15.750,2021Q4,0.03351157337956942,0.06473498982192068,0.03575250292793176,0.27395420444257546,0.10034492881156573,0.7457605369629581,-0.5924703621531572,0.4711520396830829,-7.390733909624052,-13.669433562622782,6.27869965299873,501,1.0090097337301906,50,19.183434508323923,40.922677996191844
krishna_80.930_15.750,2022Q1,0.03395686285014615,0.06843752032368801,0.04056092736119663,0.3014772788248244,0.10864075997884759,0.7477995253447262,-0.6172603035666134,0.49996884719823476,-7.643100473550626,-14.367983050334395,6.724882576783769,646,1.0090097337301906,54,30.483432202728018,65.02817207782549
krishna_80.930_15.750,2022Q2,0.036859649737648804,0.0791569484008068,0.04288550119726787,0.3229301778596972,0.1158902834259073,0.7399569255101683,-0.5810593377661463,0.5298093892740166,-7.849846892432858,-14.80920071868866,6.959353826255802,546,1.0090097337301906,50,12.946945236250217,27.61881198632605
krishna_80.930_15.750,2022Q3,0.03909352417992748,0.07805604748069259,0.04564320164729782,0.29136621563611675,0.10871366569630482,0.7205562403101489,-0.5665556694629686,0.47791988069366487,-7.387727910504857,-14.021546179353928,6.633818268849071,347,1.0090097337301906,49,13.190753926123795,28.138911997825065
krishna_80.930_15.750,2022Q4,0.05098321291816141,0.07622672874859611,0.043246158536807806,0.2915298479813993,0.10160351525185043,0.723582531475671,-0.5658925537399968,0.5153848225796236,-7.373064075339282,-13.89621420164831,6.5231501263090275,495,1.0090097337301906,50,14.425593640753767,30.773109122265158
krishna_80.930_15.750,2023Q1,0.030852217861903404,0.06678142330488085,0.035131120390587835,0.31864289268037016,0.10781384379311154,0.7983277607541682,-0.6524498571819906,0.5373041361151233,-8.0800402579017,-14.47955275660851,6.399512498706809,681,1.0090097337301906,51,27.009730576213148,57.61796755709518
krishna_80.930_15.750,2023Q2,0.03452059400817282,0.07816782404738416,0.044094234189507746,0.3264170579453379,0.12089552898886363,0.7537978599605442,-0.6073995096327155,0.5129619111016949,-8.345784956561321,-14.797599609399539,6.451814652838218,509,1.0090097337301906,54,18.02063961951627,38.442169055540695
krishna_80.930_15.750,2023Q3,0.03894798936935057,0.07824883661829747,0.04594621246264156,0.2833815778696852,0.11457087546008603,0.7218126213789597,-0.5748525613620121,0.4738376437756824,-7.74111170009867,-14.27188110407888,6.5307694039802096,357,1.0090097337301906,51,13.078379866483186,27.89919228257793
krishna_80.930_15.750,2023Q4,0.04213253492886528,0.07342731704243795,0.04613640858792558,0.2902236247987941,0.11348971716126648,0.7180439612181573,-0.5897082335211716,0.49525436336497086,-7.606767875528257,-13.965939904194789,6.359172028666532,574,1.0090097337301906,46,21.062378067103563,44.93089676408734
krishna_80.930_15.750,2024Q1,0.042668036658591674,0.08140049640147382,0.0484107380001532,0.3324627868338297,0.1150747200456742,0.7445796198922561,-0.6056699432258825,0.5406360819478472,-8.421280704461875,-14.638390376523231,6.217109672061357,680,1.0090097337301906,48,14.967328683843526,31.928754568235522
krishna_80.930_15.750,2024Q2,0.036152064108568416,0.07984765972109631,0.04438624025956745,0.33261107427694175,0.12104128137248557,0.7550971011129279,-0.6055368631664363,0.536619625698473,-8.466992796990402,-14.782134702252234,6.315141905261832,513,1.0090097337301906,40,14.64602934478649,31.24334917917888
krishna_80.930_15.750,2024Q3,0.0695137837727075,0.09916510518936453,0.0630676255417799,0.3167747818158497,0.12389021534764215,0.6598314524332628,-0.5151085679455979,0.49431174937863576,-8.000983840247768,-14.378622671286115,6.377638831038347,242,0.9478722548467541,49,18.845612849670953,40.20202669930357
krishna_80.930_15.750,2024Q4,0.03949366250978225,0.07320572870838844,0.03979651283257468,0.31407846353285124,0.10119290146649111,0.7690242866460537,-0.6172742819104307,0.5466187127691489,-7.653649830944557,-13.851087674969072,6.197437844024515,443,1.0090097337301906,52,15.93720971288501,33.997733875817694
krishna_80.930_15.750,2025Q1,0.027726447514050057,0.06521428498257263,0.031695797435960425,0.3307403064808026,0.105616391673421,0.8170279021926893,-0.6587725892970475,0.5623941406881288,-8.14437157467165,-14.465257447594128,6.320885872922478,653,1.0090097337301906,51,19.08399259530681,40.71054552408635
krishna_80.930_15.750,2025Q2,0.042495055430123115,0.08650319131994091,0.048203833238562734,0.3386025412624881,0.11966566765620201,0.7385308574975856,-0.5813657782330992,0.5569054350324706,-8.401334643698839,-14.71115342572686,6.309818782028021,685,1.0090097337301906,54,13.68991568649033,29.20373883989177
krishna_80.930_15.750,2025Q3,0.031803532364469714,0.07973935754811576,0.042177426693224836,0.30464708590068124,0.11817490442015849,0.7406019632575738,-0.5788330298805372,0.4886128582059549,-7.627765781294391,-13.751304245299568,6.123538464005177,387,1.0090097337301906,52,12.818513754825988,27.34483809720744
krishna_80.930_15.750,2025Q4,0.04499353917630191,0.0751894683753376,0.04411552812762851,0.2923421317465443,0.1010587008194646,0.7222894778529083,-0.5698752280064338,0.5087069834661836,-7.357096794300024,-13.369739585718941,6.012642791418917,638,1.0090097337301906,54,14.200316260151682,30.29254065564338
krishna_80.930_15.750,2026Q1,0.05456789710779404,0.08201725688920004,0.04952482463290895,0.2959629052529517,0.10247847300325963,0.7193902825408974,-0.5682045943467541,0.5216381802028821,-8.312280033108838,-14.501091657883238,6.1888116247744005,739,1.0090097337301906,55,14.116768087633499,30.11431318758241
krishna_80.930_15.750,2026Q2,0.05522238584403281,0.08981721513378575,0.05407798543743181,0.3100698183500967,0.11669205212912315,0.7020359586576889,-0.5491720221349756,0.5167131419748389,-8.447410045456598,-14.6471634639655,6.199753418508902,696,1.0090097337301906,54,14.208435227514434,30.30986028039062
krishna_80.930_15.750,2026Q3,0.039457174413902264,0.07261364233701152,0.042225847551976996,0.28847123137280467,0.1135886988889571,0.7227869659050999,-0.5762999660261868,0.4779354450387558,-8.101488630818919,-14.480659711115782,6.379171080296864,408,1.0090097337301906,50,26.330383012852607,56.16876295450757
krishna_80.930_15.770,2019Q2,0.057527825766367974,0.08606475474674247,0.06588300943439936,0.24289504069020443,0.11278835648901836,0.5558955910881753,-0.45866534099038514,0.3561343223527372,-8.476885623122378,-15.125711685301884,6.648826062179506,597,1.030472462957786,68,13.170815921760083,28.096379648776264
krishna_80.930_15.770,2019Q3,0.050786617893894666,0.08237978126318508,0.06098434430693056,0.24616137298437898,0.11651753938010703,0.5875451369808727,-0.4841672800022497,0.370982591719379,-7.821249821501899,-14.553423017143812,6.732173195641913,382,1.030472462957786,62,16.80058957159272,35.839521691808734
krishna_80.930_15.770,2019Q4,0.039849459196807734,0.06913937568860928,0.04122112568423365,0.25970699945496084,0.09501151684234367,0.7023659087135853,-0.5564479649817219,0.4400824645752931,-7.630324285010564,-14.247539081994498,6.617214796983934,541,1.030472462957786,153,16.04971000479917,34.23772287353774
krishna_80.930_15.770,2020Q1,0.0577439190696642,0.08475394641057266,0.053865780734134026,0.2888869077879499,0.1108720865081369,0.6603393090594504,-0.5198280101951515,0.47497487022529994,-8.044237977496822,-14.711483991548807,6.667246014051985,718,1.030472462957786,75,15.298391783129903,32.6349883035262
krishna_80.930_15.770,2020Q2,0.055261240780910235,0.08882246232187413,0.05877702984721469,0.27979848738437885,0.11760039667800093,0.6302117385549441,-0.49618396777488916,0.43824858840999054,-8.196712687467825,-14.811108903084982,6.614396215617157,525,1.030472462957786,54,14.37976226532868,30.675340257267106
krishna_80.930_15.770,2020Q3,0.04483115014506104,0.0766627004385855,0.047818390544361794,0.25315389963615476,0.10790916217693959,0.6639867825485296,-0.5159781795226092,0.41965770328359253,-7.6060254998158054,-14.403458770216485,6.7974332704006795,279,1.027490448234088,55,11.870206962911208,25.32188159949108
krishna_80.930_15.770,2020Q4,0.0578240988805472,0.07899906430364854,0.051836485375409504,0.2502624115744205,0.09643924403518864,0.6392609073222268,-0.5040378401651978,0.42735141564558815,-7.548984198197867,-13.84444220061927,6.295458002421403,493,1.030472462957786,51,11.940551109781506,25.4719418439192
krishna_80.930_15.770,2021Q1,0.041308141051805636,0.07070428283858159,0.04935557757052896,0.2536430166574181,0.09846669136862413,0.6527764904259188,-0.5392914243747803,0.42493306413397125,-7.819792370093262,-14.502149040069083,6.682356669975821,651,1.030472462957786,46,14.22240312591163,30.33965702028847
krishna_80.930_15.770,2021Q2,0.0646640173560509,0.09317084404282808,0.06457750927073501,0.2725256024686127,0.11962485198072223,0.59550676323773,-0.46910381233256326,0.4244592488509632,-8.081572067567938,-14.898435810801164,6.816863743233226,504,1.030472462957786,59,13.658810819984312,29.13738500551513
krishna_80.930_15.770,2021Q3,0.05571717843332054,0.08665167005021863,0.05950361072437448,0.2586191721734369,0.1128035001958447,0.6105477102243716,-0.4831033558752639,0.4083947280616929,-7.592366455030069,-14.2920960356685,6.699729580638431,314,1.030472462957786,55,13.71209707641797,29.251056846327106
krishna_80.930_15.770,2021Q4,0.034357033195410606,0.06414834158195189,0.03768882213365385,0.27379714144474226,0.09819048082077977,0.7294921603248952,-0.5904948197418189,0.46379908281385446,-7.690224283750805,-13.967535679007943,6.277311395257138,501,1.030472462957786,50,19.357504619781025,41.29400958005548
krishna_80.930_15.770,2022Q1,0.03175554414121813,0.064994887262184,0.040499985517315554,0.29301040635010933,0.10637689977228537,0.7345235358494269,-0.6153649609923749,0.48156338132511756,-8.032766962776543,-14.53677594280942,6.504008980032877,646,1.030472462957786,54,27.62656095060206,58.93380861665283
krishna_80.930_15.770,2022Q2,0.048356241954976474,0.08601739919264503,0.05512302855116757,0.3050888775249486,0.11897539444890776,0.6716701417897505,-0.534867619497427,0.4783919938512561,-8.161755610780867,-14.96640900559209,6.804653394811224,546,1.030472462957786,50,14.958542114445363,31.910010794798282
krishna_80.930_15.770,2022Q3,0.05096080156657098,0.08753531673105028,0.05374788172745934,0.30745375365976724,0.11877034348149476,0.6956076129584123,-0.5489620790823112,0.49795691617090315,-7.50323241726398,-14.060922080370988,6.557689663107007,347,1.030472462957786,49,17.324745264807454,36.95766634124521
krishna_80.930_15.770,2022Q4,0.04442358044050125,0.07311301251346623,0.04175820162498599,0.2810406976852015,0.09977132802297209,0.7199739638463456,-0.5722342564091857,0.4865452294651569,-7.559594061461771,-14.013466311659142,6.453872250197371,495,1.030472462957786,50,14.38785447214879,30.692602795621962
krishna_80.930_15.770,2023Q1,0.028262128679224258,0.06241266792385393,0.03499781040821635,0.3055493576266689,0.1076941416566837,0.7766174804169937,-0.6462078648252034,0.5091277804725775,-8.446296607009764,-14.643279231471706,6.196982624461942,681,1.030472462957786,51,28.115626385030247,59.97709767333808
krishna_80.930_15.770,2023Q2,0.03396095170786836,0.07484806644728201,0.04919507787155698,0.29899872118888104,0.11757510636006924,0.6988984179003783,-0.5841803386779405,0.46464269838597494,-8.670793861942078,-14.950692939810256,6.279899077868178,509,1.030472462957786,54,16.181762734847535,34.51942171885881
krishna_80.930_15.770,2023Q3,0.038929266188366965,0.07515060859698323,0.04683949120049442,0.26737498343264615,0.110947866844634,0.6942156429992664,-0.5604571379471461,0.44510444446601277,-8.089540880809636,-14.530040739320963,6.440499858511327,357,1.030472462957786,51,16.503516519316385,35.2057965445013
krishna_80.930_15.770,2023Q4,0.04068516267123643,0.07002776396347193,0.04674323182828525,0.27274581744254206,0.11026456878702971,0.6898261194936618,-0.5736586106330454,0.4521680007410941,-8.000108425237165,-14.316802263938413,6.316693838701248,574,1.030472462957786,46,24.157613368437158,51.5337455659512
krishna_80.930_15.770,2024Q1,0.0395306949596639,0.07469437639200703,0.045908268606820894,0.308953099433869,0.11218200144889483,0.7323465367893075,-0.6039406611644919,0.5019239449963379,-8.732305714350868,-14.818451828919292,6.0861461145684235,680,1.030472462957786,48,20.4568681899737,43.63920492889759
krishna_80.930_15.770,2024Q2,0.03631175012248698,0.07674375344929815,0.045492644981398975,0.30880826668173234,0.11746199441791473,0.7190642955324291,-0.5805393246922533,0.4966742441593169,-8.658225650672973,-14.989877572706119,6.331651922033146,513,1.030472462957786,40,15.84100351309891,33.79250392424799
krishna_80.930_15.770,2024Q3,0.03858446769799657,0.07422103937685119,0.045818278960546854,0.29187701397454396,0.11012249195154276,0.7145142277510994,-0.5820233985672955,0.47957667074311927,-8.121548788588996,-14.561983771282577,6.440434982693581,242,1.030472462957786,49,17.987578002042536,38.3716410212972
krishna_80.930_15.770,2024Q4,0.047585436374161745,0.0759154271559939,0.04538263045553873,0.2908056423718434,0.09636913808422892,0.7255271819694619,-0.5825410441694826,0.504273720686142,-7.888533968700514,-13.994256434424873,6.105722465724359,443,1.030472462957786,52,14.384652141369001,30.6857714875326
krishna_80.930_15.770,2025Q1,0.026205966096943575,0.061241464983524556,0.031084015201190546,0.3025067258447583,0.10024074403467938,0.7942170879437492,-0.6426723225348185,0.5143845698006014,-8.417101044632183,-14.599610634879292,6.182509590247109,653,1.030472462957786,51,20.13123069287028,42.94454525095167
krishna_80.930_15.770,2025Q2,0.04297989808538869,0.08282457430359637,0.049737286321494996,0.3147150596426003,0.11610917953198775,0.7051342289080308,-0.5643170668636787,0.5103650643921528,-8.643736406301185,-14.909201739433449,6.265465333132264,685,1.030472462957786,54,12.027761563645946,25.65798180041644
krishna_80.930_15.770,2025Q3,0.031660807270040586,0.07537058151023694,0.04314411620611428,0.27857910162209715,0.11027406561141996,0.7093627209741046,-0.5583835646876115,0.44727271466953583,-7.8972828837638795,-14.00298533267473,6.10570244891085,387,1.030472462957786,52,15.764893872944834,33.63014455658211
krishna_80.930_15.770,2025Q4,0.04314265606677185,0.07269859316930322,0.04388051029078899,0.2878548541920707,0.09844262507082588,0.7185627330061057,-0.5737155818468591,0.4966967602797081,-7.682686654191744,-13.635910861536706,5.953224207344962,638,1.030472462957786,54,14.592782200668392,31.129760773931835
krishna_80.930_15.770,2026Q1,0.05349572100253377,0.08107420962376147,0.04961437231073127,0.2873729182734453,0.10016657975585497,0.701600775904857,-0.5577312766952848,0.5002363387788499,-8.630275443392232,-14.636455534659344,6.006180091267112,739,1.030472462957786,55,13.428322494452628,28.64570039484118
krishna_80.930_15.770,2026Q2,0.06009499867171489,0.09432715185012587,0.06089925936448548,0.30374597344760274,0.12044092269941119,0.6603556405303914,-0.5214650801896881,0.4892561204534501,-8.665897777631065,-14.788520311865199,6.122622534234134,696,1.030472462957786,54,13.965000470428707,29.79055795353263
krishna_80.930_15.770,2026Q3,0.03945287223858352,0.07190607496767533,0.04459822992486375,0.2779936316089555,0.11361670982677215,0.6867782618779885,-0.5540436121701383,0.44180392758694725,-8.324464673841598,-14.691840857203523,6.367376183361925,408,1.030472462957786,50,19.750565521164166,42.13249888671303
krishna_80.930_15.780,2019Q2,0.060709906335544704,0.09044169776283498,0.07196267490055988,0.23564736508084577,0.10753854826201352,0.5053105482055978,-0.4181336978929874,0.3298864874774537,-7.728950464831092,-14.580409288786777,6.851458823955685,597,1.0128075186584355,68,14.708334770233071,31.376260981904295
krishna_80.930_15.780,2019Q3,0.051960852303022366,0.08373578103839877,0.06583247198838969,0.22793892383773176,0.11758471788435314,0.5320831761436309,-0.44599142702579037,0.3202885724150883,-7.1486965911733,-14.129203872388343,6.9805072812150435,382,1.0128075186584355,62,16.70999091159987,35.6462539123522
krishna_80.930_15.780,2019Q4,0.0450264457977981,0.07504005771469723,0.046156041498611494,0.2546764825573031,0.09091586713137213,0.669127167057023,-0.5250574006986942,0.42039439074581947,-7.1209546426974395,-13.977949171137599,6.856994528440159,541,1.0128075186584355,153,11.417897617295525,24.357001734143328
krishna_80.930_15.780,2020Q1,0.052387319959820836,0.0838339788860293,0.05530491686594581,0.2807788869448276,0.11009417543366584,0.6304136362190672,-0.4990926440489018,0.44549633206117706,-7.458030958354565,-14.201704439833478,6.743673481478912,718,1.0128075186584355,75,14.260603112131715,30.42114637689274
krishna_80.930_15.780,2020Q2,0.05562616843845145,0.0912353455722991,0.06310568884322562,0.27301734400044536,0.11786732161461676,0.6045829330577055,-0.4735992710117872,0.4092897222180942,-7.524233067434509,-14.311985395300583,6.787752327866074,525,1.0128075186584355,54,14.54924700380301,31.0368901859227
krishna_80.930_15.780,2020Q3,0.04714488030432132,0.07930362299942494,0.05324237584905108,0.23529549310833864,0.09546364576265366,0.6022379764460298,-0.461357655943955,0.3717638447736853,-7.022391359784633,-14.144545324535747,7.122153964751114,279,1.0128075186584355,55,12.082447429252028,25.7746393295033
krishna_80.930_15.780,2020Q4,0.055854191715389995,0.07989954042389943,0.053157530650860346,0.24154834059795907,0.0881726427360559,0.6092878161036913,-0.46838619493853595,0.40132026892655154,-7.298959331008666,-13.871668905631992,6.572709574623326,493,1.0128075186584355,51,11.958786747452498,25.51084265326809
krishna_80.930_15.780,2021Q1,0.043944259848279425,0.07766314858857234,0.05351609697577427,0.27111784484718354,0.096571580572403,0.6532654266460604,-0.5362332590431568,0.44153701563486497,-7.191844874598928,-14.150591944826873,6.958747070227945,651,1.0128075186584355,46,11.041964842799755,23.55505066160572
krishna_80.930_15.780,2021Q2,0.07133420400538418,0.10336815181463184,0.07159481981472281,0.28769652268559076,0.11646414595790942,0.5789388740052738,-0.45273415546641954,0.4425551857405479,-7.479494386098095,-14.475601748426971,6.9961073623288765,504,1.0128075186584355,59,13.461862264905056,28.717248439363413
krishna_80.930_15.780,2021Q3,0.05730289902233599,0.09222717199567343,0.06255793005651704,0.2596196419635723,0.10616151668955662,0.5951556655946602,-0.4578184797229875,0.40154203008377637,-6.964107700479972,-14.018890306839873,7.054782606359901,314,1.0128075186584355,55,11.64894839408907,24.849886182722628
krishna_80.930_15.780,2021Q4,0.03422847504422081,0.0668334921361058,0.03844888086745253,0.2651186530821872,0.09034461652366611,0.7180824962954664,-0.5670362565817292,0.4462352879607621,-7.294298510132043,-13.856914015377242,6.5626155052451995,501,1.0128075186584355,50,20.71375349084869,44.187200359283146
krishna_80.930_15.780,2022Q1,0.03835521298205621,0.07242854352561137,0.045251329207550824,0.2949812333996193,0.1070225847379317,0.7153052324972055,-0.5898791697495422,0.4765199523013296,-7.400311900580246,-14.142651027044584,6.742339126464338,646,1.0128075186584355,54,20.30849985861214,43.32270115338718
krishna_80.930_15.780,2022Q2,0.041389669415938066,0.08588726768214161,0.052741364792723906,0.31184828699810513,0.11213225192788126,0.6835361030186844,-0.5349774376307056,0.4879363493518181,-7.556130787655542,-14.59782054935369,7.041689761698148,546,1.0128075186584355,50,12.536323103460822,26.742860533995735
krishna_80.930_15.780,2022Q3,0.04854417852398528,0.08804141422109771,0.05909702190982822,0.27828287228871723,0.10843245254466016,0.6594256117337015,-0.520477544807814,0.4531976424252431,-7.129783890723092,-13.966371906260433,6.83658801553734,347,1.0128075186584355,49,13.41043222234853,28.60753632968056
krishna_80.930_15.780,2022Q4,0.051521687590078656,0.08097881275727431,0.04688515208213274,0.28593083976695366,0.0946920974727702,0.7004101001508114,-0.5395921168267425,0.4936593589138964,-7.317962313125447,-14.093542421734735,6.775580108609288,495,1.0128075186584355,50,13.863573339173666,29.57419055432544
krishna_80.930_15.780,2023Q1,0.02828687546343176,0.06797213853785289,0.03762687624879385,0.3161200061811119,0.10640727734568059,0.7723962639450966,-0.6329603377720255,0.5152773158022811,-8.136461422871806,-14.509551212564295,6.373089789692489,681,1.0128075186584355,51,21.90580714478899,46.73012497547822
krishna_80.930_15.780,2023Q2,0.02831932860932157,0.07626873971734298,0.04716666997845193,0.3120455387249435,0.11458683765432257,0.7218844409491549,-0.590362764747365,0.48098414367462616,-8.309625903719118,-14.737250635202653,6.427624731483535,509,1.0128075186584355,54,19.202638883028683,40.963645344443286
krishna_80.930_15.780,2023Q3,0.04044536274717277,0.08163709993006793,0.049954384857191635,0.270309830630108,0.1098176846554123,0.6892179072715717,-0.5466314926089216,0.44358030970855017,-7.802752730937856,-14.376607877608567,6.573855146670711,357,1.0128075186584355,51,12.59893460315218,26.87642526348233
krishna_80.930_15.780,2023Q4,0.04110851627610538,0.07280576439534145,0.04735361351751909,0.27861181450732814,0.10957363564583687,0.6945007248828104,-0.5685128309957003,0.4592116156588295,-7.69910988685191,-14.185443879570116,6.4863339927182055,574,1.0128075186584355,46,25.2485178659481,53.86089576717646
krishna_80.930_15.780,2024Q1,0.03884915045628845,0.07745567730614515,0.045569336259984244,0.3068693612841218,0.11006155703908697,0.7370025706186067,-0.5958694531164076,0.5028718731030991,-8.374569586990269,-14.600715888688834,6.226146301698565,680,1.0128075186584355,48,14.7680298499067,31.503604316716473
krishna_80.930_15.780,2024Q2,0.035394787694688214,0.07943056320083411,0.04471687782296792,0.315828046530849,0.11641289391523128,0.7241087362882783,-0.574645065631983,0.5029293735356156,-8.360451117943589,-14.642358649301979,6.2819075313583905,513,1.0128075186584355,40,12.611043943539324,26.902257271676394
krishna_80.930_15.780,2024Q3,0.0467139134382292,0.08256213781114459,0.05211461822220447,0.2849081560681512,0.11172620675692621,0.6840462917376168,-0.5455118677694161,0.4667343606417208,-7.828192965024207,-14.30477699468246,6.476584029658253,242,1.0128075186584355,49,14.03778460659341,29.945823256323262
krishna_80.930_15.780,2024Q4,0.047262696453066536,0.07792808819686127,0.044415870599072614,0.2966096771279891,0.0955164606409211,0.7317437733849997,-0.5737275462855519,0.5137068432035312,-7.764109415388269,-13.943314828780522,6.179205413392253,443,1.0128075186584355,52,13.65529183403986,29.129878199128854
krishna_80.930_15.780,2025Q1,0.026978210558400318,0.06665860160395636,0.03248342524096455,0.31416873674205403,0.10119521527836974,0.7997633177386964,-0.6359543011188225,0.5281890337413885,-8.055082097616694,-14.45649661150869,6.4014145138919964,653,1.0128075186584355,51,19.15537460334762,40.862819765099246
krishna_80.930_15.780,2025Q2,0.0453627764153988,0.08940934686348524,0.052663047871258625,0.32967277744262347,0.11882693008903787,0.7101444485323529,-0.5588652274344035,0.5291507433730828,-8.210415245035854,-14.662056955158176,6.451641710122322,685,1.0128075186584355,54,13.69266760860617,29.209609322706942
krishna_80.930_15.780,2025Q3,0.03368887161866987,0.08077614903921355,0.04553334909461722,0.2821446919937431,0.11234817043885796,0.7033139817045281,-0.5448476937948417,0.44505771097882174,-7.604898656877261,-13.857216674998892,6.25231801812163,387,1.0128075186584355,52,13.754841497044566,29.34224052674038
krishna_80.930_15.780,2025Q4,0.0481821514141749,0.08170673989672736,0.04755048798549954,0.29505312040223997,0.09944247278890789,0.7186170209601641,-0.5621557505408371,0.5109206509227425,-7.622919702928703,-13.674684133389142,6.051764430460439,638,1.0128075186584355,54,13.384093857033964,28.551350538640563
krishna_80.930_15.780,2026Q1,0.05323977814416571,0.0827597104325759,0.04986013199425011,0.29607566093834453,0.10108025496213027,0.697468317731838,-0.5502656922722623,0.512332001155919,-8.416029090676592,-14.588968270607467,6.172939179930875,739,1.0128075186584355,55,14.416965829717313,30.75470401692786
krishna_80.930_15.780,2026Q2,0.05923131583495023,0.09800216136599883,0.06052047326660416,0.3233576685155098,0.12395917990315536,0.6762678916419089,-0.5259218636043852,0.5159650542677839,-8.437172777581349,-14.689866038988871,6.252693261407522,696,1.0128075186584355,54,14.182173501029004,30.253837977600103
krishna_80.930_15.780,2026Q3,0.03924025396668544,0.07613530767457974,0.04649767907655115,0.2890045694432002,0.11684460970150726,0.6926513648005302,-0.5522540942232977,0.4576736583674038,-8.09106849976852,-14.532128039564816,6.441059539796296,408,1.0128075186584355,50,18.747920657523636,39.99362678424915
krishna_80.940_15.730,2019Q2,0.05759517101404818,0.08787795125941457,0.06057496487621403,0.2695319844832113,0.11271297950765627,0.6161072908383893,-0.4941532787215301,0.41918937035313275,-9.18005933379122,-14.77159681689977,5.591537483108549,597,1.0257832898172323,68,12.79275063547198,27.289879438107892
krishna_80.940_15.730,2019Q3,0.048022355292541216,0.08418962972870273,0.05525349297380333,0.2847027582368377,0.11176405521275731,0.6618921073327501,-0.5319254873240941,0.45343811527810657,-8.492668919468109,-13.99219430004391,5.4995253805758,382,1.0257832898172323,62,14.692672377424612,31.34284949569351
krishna_80.940_15.730,2019Q4,0.04094415718239837,0.07377884336508386,0.040608639324862215,0.2971541684619534,0.09785473644165567,0.7411057254495401,-0.5875622767905501,0.511920272605141,-7.936146382534959,-13.651418768503849,5.715272385968889,541,1.0257832898172323,153,15.8222513242765,33.752501192486356
krishna_80.940_15.730,2020Q1,0.05124989159251033,0.08229150162851422,0.04642208894288641,0.3140789042081551,0.10411464108989443,0.726862897408202,-0.5707484595593822,0.5368057662304434,-8.613848238661973,-14.313903090127198,5.700054851465225,718,1.0257832898172323,75,13.076976180903525,27.89619789838883
krishna_80.940_15.730,2020Q2,0.052878358203767635,0.08845003962825408,0.05304448738459333,0.31370474681194294,0.11841687814768698,0.6918311079069982,-0.5451005302689241,0.5111011818454507,-8.986226397821891,-14.63172428156387,5.645497883741978,525,1.0257832898172323,54,12.878271865797307,27.472315892274793
krishna_80.940_15.730,2020Q3,0.038907784845206475,0.07792072107889575,0.041020771318584,0.2988023255625915,0.1086101717051045,0.7386335485741864,-0.5687486543057841,0.5091553312941938,-8.389067890199657,-14.116123623124953,5.727055732925296,279,1.0222748041775458,55,12.085450678554949,25.781045951013777
krishna_80.940_15.730,2020Q4,0.04673917536294336,0.07528086370798696,0.044008170741122586,0.2925791755872207,0.09868880821296118,0.7213744810057551,-0.5722351776634891,0.5059958847285488,-7.57940392485891,-13.169779782182731,5.590375857323822,493,1.0257832898172323,51,14.616138038082966,31.17958414697973
krishna_80.940_15.730,2021Q1,0.04269751485312344,0.07641182526449071,0.04889650638073851,0.29795426502610173,0.1002707710252422,0.7030106021728489,-0.5745009030682823,0.5053710755574476,-8.678638517988713,-14.240863388929494,5.562224870940781,651,1.0257832898172323,46,12.343773794833504,26.33210857235268
krishna_80.940_15.730,2021Q2,0.06433886631078278,0.09412322458320235,0.06040453712174175,0.3018282645091729,0.11408564266618938,0.6474005869643792,-0.5045658091822012,0.4899364301609156,-9.188845926586593,-14.821420391556725,5.632574464970132,504,1.0257832898172323,59,13.41361125300107,28.614317933239477
krishna_80.940_15.730,2021Q3,0.04875584742905066,0.08532539184263342,0.05248394134243953,0.29359755934899306,0.11156101113825778,0.6795320572168262,-0.5372478471443389,0.481296813109928,-8.34735258063349,-14.021584423914092,5.674231843280602,314,1.0257832898172323,55,14.083660929919706,30.043688005532616
krishna_80.940_15.730,2021Q4,0.03059737181486999,0.06370621383033197,0.032817918214040634,0.32146322047446396,0.10063079424235338,0.7953629438778529,-0.6441459847985651,0.549910086676983,-7.827858382379485,-13.41156998971638,5.583711607336895,501,1.0257832898172323,50,16.417304051200276,35.02188552114197
krishna_80.940_15.730,2022Q1,0.031098853482397992,0.065824771768682,0.03629172336187901,0.3272217229932412,0.10257129088704899,0.7767390742440304,-0.6393388414156607,0.5535960674781273,-8.842123851578128,-14.44861612397964,5.606492272401512,646,1.0257832898172323,54,21.5248641139205,45.917485873738634
krishna_80.940_15.730,2022Q2,0.02889854848355345,0.07196132141931931,0.03653222537046819,0.338457509457974,0.11247379544311686,0.7733229813669398,-0.6194662951278322,0.5545992236124416,-9.128429022436976,-14.827282146301153,5.698853123864177,546,1.0257832898172323,50,15.168932450569661,32.35882177152872
krishna_80.940_15.730,2022Q3,0.03674301594454442,0.0757808408839958,0.040630493821227215,0.33359597441506467,0.10797632863335743,0.7626423600512571,-0.6045577600665223,0.5575163295913149,-8.349769919185409,-14.060853897199074,5.711083978013665,347,1.0257832898172323,49,20.906303163859313,44.5979530982396
krishna_80.940_15.730,2022Q4,0.045978307407070276,0.07370888334069703,0.03905874030896937,0.3474133670185834,0.0995762827388908,0.7727641730861268,-0.6209277918967675,0.6040081596763023,-8.07729076591464,-13.723161304987517,5.645870539072877,495,1.0257832898172323,50,16.543903276819254,35.29195078720914
krishna_80.940_15.730,2023Q1,0.02583675731751394,0.0626536447521857,0.030694619258106987,0.3447827948355646,0.10308903609893251,0.8129243191413189,-0.6688228211689037,0.5714642885761563,-8.95523989080564,-14.467218207484855,5.511978316679215,681,1.0257832898172323,51,16.74934742104585,35.73021039899764
krishna_80.940_15.730,2023Q2,0.036358212867839815,0.076267197860747,0.041183334002808325,0.3434794417440945,0.11377326746472492,0.7579423975116952,-0.6086557669372706,0.5543717075144211,-9.527006805100399,-15.024191887147166,5.497185082046768,509,1.0257832898172323,54,20.708556986373104,44.1761150200407
krishna_80.940_15.730,2023Q3,0.03554880054553578,0.07330114184247302,0.03961138248844038,0.3132632711315059,0.10990158556344705,0.7581826186690236,-0.6107686781435487,0.5262097786932105,-8.815220033684772,-14.472555523262455,5.657335489577683,357,1.0257832898172323,51,19.492705906403344,41.582425020716805
krishna_80.940_15.730,2023Q4,0.039343345665856774,0.07217921487949129,0.04206770580370816,0.3239346570232181,0.10933371987835104,0.7507870865134774,-0.617668351712688,0.546867547315393,-8.457516093592876,-14.036719297661111,5.579203204068236,574,1.0257832898172323,46,32.76247842767991,69.88990185627962
krishna_80.940_15.730,2024Q1,0.029813359287188833,0.06800084648090969,0.035437904474559204,0.3388605174299739,0.10459028828021576,0.7875526685199907,-0.6438245509160372,0.5600298632236778,-9.308222127326172,-14.841136861676054,5.532914734349882,680,1.0257832898172323,48,13.092010378695646,27.928269300144915
krishna_80.940_15.730,2024Q2,0.031110544640382116,0.07211196899273867,0.03656741067681777,0.3297268507397171,0.11183874264901,0.7727650185848522,-0.6177482166190897,0.5425208694485092,-9.451555326439475,-14.892085724604367,5.440530398164892,513,1.0257832898172323,40,14.560775417022501,31.06148294285491
krishna_80.940_15.730,2024Q3,0.07836805971154581,0.11141159867385043,0.07219517132715915,0.3553388235907893,0.1297614022366481,0.6612186874762976,-0.5212041626997709,0.5963150306485911,-8.825487212411636,-14.358958157492003,5.533470945080367,242,1.0238250652741514,49,18.261036029141145,38.95498988844477
krishna_80.940_15.730,2024Q4,0.035750286503441364,0.06984008400475941,0.03778669958500634,0.3433473451394777,0.09724361641745266,0.7823327553191468,-0.6453490192292024,0.5896164822946629,-8.208321234865517,-13.660149555817423,5.451828320951906,443,1.0257832898172323,52,15.321963105586734,32.68527135573079
krishna_80.940_15.730,2025Q1,0.025504197499659282,0.06081306619043711,0.02868035030648625,0.3354759495589162,0.09677514747786076,0.8175930785019401,-0.6676531074773939,0.5719861418662497,-9.050670560299112,-14.642707055923994,5.592036495624882,653,1.0257832898172323,51,12.413811990819337,26.481516153175534
krishna_80.940_15.730,2025Q2,0.03792147023587833,0.07956489781857756,0.04397855808077681,0.3404126556354192,0.11271630362709753,0.7463694824162438,-0.5998457159461098,0.5631482264296499,-9.55279351651691,-15.047463212730294,5.494669696213384,685,1.0257832898172323,54,16.231294041898487,34.62508338899911
krishna_80.940_15.730,2025Q3,0.028468168255072198,0.07462376129283964,0.03795153581540869,0.3385378313529293,0.10838282141883357,0.7727063849467543,-0.6201801687426755,0.5484619581251469,-8.62102845394527,-13.982543060587364,5.3615146066420944,387,1.0257832898172323,52,14.873609155812828,31.728829259454596
krishna_80.940_15.730,2025Q4,0.041967633975464026,0.07353047187240958,0.04018413690650686,0.33410164188214003,0.09791191002369655,0.770008931991128,-0.6258672493484139,0.5748972466114037,-7.6129506569407965,-13.299353410578627,5.6864027536378305,638,1.0257832898172323,54,16.946660234574413,36.15112401220118
krishna_80.940_15.730,2026Q1,0.054612733324883395,0.0803177582771013,0.04748939854783491,0.320286668471381,0.0965740983406614,0.7268504268017733,-0.5821213864962631,0.5592099887153359,-9.06518672921164,-14.540593835924287,5.475407106712648,739,1.0257832898172323,55,14.67491843871814,31.304976261026706
krishna_80.940_15.730,2026Q2,0.05049081586850348,0.08346303106780557,0.0482784189062254,0.31859895138764344,0.1091381104724207,0.7137046964080401,-0.566287157661657,0.5329296815178988,-9.375650886149536,-14.871948036676397,5.4962971505268605,696,1.0257832898172323,54,11.809828350819062,25.19308013281775
krishna_80.940_15.730,2026Q3,0.03902507321845696,0.0722551203094497,0.04083287594798365,0.3171422003035684,0.10884114983618834,0.7452810629853363,-0.6027274034020277,0.5226224859741138,-9.181169335404768,-14.844931647929716,5.663762312524948,408,1.0257832898172323,50,29.290518787993314,62.483413394110976
krishna_80.940_15.770,2019Q2,0.06084419700868729,0.08974101168241282,0.07103760889393733,0.24270508771717425,0.11314998299108808,0.5263401496833855,-0.4400747898171573,0.3431562389554668,-8.296286114361607,-15.186751139095144,6.890465024733537,597,1.043245055313443,68,14.324409927381645,30.557260989388343
krishna_80.940_15.770,2019Q3,0.05435373914365198,0.08558359684852741,0.06713944758316001,0.2386630706753747,0.1172128202026122,0.5369890682091745,-0.4491371852425296,0.3414152467631319,-7.786164059615155,-14.72126995022563,6.935105890610474,382,1.043245055313443,62,17.63335614105967,37.616004320792726
krishna_80.940_15.770,2019Q4,0.045066465519248505,0.07272954192954938,0.04670105695504604,0.2602616621391287,0.09452191068569478,0.6674101254402788,-0.5388851008074698,0.42382847302299276,-7.6336919294304835,-14.51313379608266,6.879441866652176,541,1.043245055313443,153,13.285531873751763,28.341095159043476
krishna_80.940_15.770,2020Q1,0.05935374646024836,0.08643475269954166,0.05881604763431204,0.2860598884194431,0.11596360426602227,0.630415407371921,-0.5074585757458199,0.4577690354018392,-8.094346429942886,-14.882127259780635,6.787780829837748,718,1.043245055313443,75,17.607913260491383,37.56172880467803
krishna_80.940_15.770,2020Q2,0.06149564379090404,0.09401394838737294,0.06681001098446059,0.2730581245817188,0.11968305692058517,0.5829947700859618,-0.46424185450855643,0.4125085575420422,-8.054603857708377,-14.913399599626684,6.858795741918307,525,1.043245055313443,54,13.460244971759693,28.713798381106926
krishna_80.940_15.770,2020Q3,0.0472940739227034,0.07784202449556005,0.05327132206220098,0.24016153652171043,0.10131862053177113,0.6119009752661851,-0.4837144018435894,0.3821928569212562,-7.501673223195011,-14.49432846991694,6.992655246721929,279,1.042239356352665,55,11.822888145883727,25.220939679443546
krishna_80.940_15.770,2020Q4,0.05764895721469283,0.07875152606853784,0.054728581328262194,0.25086007436278446,0.09203667472648666,0.603938925242227,-0.47857961558336226,0.4132330828834295,-7.55814442522393,-14.095057599347385,6.5369131741234545,493,1.043245055313443,51,12.042410972906527,25.689232359733392
krishna_80.940_15.770,2021Q1,0.051772225991369866,0.07881153694958674,0.057105623086373986,0.2635463466903623,0.09567905621464497,0.6246240935489171,-0.5196443808534751,0.4297479345747666,-7.483304588001927,-14.573212966635033,7.0899083786331065,651,1.043245055313443,46,11.539773571578865,24.61699117609918
krishna_80.940_15.770,2021Q2,0.07069633927425747,0.09774077877370393,0.0714542993766921,0.2780968318616063,0.11645590200851771,0.5594809417748002,-0.44676244260220493,0.4219555459282898,-7.797152910391743,-14.93485728410639,7.137704373714646,504,1.043245055313443,59,12.551318871000712,26.77484995518485
krishna_80.940_15.770,2021Q3,0.05711966517752818,0.08993248878533965,0.06331871537175914,0.2664953473861146,0.11369679310387842,0.5952941344021543,-0.47381567834324434,0.4054363426334389,-7.353748256520945,-14.401204422607176,7.0474561660862305,314,1.043245055313443,55,14.503175310448976,30.938608667509072
krishna_80.940_15.770,2021Q4,0.041047788439956975,0.06982761343337832,0.04349030853682804,0.27827683498564376,0.09253569403425523,0.6985109487287752,-0.5666603044412674,0.46128234579085675,-7.51226812731352,-14.12406805964146,6.611799932327939,501,1.043245055313443,50,15.198601066668516,32.42211175344928
krishna_80.940_15.770,2022Q1,0.03173687518317228,0.06686228085094018,0.042209300909553445,0.3030910254941004,0.10687683433060075,0.7371634354775218,-0.6238903143856392,0.48983107750503985,-7.663917554592255,-14.535980817243171,6.872063262650916,646,1.043245055313443,54,27.29270697795855,58.22162130659052
krishna_80.940_15.770,2022Q2,0.04994559779925747,0.09092088576431868,0.059014889422533814,0.30659410531634,0.11713859752123298,0.6440948041566976,-0.5104141896283299,0.47018886662528847,-7.8449273277484854,-14.927628175470167,7.082700847721681,546,1.043245055313443,50,15.261789800949806,32.55690785708016
krishna_80.940_15.770,2022Q3,0.04380614528395488,0.07994425727154784,0.05054224212004847,0.2906783162773414,0.11102237791315898,0.6875325251503237,-0.5552454842647268,0.46538545004650417,-7.247414079181134,-14.142230251162783,6.894816171981649,347,1.043245055313443,49,13.808759763140309,29.4572605895238
krishna_80.940_15.770,2022Q4,0.05167067676968997,0.07685683501836585,0.046895248560824145,0.27205859788795417,0.09246992893444922,0.6799857519221029,-0.5357395643428504,0.46746364265677315,-7.489819113835714,-14.150720200893161,6.660901087057447,495,1.043245055313443,50,13.170282904210422,28.095242599748804
krishna_80.940_15.770,2023Q1,0.033968322498436294,0.06868518180911265,0.041561727897712376,0.3129165708797926,0.10792818493651082,0.7533241439792259,-0.631244531729147,0.5093641204586369,-7.945855385842093,-14.578151789756582,6.632296403914489,681,1.043245055313443,51,32.07971130269509,68.43340254224825
krishna_80.940_15.770,2023Q2,0.03680797296572452,0.07827049785281097,0.052754993988363655,0.3116918667599503,0.11837634699657713,0.6898040876684891,-0.5790894215728917,0.4745008052872031,-8.28477466418746,-14.904938369667228,6.620163705479769,509,1.043245055313443,54,17.98211502807661,38.359987241343866
krishna_80.940_15.770,2023Q3,0.03536884114105143,0.07049054265029395,0.04507250332146514,0.26093654273702627,0.10380624372114342,0.6723416730260803,-0.550794978452795,0.4243968033755118,-7.690077111438571,-14.644093354778377,6.954016243339806,357,1.043245055313443,51,16.183684911358938,34.52352216345823
krishna_80.940_15.770,2023Q4,0.0460804061909316,0.07575049913175744,0.052121801570523194,0.28226114330700997,0.1112976782061793,0.6687099719043669,-0.5586694573341042,0.4629531908597732,-7.699678098228372,-14.446346201214798,6.746668102986426,574,1.043245055313443,46,20.668877790329116,44.09147016866378
krishna_80.940_15.770,2024Q1,0.04228220461121014,0.07912217376766388,0.05052694656521379,0.31988019841251225,0.11598106016556486,0.7127730291871252,-0.5928698809151083,0.5092377366587726,-8.29820075773892,-14.702436674197497,6.4042359164585765,680,1.043245055313443,48,16.49750920430965,35.192981559909484
krishna_80.940_15.770,2024Q2,0.03798055673024649,0.07911874012871847,0.048864664324934706,0.3179925765173885,0.12196758322830291,0.7119930532234799,-0.5827107795234437,0.4968198365255365,-8.163949004880545,-14.70296219157311,6.539013186692566,513,1.043245055313443,40,17.294603685285605,36.89336741956181
krishna_80.940_15.770,2024Q3,0.041526836354528224,0.07610590920787269,0.049881158333915154,0.28659533253548947,0.10636048171425358,0.684934458213359,-0.5645159174636559,0.45425299412973325,-7.65374111501091,-14.392097712289228,6.738356597278318,242,1.043245055313443,49,17.50553293506983,37.34332802307902
krishna_80.940_15.770,2024Q4,0.051298546796168895,0.079066852398416,0.05033601880280427,0.29563567935321,0.09521794163608967,0.7030208754341525,-0.5714573078206457,0.5057515554415157,-7.620408232410774,-14.066951776824489,6.446543544413715,443,1.043245055313443,52,15.084954230546128,32.179676913227915
krishna_80.940_15.770,2025Q1,0.029445640443394604,0.06390526989424071,0.03571094621784073,0.3076482595309995,0.10246807536248695,0.7738874000120787,-0.6368353843606855,0.5145311145430891,-7.995901032720375,-14.564275131533794,6.568374098813419,653,1.043245055313443,51,20.38859024987289,43.493552378736354
krishna_80.940_15.770,2025Q2,0.04456845144424022,0.08461307694437321,0.0527834940335459,0.3176101816264311,0.11558139566637432,0.69419572558321,-0.5620901946168937,0.5046788696736638,-8.20716589270682,-14.869589767444067,6.662423874737247,685,1.043245055313443,54,14.125711156306563,30.13339080996785
krishna_80.940_15.770,2025Q3,0.033384775207425485,0.07631138593100587,0.04467939626144931,0.2841804220490604,0.10795755134154134,0.7042695416248698,-0.5592331523992726,0.454520242644083,-7.708754586660182,-14.059425073239291,6.3506704865791095,387,1.043245055313443,52,15.118198728953393,32.25059507456525
krishna_80.940_15.770,2025Q4,0.04915481048947344,0.0789232432943626,0.04973605001999137,0.2951108577837544,0.0993805291341312,0.6983149071399355,-0.5638248206559057,0.503557192698537,-7.5412414384101565,-13.694582962924983,6.153341524514826,638,1.043245055313443,54,14.645533542537787,31.242291518947884
krishna_80.940_15.770,2026Q1,0.06171697259505924,0.0904734744513826,0.05996943555982348,0.29959396063457977,0.10144598210948823,0.6668592497657302,-0.5365517382762752,0.5128604528094176,-7.963721446318575,-14.494635488651394,6.530914042332819,739,1.043245055313443,55,18.823626716355353,40.155125220130735
krishna_80.940_15.770,2026Q2,0.058475475925161294,0.09490164882012288,0.06170437008149593,0.313288461417205,0.11903956358097777,0.6618740611303987,-0.5263836512718919,0.49565153331136924,-8.083407520553203,-14.697532107380216,6.614124586827012,696,1.043245055313443,54,16.52402033742627,35.24953590440784
krishna_80.940_15.770,2026Q3,0.039209316234774985,0.07541684985775866,0.04650027981818147,0.2862274553897598,0.11642300237045206,0.6865785531130555,-0.5561848110978593,0.4520129562769828,-7.8177339859485535,-14.58423219792573,6.766498211977176,408,1.043245055313443,50,19.14944527341102,40.85017114059858
krishna_80.950_15.750,2019Q2,0.06473955371712076,0.09046694169250159,0.06441702667296721,0.2858185358406449,0.11818440470497744,0.6164752944311565,-0.5010458390032329,0.4499085518494691,-9.520114691788091,-15.037271924946143,5.517157233158052,597,1.0,68,15.0862404497094,32.182420714533585
krishna_80.950_15.750,2019Q3,0.047393598921172,0.08166762266128581,0.054041949299176245,0.29344925531792965,0.11659246795932406,0.6797618351537412,-0.5547860829360741,0.47372834473812336,-8.683937366909273,-14.345966893369443,5.66202952646017,382,1.0,62,14.837793455897497,31.652426133924223
krishna_80.950_15.750,2019Q4,0.038409900330800203,0.06864714575029691,0.03631512807621741,0.3085534349915468,0.09902865432371458,0.7788368552600134,-0.6305057645409107,0.542634071748427,-8.061316420522918,-13.742006303667784,5.680689883144867,541,1.0,153,17.721055395299082,37.80308700091387
krishna_80.950_15.750,2020Q1,0.0510696766097144,0.07933954093096139,0.045311307594227856,0.3195077988865444,0.10757554691100578,0.7456109375909151,-0.598468760132257,0.5496206028674415,-8.712099299537375,-14.455453227641542,5.743353928104167,718,1.0,75,15.277179847113628,32.589738365258206
krishna_80.950_15.750,2020Q2,0.05659526458382718,0.08907575069987476,0.054289835465521075,0.32077458416434795,0.12138745646307407,0.7093366423545427,-0.5649364215121601,0.529273475396387,-9.199669020844217,-14.78365054918605,5.583981528341832,525,1.0,54,13.156429225111543,28.0656895158847
krishna_80.950_15.750,2020Q3,0.03726737057852891,0.07087670612258642,0.036775274060710114,0.30676493338378424,0.11150285133045336,0.7774500808311349,-0.616912155591069,0.5338363126534222,-8.626332033537675,-14.3206507680773,5.694318734539625,279,0.9998016856717898,55,21.421925275212892,45.6978936548424
krishna_80.950_15.750,2020Q4,0.03888602320775448,0.0655762471409605,0.036384232131796625,0.29654862801270665,0.09746015570104889,0.7354743489031017,-0.5928828915524823,0.526537296355394,-7.6634846653625575,-13.23918377588157,5.575699110519012,493,1.0,51,18.14377767214543,38.704850843550794
krishna_80.950_15.750,2021Q1,0.045789568760816475,0.07424073663034517,0.04819343623055184,0.31022926713150406,0.1047430819405604,0.7171313574807088,-0.5972544062700899,0.5316485168477856,-8.755636683325212,-14.43603995044004,5.680403267114828,651,1.0,46,21.438180317063267,45.73256939776888
krishna_80.950_15.750,2021Q2,0.0639426777983346,0.09307922786373922,0.06107398510237,0.318689082482733,0.12125039905861239,0.6594754614419841,-0.5285978400992131,0.5196409116369293,-9.23303855454403,-14.898295778118069,5.665257223574038,504,1.0,59,13.94739413583917,29.752999592396197
krishna_80.950_15.750,2021Q3,0.050598222530137814,0.08245668693030511,0.05234698292370861,0.30661910609044474,0.11449063018226992,0.7008537034251425,-0.5671957382501516,0.5124603219274949,-8.350385542434436,-14.02625765973889,5.675872117304454,314,1.0,55,14.073756285400428,30.02255912070476
krishna_80.950_15.750,2021Q4,0.027848629271438437,0.0590395357979134,0.030196918793476746,0.32950478662085636,0.10328819427867256,0.8251988533592329,-0.6858781141743919,0.5725402195841723,-7.59275829305031,-13.282734508871767,5.689976215821457,501,1.0,50,21.323652855438933,45.48825598080799
krishna_80.950_15.750,2022Q1,0.032071530411673495,0.0629544373929812,0.034907334555840296,0.33752045092520944,0.10425811819340798,0.805650787840379,-0.6762845087676947,0.5682441698842653,-8.847400738620273,-14.443041915575009,5.595641176954736,646,1.0,54,33.58953954145491,71.65421343601787
krishna_80.950_15.750,2022Q2,0.029611084996871855,0.06927208436947443,0.03511979251628738,0.34756758489346146,0.11429710614337651,0.8067445317223694,-0.6574306352277014,0.5819016678279364,-9.177228341979175,-14.846267266686892,5.669038924707717,546,1.0,50,16.401573080820217,34.98832774319811
krishna_80.950_15.750,2022Q3,0.03398693448226642,0.07088723196394209,0.03588823986564975,0.3514085870655835,0.11127163988340262,0.8095571594647373,-0.6581179346009747,0.5934930075326306,-8.295006770209813,-13.900441918244477,5.605435148034664,347,1.0,49,15.312954263063276,32.666053422594466
krishna_80.950_15.750,2022Q4,0.04695338535721332,0.07205975326516964,0.039345182474673446,0.3631694067539727,0.10466151382695149,0.7911118252590427,-0.6519495928676827,0.6267923290434194,-7.9505926855040245,-13.613079755570624,5.662487070066599,495,1.0,50,25.81827323218771,55.076315007099794
krishna_80.950_15.750,2023Q1,0.021500261215308073,0.055622962142742316,0.02564537347652098,0.35930188458011725,0.10301161448422703,0.8624113522834053,-0.7280528378513489,0.6000853705985573,-9.060925317975533,-14.53091518065638,5.469989862680848,681,1.0,51,21.76214176009493,46.42365366688731
krishna_80.950_15.750,2023Q2,0.03347593562286491,0.07222034185976041,0.04072743634365013,0.356472730614956,0.11616490227944218,0.7900428999359754,-0.6518302218723111,0.5765425225685314,-9.607558282372114,-15.019226378104456,5.411668095732342,509,1.0,54,19.389364048940983,41.361973070122374
krishna_80.950_15.750,2023Q3,0.031027094961900356,0.06560915339999587,0.03636114994999309,0.3130169011496555,0.1080923519310916,0.7779857093208375,-0.6410187153537686,0.540770269802669,-8.890500796662648,-14.465147515449267,5.574646718786619,357,1.0,51,23.692208915365637,50.54093082452545
krishna_80.950_15.750,2023Q4,0.03727840664709765,0.06671525886789184,0.040149684502138155,0.3336324564991927,0.10766026696296443,0.7774832540838044,-0.6582092527598783,0.5757317141036594,-8.430109182178244,-14.020665645481763,5.590556463303519,574,1.0,46,37.393833240651766,79.76964688395557
krishna_80.950_15.750,2024Q1,0.03449543809031512,0.06971412735202172,0.0385549198914416,0.35145892403877327,0.10620752893921445,0.7987650185775096,-0.6674281200786788,0.5873759106214174,-9.36219141964753,-14.817850390647545,5.455658971000014,680,1.0,48,17.0484498382389,36.36826464842637
krishna_80.950_15.750,2024Q2,0.03188998671176169,0.06922165994715476,0.03693372544146639,0.3446887905695126,0.11211663903634411,0.7997678447566638,-0.6615301849535954,0.5730863296428721,-9.553802857926609,-14.91944602568619,5.365643167759581,513,1.0,40,16.4482077460513,35.08781021010901
krishna_80.950_15.750,2024Q3,0.07360533511012414,0.10555465482869744,0.06988949798882167,0.3688470177473658,0.13762779351409554,0.6920497174466015,-0.5620917423466985,0.6082507149725691,-8.816314024889117,-14.283247874306324,5.466933849417208,242,0.8525532969757065,49,19.30907107149354,41.19068968184217
krishna_80.950_15.750,2024Q4,0.04478700792891673,0.07278545631106399,0.04164106348191886,0.3540935747449157,0.09709544042581929,0.7911108673438874,-0.6657689893366902,0.615881122966855,-8.055681046680448,-13.591012880835759,5.535331834155311,443,1.0,52,15.880128456189004,33.87596642659607
krishna_80.950_15.750,2025Q1,0.026925349851593068,0.0605613987472881,0.029516394566202534,0.34904655656823386,0.0979815496213069,0.8406169155325347,-0.7004349412309158,0.6021366164619141,-9.09001388533479,-14.58482964490738,5.494815759572591,653,1.0,51,12.406340218419723,26.465577144139505
krishna_80.950_15.750,2025Q2,0.03961463063479102,0.07592711981579911,0.042345965171567454,0.35372018530587696,0.11246459784495769,0.7773079625826274,-0.6365604291664759,0.5915057183025723,-9.56889313839385,-15.049035614615953,5.4801424762221025,685,1.0,54,22.74224453645238,48.51443831249632
krishna_80.950_15.750,2025Q3,0.02821029441965598,0.07076219277591418,0.03751113152111465,0.35379005233218197,0.11188488820839135,0.8010826480852763,-0.6626364218913179,0.5745625934926031,-8.526375442341656,-13.957175457155031,5.430800014813375,387,1.0,52,17.195505039642022,36.68196721571555
krishna_80.950_15.750,2025Q4,0.0456956873017502,0.07264256387441421,0.04235355396034772,0.3479431821805121,0.0986437855301092,0.7680673984128829,-0.6350942670502671,0.6102214715064422,-7.345653447702204,-13.132044303430035,5.786390855727832,638,1.0,54,15.935032518515678,33.9930894194732
krishna_80.950_15.750,2026Q1,0.05176340430179668,0.0765609844885504,0.045152440751914366,0.3287047615760358,0.09533678640030083,0.7588102032915787,-0.6221929108147918,0.582851192011987,-8.916745075563982,-14.405957947520942,5.48921287195696,739,1.0,55,14.631982900481928,31.213384882795058
krishna_80.950_15.750,2026Q2,0.051576079873854944,0.08346647623534942,0.0490038568354097,0.34260493965272726,0.11231730281769556,0.7513234993555992,-0.6098339471681942,0.5776950504547583,-9.406123657875217,-14.780844681661438,5.374721023786222,696,1.0,54,14.499153886001714,30.930030044235437
krishna_80.950_15.750,2026Q3,0.034565137728948904,0.06745206602633486,0.038085945393180144,0.3369482968728897,0.10828984322632293,0.7860186336564733,-0.6546921966515235,0.5532528137086943,-9.19101237924551,-14.705697403986886,5.514685024741375,408,1.0,50,28.352565434299528,60.482543161410796
krishna_80.950_15.760,2019Q2,0.0687558098580783,0.09258302403653915,0.07403542074455292,0.23470684143937592,0.10799499685527669,0.49234762515092245,-0.4066015647250305,0.3361291871806852,-8.375580142420407,-15.307634121794049,6.9320539793736415,597,1.0100695715855,68,14.453074545353854,30.831732212385205
krishna_80.950_15.760,2019Q3,0.054313027484039024,0.08599514571380272,0.06746523814262574,0.24572705526411845,0.1162929181474687,0.550081066506617,-0.4609088561767846,0.35688590359673744,-7.799730023869534,-14.735582488100313,6.935852464230779,382,1.0100695715855,62,16.741282884869765,35.71300688849073
krishna_80.950_15.760,2019Q4,0.04482841807846645,0.07150395231502207,0.04677237827081328,0.2523553169202763,0.09246479297376135,0.6560143522756818,-0.5322521423075065,0.41860702685351503,-7.484050564242029,-14.397286717953275,6.913236153711246,541,1.0100695715855,153,13.116230983801827,27.97993742157557
krishna_80.950_15.760,2020Q1,0.05768203412084295,0.08248864332297054,0.05589399945547956,0.2690612848283638,0.10487736334357003,0.6306995631438823,-0.5075328251122365,0.4349264993053313,-7.904989314452009,-14.889056227960292,6.984066913508284,718,1.0100695715855,75,12.006491845130565,25.612608598787876
krishna_80.950_15.760,2020Q2,0.05697939755337575,0.08753393460286608,0.06135525974460054,0.25827559954754714,0.10940016604237934,0.599176075931743,-0.4764214602494765,0.3993375890262513,-8.171523387222667,-15.078836394804739,6.907313007582072,525,1.0100695715855,54,12.65823886605355,27.002934896231412
krishna_80.950_15.760,2020Q3,0.04318522712647664,0.07363124409776539,0.04811275917849676,0.2448131211035027,0.09914883407398707,0.643255886081286,-0.5109884356030024,0.40100045388101907,-7.645448172351545,-14.68059355237088,7.035145380019335,279,1.0087879897473453,55,12.270552077344878,26.175909807954415
krishna_80.950_15.760,2020Q4,0.053438596664057265,0.07540099805227374,0.050688042065408855,0.24963838017267684,0.09177248175882233,0.6175266297230044,-0.48949746501451014,0.4187957852845772,-7.497653555255599,-13.969023378300122,6.4713698230445225,493,1.0100695715855,51,11.958055256496433,25.509282214815887
krishna_80.950_15.760,2021Q1,0.049934888723808676,0.07605928981773137,0.05390739668382371,0.2572169626919034,0.09576283392282599,0.6317285105206092,-0.5222733297636695,0.4228690778935209,-7.431339643837731,-14.573962588386005,7.142622944548274,651,1.0100695715855,46,11.64889626868029,24.849774987236856
krishna_80.950_15.760,2021Q2,0.061247116525769,0.09189757808298053,0.063909628063673,0.27489051222072625,0.11426696721741814,0.6029588386297715,-0.48248512393660536,0.42803270873539034,-7.7044102073072915,-14.932266583558626,7.227856376251334,504,1.0100695715855,59,13.12300726731405,27.994392792852352
krishna_80.950_15.760,2021Q3,0.05486187130577109,0.08472844618649983,0.05961576978790858,0.2656507015909837,0.1117755286236555,0.6092359862676011,-0.4888010000220036,0.4097165941079942,-7.387601636881298,-14.385056672795393,6.997455035914095,314,1.0100695715855,55,13.797778996025457,29.433836087691386
krishna_80.950_15.760,2021Q4,0.03230435585582044,0.06188788558793886,0.03687547077497934,0.27085702585823856,0.09431568451852235,0.7316789298033003,-0.6012074318082583,0.46144208057292396,-7.545796289150315,-13.881141783690481,6.3353454945401655,501,1.0100695715855,50,19.516506453591273,41.633197061994515
krishna_80.950_15.760,2022Q1,0.03188701110458618,0.06263849941319358,0.03916999530471734,0.28891680414465637,0.10067328488966396,0.7417327919812988,-0.6263286636009976,0.47790044333403453,-7.585569433062153,-14.611288090992014,7.025718657929861,646,1.0100695715855,54,20.338896303112175,43.38754376068798
krishna_80.950_15.760,2022Q2,0.033549809883672184,0.07211155747124869,0.041574852007662706,0.29438178063590503,0.10531473941179641,0.7172526353128262,-0.5730824970542867,0.48072062499590845,-7.925894781436095,-15.056831366914942,7.130936585478847,546,1.0100695715855,50,17.776416163220606,37.921184251867096
krishna_80.950_15.760,2022Q3,0.03660368815750765,0.07157387525059551,0.04255334808089359,0.29435459087744925,0.10726690628072318,0.7263585060967314,-0.5893617671888922,0.48343665122220375,-7.316213930100838,-14.211646908390275,6.895432978289437,347,1.0100695715855,49,18.696931817781156,39.8848558616453
krishna_80.950_15.760,2022Q4,0.04816105650848652,0.07251361265391196,0.043328794280665564,0.28640588616539187,0.09581421532158405,0.7164714756875595,-0.5749352882678905,0.4974223573417054,-7.493034832705772,-14.078095398963287,6.585060566257515,495,1.0100695715855,50,13.689178064943013,29.202165323478383
krishna_80.950_15.760,2023Q1,0.023913000640213195,0.05810308605474728,0.031664426909970685,0.3007163599534657,0.09791883415518791,0.7972226417219754,-0.6677138889555181,0.5019102623286954,-7.9732737340979085,-14.616405185899598,6.64313145180169,681,1.0100695715855,51,22.04141296467997,47.019403378644256
krishna_80.950_15.760,2023Q2,0.031890563788527476,0.07085100716855042,0.045383372982810914,0.2981699115135274,0.11202746558027883,0.7162762655134114,-0.5923115591367779,0.4665295203341098,-8.311275553385554,-14.937652290917177,6.626376737531622,509,1.0100695715855,54,18.68278329126611,39.854673800427605
krishna_80.950_15.760,2023Q3,0.03756802367262145,0.07166991098849916,0.04520405860792021,0.2625369825127916,0.10434669731278325,0.6914632855080373,-0.5616526104584821,0.43555216688787496,-7.810242264896577,-14.561813445716611,6.751571180820034,357,1.0100695715855,51,15.827387387440124,33.76345759650889
krishna_80.950_15.760,2023Q4,0.04220971830315671,0.07072333791337647,0.04783180387621798,0.2790641180022528,0.10573210414746709,0.6878844523937128,-0.5765764183449228,0.4678035217890145,-7.711575030127821,-14.281736866640085,6.570161836512264,574,1.0100695715855,46,22.953716808744947,48.96555730791899
krishna_80.950_15.760,2024Q1,0.05468016139084861,0.08664092831288468,0.05584144236610312,0.3101706780502693,0.10890453086459721,0.6868597282534873,-0.5579305698448818,0.5043630929774309,-8.334993770754958,-14.824747016596467,6.489753245841509,680,1.0100695715855,48,12.678287062649328,27.04570231065543
krishna_80.950_15.760,2024Q2,0.03606829859861148,0.07445407033495513,0.04482006074395896,0.29730403559754237,0.11067439504137161,0.7201995195231334,-0.583717814554048,0.4805923558853394,-8.405110022940486,-14.864178258372778,6.459068235432293,513,1.0100695715855,40,15.474183460837809,33.009992384163034
krishna_80.950_15.760,2024Q3,0.05379086347291002,0.08852763824140573,0.05960192851934263,0.30640715482817327,0.11838095800211205,0.6759317813084851,-0.5522641642913314,0.4902678954819446,-8.035984219151558,-14.48388491102576,6.447900691874201,242,1.0078725741486636,49,15.210955271199028,32.448466113179904
krishna_80.950_15.760,2024Q4,0.043600666864796946,0.07331682830867653,0.04474976922237278,0.2937480710017196,0.09505711945382489,0.7305795595816039,-0.5969765445044075,0.5080967757876991,-7.847521411464504,-14.002230033646477,6.154708622181973,443,1.0100695715855,52,17.230672997348645,36.75698855813405
krishna_80.950_15.760,2025Q1,0.02960101845198488,0.06378413400832657,0.03457251100701277,0.30170934665883836,0.09815429387559507,0.7805849325797769,-0.6349537673723572,0.5117830592635146,-8.276716346436292,-14.621308343918765,6.344591997482473,653,1.0100695715855,51,20.717228537115304,44.19461343223048
krishna_80.950_15.760,2025Q2,0.04191553028847971,0.08085767672018777,0.04875446327427051,0.30578684141577006,0.11090519795393329,0.7117005214717619,-0.5662245588749952,0.4973821384850775,-8.66227193704562,-14.890328303553062,6.228056366507442,685,1.0100695715855,54,12.009841714026473,25.619754639612694
krishna_80.950_15.760,2025Q3,0.03161331110370723,0.07608593834597825,0.04430160561571516,0.29560014136739143,0.11190589150736235,0.7163681860491422,-0.5719412580223604,0.4664026061643071,-8.052921552361738,-14.032998621064078,5.9800770687023395,387,1.0100695715855,52,14.71087025897538,31.381669762554044
krishna_80.950_15.760,2025Q4,0.04501969223901048,0.07443591188094677,0.045436010208852365,0.2942660585920466,0.09742230320921222,0.7169367744889934,-0.5766694630173584,0.5064003713947723,-7.5250521711949645,-13.539704876311419,6.014652705116454,638,1.0100695715855,54,14.359239275526985,30.631559999732435
krishna_80.950_15.760,2026Q1,0.05781015028604668,0.08308734585315602,0.05377265999398914,0.28772315439694446,0.09619504640219315,0.6776806018166778,-0.5415918659453236,0.5017128649256872,-8.465925239014066,-14.560489352986146,6.09456411397208,739,1.0100695715855,55,15.33846928958929,32.72048284263056
krishna_80.950_15.760,2026Q2,0.05375609080301287,0.08826133936701246,0.05520459425317572,0.29960306288575544,0.1105169915119452,0.6821780229070489,-0.5378552428876782,0.4875765834424501,-8.624872395311211,-14.790726271657826,6.165853876346615,696,1.0100695715855,54,12.446133997534032,26.550466427559524
krishna_80.950_15.760,2026Q3,0.03618972547142366,0.06917944220541325,0.04142033744846571,0.28391061791269623,0.10900355138283614,0.7227202745885554,-0.586337266690513,0.4557119241720259,-8.370184426628192,-14.756179101069517,6.385994674441324,408,1.0100695715855,50,23.494388300749254,50.11893395480734
krishna_80.970_15.820,2019Q2,0.07030798423780052,0.09919395532170988,0.07760073628011567,0.2614637910200476,0.12259306221250871,0.5320891858353421,-0.43082757424639956,0.37049740506209483,-7.532609907490318,-14.298224138452607,6.765614230962289,597,1.016218487394958,68,13.255199312723166,28.276388829880442
krishna_80.970_15.820,2019Q3,0.056806385761173014,0.09275822728494097,0.07036761621182647,0.24351368004497814,0.13511839704273143,0.555753817953238,-0.45819066548382925,0.3502162796835146,-7.000660901255622,-13.724515637139563,6.723854735883941,382,1.016218487394958,62,15.668708153640637,33.42495829459082
krishna_80.970_15.820,2019Q4,0.04769099023188816,0.07763020095076661,0.04869206084220675,0.25581322905326265,0.1020244431538645,0.6557782403914693,-0.5154911654523407,0.42329859090245286,-7.11185281719251,-14.027414044600066,6.915561227407556,541,1.016218487394958,153,11.148986453660784,23.783352372542797
krishna_80.970_15.820,2020Q1,0.05610054294796612,0.08809177713951129,0.056290968249972206,0.29540781564442803,0.11975194679808958,0.6618933423125074,-0.5245310303423355,0.47575228091668126,-7.35599171619355,-13.972828739296197,6.616837023102647,718,1.016218487394958,75,20.580171422371695,43.90223908334598
krishna_80.970_15.820,2020Q2,0.05879879518057482,0.09727774130495181,0.06506707366785046,0.2963533652736329,0.1278124837345052,0.6182090115754875,-0.4843573561345504,0.4488414190567553,-7.331628262254348,-14.058584584329662,6.7269563220753135,525,1.016218487394958,54,19.552722635960283,41.71045450870955
krishna_80.970_15.820,2020Q3,0.052791848701780726,0.08863124448462868,0.059645958287503124,0.2531793403353083,0.10762106705226639,0.597867759825043,-0.4557559978776307,0.3931432964027262,-6.884208799207516,-13.781228724901005,6.897019925693489,279,1.016218487394958,55,12.172876365787522,25.967545049788914
krishna_80.970_15.820,2020Q4,0.05511731008191031,0.08257303188189925,0.052671559007189436,0.25305390670149747,0.09398379427733415,0.6499950166712273,-0.5049832483235525,0.4260354609870856,-7.540662299606261,-13.937452163429043,6.396789863822782,493,1.016218487394958,51,11.57596551732298,24.694196920518902
krishna_80.970_15.820,2021Q1,0.0507935539678451,0.0875231152399782,0.06024335139567022,0.2879530851527716,0.1065271970666334,0.638154009722884,-0.5252531915715383,0.46303517620028434,-7.268149382675402,-14.061909527727838,6.7937601450524365,651,1.016218487394958,46,13.37706150893552,28.536348922706523
krishna_80.970_15.820,2021Q2,0.06828768551221165,0.10221270267826385,0.06946166914751045,0.30505865112928054,0.12544217553454978,0.6115849072839962,-0.4777170625848923,0.4712436643995325,-7.5206713306635695,-14.116493951739976,6.595822621076406,504,1.016218487394958,59,18.83122875297519,40.17134211270926
krishna_80.970_15.820,2021Q3,0.0591837017535141,0.09781739901509953,0.06592753481943299,0.2689941131863371,0.11427796145239515,0.5961068871358111,-0.45621792229715974,0.41854759173645634,-6.943905324536459,-13.693972215647566,6.750066891111107,314,1.016218487394958,55,13.0416014742072,27.820735512823024
krishna_80.970_15.820,2021Q4,0.03923763077078593,0.07135798032381319,0.0426076670039861,0.2543864466141859,0.09920477211278729,0.6866865603965409,-0.5344173958993566,0.4223470137087203,-7.307992920979429,-13.710051988377893,6.402059067398464,501,1.016218487394958,50,13.769885376233539,29.37433258114267
krishna_80.970_15.820,2022Q1,0.03731940015812211,0.07559549300676854,0.046305575727039194,0.29888033544976284,0.1137101123622494,0.713081764797203,-0.5847281603819536,0.4811858772752764,-7.372105686337392,-14.086701471242531,6.714595784905139,646,1.016218487394958,54,16.26945080681365,34.70648054461909
krishna_80.970_15.820,2022Q2,0.039332832845860984,0.0871020328976512,0.05607948400102205,0.3222066126214699,0.11970259823562868,0.6809139066885926,-0.5446845338720987,0.4987924589196076,-7.428046036046601,-14.451137524273294,7.023091488226693,546,1.016218487394958,50,13.875096039027882,29.59877112333545
krishna_80.970_15.820,2022Q3,0.04530921303071888,0.08270567427242659,0.0517851565919524,0.26316537282586844,0.11188036696418982,0.6571742278717261,-0.5086174899169079,0.4173390513315707,-6.9938663071129685,-13.883197085027719,6.889330777914751,347,1.016218487394958,49,12.744399792419767,27.18673596918362
krishna_80.970_15.820,2022Q4,0.04967662733613454,0.08034109858576845,0.045014604804384795,0.27124061532206295,0.10001999392197009,0.6998565012813865,-0.5315570110483746,0.4779594126403498,-7.457112538400274,-14.109371809946794,6.652259271546519,495,1.016218487394958,50,12.31963520497879,26.280615408316905
krishna_80.970_15.820,2023Q1,0.02821649792321548,0.0677851478743493,0.03753329722766221,0.3003399729465234,0.10916098172350218,0.7659895420117028,-0.6202724441235743,0.4933846849273488,-8.21123413858656,-14.430496975772328,6.219262837185768,681,1.016218487394958,51,23.275418933366986,49.65182193122646
krishna_80.970_15.820,2023Q2,0.04153172074804278,0.08536563844857378,0.05155650277663974,0.32243145195058037,0.12155287076067264,0.7129246224349209,-0.5654173672357239,0.4962497616376287,-8.23506944119326,-14.514925538370305,6.279856097177044,509,1.016218487394958,54,12.8714473899286,27.45775771561739
krishna_80.970_15.820,2023Q3,0.04465208445921579,0.08029711575939398,0.050404277940351766,0.26191394588218525,0.11366608969453534,0.6671594609099266,-0.5289400818776395,0.4193149852029263,-7.707503063497234,-14.201660750330173,6.494157686832939,357,1.016218487394958,51,15.327228793719804,32.6965042796269
krishna_80.970_15.820,2023Q4,0.041654354808385974,0.07244869300930365,0.04792276217608728,0.2651461247496244,0.11429875163547702,0.6921576590962076,-0.5705691546487437,0.4378947656066402,-7.6955918517678406,-14.056853976473276,6.361262124705435,574,1.016218487394958,46,19.842200741682923,42.327977888180264
krishna_80.970_15.820,2024Q1,0.03341754681716823,0.07550513174810049,0.04324549952346763,0.32109895300912117,0.11668941035619797,0.754306407028305,-0.6112299213968494,0.5187450170899334,-8.241404026835582,-14.403979128790096,6.1625751019545145,680,1.016218487394958,48,18.8444330393586,40.19950989255095
krishna_80.970_15.820,2024Q2,0.041170808375936445,0.08751446376905672,0.05006922972818824,0.33531070510496896,0.12990279147350894,0.7305789682668914,-0.5771287575706477,0.5282543348965025,-8.106254384584279,-14.439023931907581,6.332769547323302,513,1.016218487394958,40,17.147684689222036,36.579955409589125
krishna_80.970_15.820,2024Q3,0.02926617759671937,0.07154334716941105,0.041568848826052884,0.28313094238710035,0.11065626134701542,0.7234660717507516,-0.5815471447164031,0.4590344316568316,-7.554854844661191,-14.078683671754801,6.52382882709361,242,1.016218487394958,49,18.281571391294115,38.99879653905035
krishna_80.970_15.820,2024Q4,0.04113866837935251,0.07683754415894767,0.04234897477396537,0.28366235185877964,0.10291718466833652,0.7318530622932975,-0.5649660797797837,0.4887903764835052,-7.664976698320745,-13.945930630092153,6.280953931771409,443,1.016218487394958,52,11.931632402444988,25.45291618986772
krishna_80.970_15.820,2025Q1,0.03175695031054857,0.07313331890050812,0.03763794196622143,0.3192849677641746,0.1112752024028811,0.7762134180784395,-0.6129380798320391,0.5277362340737493,-8.015101744072606,-14.329766536893576,6.31466479282097,653,1.016218487394958,51,15.278680531022006,32.59293966919208
krishna_80.970_15.820,2025Q2,0.045431754443395936,0.09165011693782146,0.05363204744684144,0.33226953410343274,0.12472814126461815,0.7098950155580478,-0.5543886130139477,0.5264787412618255,-8.049408969400634,-14.36220222400312,6.312793254602486,685,1.016218487394958,54,15.531578289611462,33.132428754747856
krishna_80.970_15.820,2025Q3,0.03486080403631713,0.0835952495853952,0.04887971260666221,0.28126649876593085,0.12183445849250481,0.6924217404360472,-0.5351552523587461,0.43567637866251047,-7.477956148310254,-13.566752317668655,6.088796169358401,387,1.016218487394958,52,19.146765888650826,40.8444553966466
krishna_80.970_15.820,2025Q4,0.0467210261279426,0.08027146950896104,0.047950766904988826,0.2739198630747855,0.1038035590760725,0.6983731869818265,-0.5422619342047589,0.4746029260939384,-7.710023349115916,-13.701675874196734,5.991652525080818,638,1.016218487394958,54,12.368935686864921,26.385784675290854
krishna_80.970_15.820,2026Q1,0.05733498131934421,0.08879411373991772,0.05597718369947177,0.2957682788855452,0.10993172050504864,0.6732382224303208,-0.5259626793979014,0.5090494773795298,-8.307415249950754,-14.491704551516701,6.184289301565947,739,1.016218487394958,55,14.394772564084496,30.707360676881972
krishna_80.970_15.820,2026Q2,0.061774196957804145,0.10266418576144191,0.06279853277670541,0.3313933862853739,0.1323437598404546,0.6724402566473495,-0.5222984679410528,0.5212623603059993,-8.281052025690467,-14.537087224952415,6.256035199261948,696,1.016218487394958,54,13.987220597185281,29.837958594533557
krishna_80.970_15.820,2026Q3,0.042686327089504233,0.08426345370742727,0.05332335624774071,0.2832704155344047,0.12798873408101616,0.6767655965602734,-0.5336082490004895,0.45078702752205746,-7.812036165457109,-14.455183272239047,6.643147106781938,408,1.016218487394958,50,21.715868587834027,46.32494234762518
krishna_80.970_15.840,2019Q2,0.0666726016321846,0.09826287037168321,0.07720633228982396,0.26013584131032297,0.11851278653942118,0.5173320193230848,-0.4229289411492984,0.3673148914125834,-7.72956414431029,-14.351014552551536,6.621450408241246,597,1.0219225750326228,68,13.707955849846398,29.242222657567833
krishna_80.970_15.840,2019Q3,0.05662344024692651,0.09309136728432323,0.07015678884913125,0.2500002693447695,0.13007773341100695,0.5558276592538692,-0.45490254896145255,0.3581262638125056,-7.263951031879196,-13.777917223949059,6.513966192069863,382,1.0219225750326228,62,15.392681062567963,32.836129023101854
krishna_80.970_15.840,2019Q4,0.04663191669836955,0.0756640820511043,0.04787478757694812,0.25336659382904786,0.09608640034873982,0.6420427657949981,-0.5003048255338812,0.4124389259862972,-7.375984888762797,-14.107308169610299,6.731323280847502,541,1.0219225750326228,153,11.52636158366057,24.588380321112236
krishna_80.970_15.840,2020Q1,0.05579012366788699,0.08674620564053273,0.0559988123471669,0.2865697287950353,0.11159968670570329,0.6438609890392443,-0.5090367775165379,0.46084040295668155,-7.619752234647121,-14.21208185989993,6.592329625252809,718,1.0219225750326228,75,14.935451677947327,31.860753582947577
krishna_80.970_15.840,2020Q2,0.059336362297799365,0.09644334429365695,0.06480005272028498,0.2952447910198132,0.12431934218505152,0.6080801369911646,-0.47909367745852366,0.4477647167432101,-7.588455160239333,-14.176027797075948,6.587572636836615,525,1.0219225750326228,54,17.957761902968688,38.30803642426989
krishna_80.970_15.840,2020Q3,0.04960330275845998,0.08504178300125798,0.055871676908027655,0.2538420176609794,0.10502911784271392,0.6123224867918912,-0.47282481687470207,0.40362169889641253,-7.130897179048956,-13.795997981170435,6.665100802121479,279,1.0219225750326228,55,11.322441111488413,24.15337105226043
krishna_80.970_15.840,2020Q4,0.04965167555999845,0.07886967150917766,0.04833421272157402,0.23992214826288336,0.08750189650403352,0.6430655421211724,-0.5079892449438573,0.3948294101424206,-7.849512832548667,-13.958418812830672,6.108905980282005,493,1.0219225750326228,51,12.669783849758213,27.027563001819715
krishna_80.970_15.840,2021Q1,0.04389319601023438,0.07926244106549049,0.05600592181751545,0.27969938168667713,0.1004207662141759,0.6369006328076049,-0.5265386382012853,0.44802358890758953,-7.435915089792337,-13.949264336068886,6.513349246276549,651,1.0219225750326228,46,14.012566071299952,29.8920263202792
krishna_80.970_15.840,2021Q2,0.06754538910002213,0.10256764645111864,0.0688157877511666,0.30200425225597144,0.11991313576778022,0.5962323142777557,-0.4639585694731948,0.46683570414885717,-7.5819589477708105,-14.123867510497814,6.541908562727003,504,1.0219225750326228,59,14.930918500689392,31.851083273225637
krishna_80.970_15.840,2021Q3,0.0552899899167666,0.09449147938863717,0.06258250370381593,0.2678975743362075,0.1113789595573637,0.5961908115127806,-0.458013348118323,0.41368437899046295,-7.056536275055157,-13.714880870262661,6.658344595207504,314,1.0219225750326228,55,12.048649678932794,25.702540954589807
krishna_80.970_15.840,2021Q4,0.03785673538083435,0.06967521212592546,0.04184013747404132,0.2527991264410979,0.09506481383051442,0.6712082172667468,-0.5201573698614718,0.42004502255215054,-7.553160981231177,-13.776373124581342,6.223212143350165,501,1.0219225750326228,50,15.188484429472846,32.40053063948436
krishna_80.970_15.840,2022Q1,0.0410488616682037,0.07731223415457758,0.048596741688490694,0.2937572374855605,0.10892812054588033,0.6869727237790813,-0.5603397904717704,0.47304956159103945,-7.393509974251913,-14.124322979386012,6.730813005134099,646,1.0219225750326228,54,15.709600346290305,33.51219074671687
krishna_80.970_15.840,2022Q2,0.03946740333975635,0.08675072844009143,0.05441645932673614,0.3151859851321509,0.11543457734708508,0.6646105541076324,-0.5286267166395776,0.4934310730993569,-7.551976214988746,-14.502382378305338,6.950406163316592,546,1.0219225750326228,50,13.164050085133525,28.081946563109394
krishna_80.970_15.840,2022Q3,0.043441412350282996,0.08269405974239286,0.05138631933773934,0.26667157558796,0.11152865789079008,0.6506907185072818,-0.5020431562483123,0.42423994942502624,-7.172721151819394,-13.850042006993501,6.6773208551741075,347,1.0219225750326228,49,13.032699884355551,27.801746374303793
krishna_80.970_15.840,2022Q4,0.04690133290329606,0.07770980617582324,0.04320249227125674,0.28109743176454904,0.10003160917605779,0.7052784462393713,-0.5410309069310018,0.484713579601574,-7.673070322184525,-14.062614806744147,6.389544484559622,495,1.0219225750326228,50,12.918375032915762,27.55786517146689
krishna_80.970_15.840,2023Q1,0.03166543178912796,0.07427877437062896,0.03946114301104561,0.3224291261250585,0.10887706214913437,0.7526949911284354,-0.6012832827134243,0.5218648699946422,-7.79389024710242,-14.227127758138337,6.433237511035918,681,1.0219225750326228,51,16.840692937649518,35.92507139538208
krishna_80.970_15.840,2023Q2,0.04557564924676301,0.08880816356591219,0.05704294279327376,0.33889569196142655,0.12358054857122051,0.6640304731834662,-0.5303484586227832,0.510568428210582,-7.899371717199813,-14.233609687722907,6.334237970523095,509,1.0219225750326228,54,16.844795705260864,35.933823542333634
krishna_80.970_15.840,2023Q3,0.04774850512354188,0.08958397901588604,0.05641961910399439,0.26583156022642296,0.11668666456617864,0.648793508174348,-0.504254612272661,0.4242810775966492,-7.368940967448728,-13.880853668476622,6.511912701027894,357,1.0219225750326228,51,17.32584322436225,36.960008541506284
krishna_80.970_15.840,2023Q4,0.0441764116742839,0.07608810542577206,0.049214447359855217,0.2697688481500486,0.11410724911145585,0.6781891842016176,-0.5506753875931494,0.4462896882626793,-7.377115607869946,-13.764665781924268,6.387550174054322,574,1.0219225750326228,46,19.808101299990923,42.255235936179645
krishna_80.970_15.840,2024Q1,0.03457372817943952,0.07598626662405125,0.043672643685155714,0.3231592802823035,0.11528525694498856,0.7280059293479997,-0.5873470935727864,0.514467729300229,-8.119615320009345,-14.38229751242064,6.262682192411296,680,1.0219225750326228,48,17.02261945742934,36.31316250517199
krishna_80.970_15.840,2024Q2,0.04114250877428868,0.08722875961192807,0.04991672682271914,0.33816848882165207,0.12476383049732316,0.7079324100785982,-0.55746940537939,0.5328700273669595,-7.9553183987269,-14.393595788977505,6.438277390250605,513,1.0219225750326228,40,14.839240495633039,31.655513002499266
krishna_80.970_15.840,2024Q3,0.026311857185356082,0.07019536671886972,0.03950667686560522,0.2856881491601078,0.10708610091720391,0.7202706450214084,-0.5756486256148169,0.45926339950434225,-7.480993878427954,-14.02608095324899,6.545087074821035,242,1.0219225750326228,49,19.888126801052366,42.42594873580894
krishna_80.970_15.840,2024Q4,0.04470246574165465,0.08060669737366863,0.04552405257264398,0.285946128314728,0.10080751109133851,0.7123237450655339,-0.5529242850090272,0.48848701208467077,-8.061982834329068,-14.132135096117064,6.070152261787996,443,1.0219225750326228,52,12.586496534642663,26.849892002595766
krishna_80.970_15.840,2025Q1,0.03487362897566887,0.07687456539040997,0.04165854749628079,0.3054643253936554,0.10899329942072332,0.733848780174958,-0.5765643231193567,0.5031561324856149,-7.834243767282256,-14.298206595051646,6.4639628277693895,653,1.0219225750326228,51,13.501826416267704,28.802501165974757
krishna_80.970_15.840,2025Q2,0.04475223221224982,0.0915717662751429,0.0555310834094669,0.3098648832882294,0.1199836182779885,0.6679193054301668,-0.5219517602196474,0.49015401571288114,-7.861434574114432,-14.219380809396021,6.35794623528159,685,1.0219225750326228,54,15.31007043821901,32.65990156092194
krishna_80.970_15.840,2025Q3,0.03622095141718957,0.08023411759313921,0.048870904750388085,0.2596544507650472,0.11611489892856779,0.65242190034133,-0.5044931256371085,0.4005856369234912,-7.388356211631466,-13.510977232849402,6.122621021217936,387,1.0219225750326228,52,17.905846502498196,38.19728893452423
krishna_80.970_15.840,2025Q4,0.04589297048749598,0.08035224567736339,0.04828132814418858,0.2670411173701402,0.10203380117733146,0.6846197515384318,-0.5296705307323933,0.45599282343111835,-7.598194497190731,-13.656186407679042,6.057991910488312,638,1.0219225750326228,54,12.730722623582194,27.157559422304246
krishna_80.970_15.840,2026Q1,0.056435871117969195,0.08484864156928244,0.05436793491573137,0.27536068630509025,0.10356959801610514,0.6511052188364688,-0.5092306256331436,0.46569013077276633,-7.9954871064206525,-14.363646819050246,6.368159712629593,739,1.0219225750326228,55,15.186443009528855,32.396175821217234
krishna_80.970_15.840,2026Q2,0.06256163219178816,0.10230156023221676,0.06523213531258451,0.31105604746854765,0.1271038006427059,0.6313498143413401,-0.49148556390246273,0.4872214941830247,-8.024069429049437,-14.340907834459225,6.316838405409788,696,1.0219225750326228,54,17.305287997201514,36.91615951427019
krishna_80.970_15.840,2026Q3,0.04502080854134473,0.08600542544345292,0.058070306184922815,0.2737778234759707,0.12568219018100799,0.6279845681513956,-0.49826257484621883,0.4167376119142594,-7.633505422208195,-14.436204619137914,6.802699196929719,408,1.0219225750326228,50,17.25447948494571,36.80777327167073
krishna_80.980_15.760,2019Q2,0.07341400409290053,0.09846805226265566,0.08152433816315548,0.2108021486683655,0.10990332687648934,0.434381895469866,-0.3559545611823497,0.2788283901924593,-7.739698594034814,-14.73565523031439,6.995956636279575,597,1.0104419168375909,68,13.753859098378328,29.3401448444336
krishna_80.980_15.760,2019Q3,0.06371781481577118,0.09558498273129544,0.08015171529181095,0.22360894333407308,0.1246480908110093,0.46236856950611877,-0.38909098196919306,0.2907551317403203,-7.244139006719249,-14.426232269946148,7.182093263226899,382,1.0104419168375909,62,13.854971357605033,29.555840549183785
krishna_80.980_15.760,2019Q4,0.048540478538952006,0.07698735218580222,0.05387737664913198,0.22272590628805908,0.09278578073167665,0.5848364028061145,-0.463380660389612,0.3458844298603414,-7.134430382324672,-14.27193528459252,7.137504902267847,541,1.0104419168375909,153,12.82897618727265,27.367156871975634
krishna_80.980_15.760,2020Q1,0.056554651850446495,0.08587398596806625,0.06105639754340207,0.2502851743032762,0.11529088174645696,0.5962780598493008,-0.4775182510760734,0.39078169655766687,-7.442438203512455,-14.370701418759415,6.92826321524696,718,1.0104419168375909,75,17.828172676490254,38.03159279866931
krishna_80.980_15.760,2020Q2,0.062107328759573234,0.09509592991383371,0.06987404836630715,0.23800665631087875,0.1066482983497866,0.5351282044956331,-0.4154146338334618,0.3514437759523753,-7.687009686466661,-14.534070748600211,6.84706106213355,525,1.0104419168375909,54,13.275275837733618,28.31921667532849
krishna_80.980_15.760,2020Q3,0.048998463141633745,0.08357145859155636,0.05968770731473401,0.22116102899033385,0.09185558733859381,0.5427057246610535,-0.41615540918891286,0.31394685166127023,-7.049507823358706,-14.34662440331503,7.297116579956324,279,1.0104419168375909,55,11.670941135682638,24.896801758872275
krishna_80.980_15.760,2020Q4,0.060533095309097826,0.08420319870098492,0.05961186975153167,0.23051976589063247,0.09049770273099082,0.5580737798841767,-0.4317921738296783,0.3599837652701305,-7.265627818061551,-13.97155657516527,6.7059287571037185,493,1.0104419168375909,51,12.191955870569721,26.00824602177545
krishna_80.980_15.760,2021Q1,0.0477853484299981,0.08172375967085989,0.057652846314049336,0.25173172924032033,0.10071229238512153,0.6213170835104515,-0.5047573992782184,0.39909170136225963,-7.060249053264255,-14.125806301652212,7.0655572483879565,651,1.0104419168375909,46,11.353242498192545,24.219077494419285
krishna_80.980_15.760,2021Q2,0.06618394942021236,0.09948956039871377,0.07022060371917564,0.254752510667488,0.11137042532190523,0.5567896209218359,-0.4281549177739442,0.3840242130251203,-7.26646485916461,-14.527540957244033,7.261076098079424,504,1.0104419168375909,59,13.411730875071866,28.610306654629557
krishna_80.980_15.760,2021Q3,0.05594372675516501,0.09132421767048018,0.06489611473283674,0.24251944816200102,0.10475932060201883,0.5618913680670197,-0.42513860359714434,0.36466547232954843,-7.076510641402018,-14.12080484998117,7.044294208579152,314,1.0104419168375909,55,12.101578116603545,25.81544948568218
krishna_80.980_15.760,2021Q4,0.03661184223476789,0.06834813747389723,0.04173576255799448,0.24971265578235996,0.09275829024262007,0.6895259843332595,-0.5472754201316633,0.4163677664928468,-7.290704861806526,-13.837918560413783,6.547213698607257,501,1.0104419168375909,50,17.027397112298686,36.32335434186893
krishna_80.980_15.760,2022Q1,0.0345562105576665,0.07043539703409296,0.04522791961726602,0.28394831872334414,0.10952377089531118,0.7049947680295137,-0.5840277911386667,0.45523785392952903,-7.497218700000326,-14.342010875207162,6.844792175206836,646,1.0104419168375909,54,20.878571142104345,44.53879431747126
krishna_80.980_15.760,2022Q2,0.04771657934595678,0.0926203751159649,0.0561426765287103,0.30359697974375177,0.11172567901476455,0.6647925854009707,-0.508450289621571,0.4730221056332762,-7.644796730467808,-14.633669256637468,6.98887252616966,546,1.0104419168375909,50,13.524781741859323,28.851470155186565
krishna_80.980_15.760,2022Q3,0.04749389585865034,0.08466170375261531,0.051960963186427615,0.2682867563215269,0.10721149515488766,0.6545923900146371,-0.4942804890427974,0.4298486171913997,-7.092726286801966,-13.97086596568788,6.878139678885914,347,1.0104419168375909,49,10.866765664297283,23.181310518048893
krishna_80.980_15.760,2022Q4,0.04412921284644307,0.0733933283652952,0.04129759625188988,0.2634827096868536,0.09315699064258226,0.6909335646655741,-0.5246340064293461,0.45813619948039375,-7.527482753405814,-14.031191705320577,6.503708951914763,495,1.0104419168375909,50,15.19555915566474,32.41562265763869
krishna_80.980_15.760,2023Q1,0.02966908733422166,0.06990208530544244,0.037955748599512056,0.29883842019169016,0.10347792081680247,0.7631262507064134,-0.6123783140368159,0.49252753724599435,-8.063220672176394,-14.379368328184952,6.3161476560085585,681,1.0104419168375909,51,14.335498790923957,30.580916085762713
krishna_80.980_15.760,2023Q2,0.05084914659957067,0.0914511260251457,0.055483574891639895,0.31289019675526175,0.11942923323376736,0.6830284899572459,-0.5335872596002582,0.4896621663732272,-8.084309631038277,-14.608455021395553,6.524145390357276,509,1.0104419168375909,54,15.61113849543725,33.3021489726216
krishna_80.980_15.760,2023Q3,0.039696011001804206,0.08241127126684746,0.049812313538529704,0.26617895743392006,0.10959738652922099,0.6908503326319546,-0.5428055204389555,0.428438013286172,-7.658729612033812,-14.350202498331345,6.691472886297533,357,1.0104419168375909,51,12.475998390573002,26.614174046722045
krishna_80.980_15.760,2023Q4,0.04402045243197761,0.07551408636462716,0.05016128172844582,0.26471357276699686,0.11252728179909062,0.6688989046655585,-0.5462311687678103,0.43050474017065654,-7.524797107802472,-14.11976731502855,6.594970207226078,574,1.0104419168375909,46,14.737352981272467,31.438163500239867
krishna_80.980_15.760,2024Q1,0.04423481224859763,0.08161507721467769,0.05302904613929313,0.28231348140241563,0.11578241293295635,0.6732201183856718,-0.540610872691467,0.4504932126629687,-8.376108181534546,-14.65496817605886,6.278859994524314,680,1.0104419168375909,48,15.367240217351494,32.78185784886073
krishna_80.980_15.760,2024Q2,0.04120318813258817,0.08399395985180404,0.050960163891477755,0.2866621970954006,0.11841934211930533,0.6834876543726265,-0.5377589738851604,0.4502216607857469,-8.24969667175731,-14.604323591840046,6.354626920082737,513,1.0104419168375909,40,14.37655223423014,30.66849252262676
krishna_80.980_15.760,2024Q3,0.03181107546892917,0.0810280310257027,0.044575985309330275,0.291666978009949,0.110248996148469,0.7235889474429232,-0.5725833460688884,0.4668674619265061,-7.735368199127519,-14.325694621479304,6.590326422351785,242,1.0104419168375909,49,12.977666902948446,27.684348367376714
krishna_80.980_15.760,2024Q4,0.047088402906358864,0.07990336598189025,0.0487639319540246,0.2715519276350764,0.09566825988693253,0.6950193862004205,-0.5520312774714853,0.45993333345484094,-7.869865917974771,-14.135526480188119,6.265660562213348,443,1.0104419168375909,52,13.970897530342254,29.80313773865201
krishna_80.980_15.760,2025Q1,0.033530822076758476,0.07062461075474613,0.03989519668328614,0.28574142068424696,0.1012854334018349,0.7450541313955983,-0.5920242051076042,0.4767488262676573,-8.093801329574331,-14.436757257392463,6.342955927818132,653,1.0104419168375909,51,14.60835943632466,31.162990600350856
krishna_80.980_15.760,2025Q2,0.044370231089715245,0.08828293481912548,0.05432405074788664,0.294998768978561,0.11444365304400272,0.6725669954053601,-0.5256059001333497,0.46729946700100206,-8.3105679646569,-14.666838864369634,6.356270899712733,685,1.0104419168375909,54,14.251316746094556,30.40133642227129
krishna_80.980_15.760,2025Q3,0.036121129514224644,0.08282578580155409,0.048375802303789725,0.2701363481823974,0.10814839292542253,0.6815368811269876,-0.5202457999060153,0.4246272992261494,-7.7299900424898835,-13.826398275255528,6.096408232765644,387,1.0104419168375909,52,12.20917663083112,26.04498186418787
krishna_80.980_15.760,2025Q4,0.04570528467817787,0.07967294053440838,0.04775352748657866,0.27637205722148306,0.10066010268811543,0.704540511686564,-0.5465447594262276,0.4722419722618579,-7.7547607789526785,-13.776382941032317,6.021622162079638,638,1.0104419168375909,54,13.016911841551536,27.768066847752987
krishna_80.980_15.760,2026Q1,0.05803503249297948,0.08932054958707526,0.057395359793163785,0.28491260484507025,0.10418286152179693,0.6567736292009262,-0.5138340517057028,0.4808863848269866,-8.297914753033641,-14.54510469193854,6.247189938904899,739,1.0104419168375909,55,15.259327718283497,32.551655668473906
krishna_80.980_15.760,2026Q2,0.05557434716634082,0.09701252665338132,0.05970975321816045,0.3011391387978773,0.11733461887786613,0.6590734366937773,-0.5080398423687161,0.4827114614782055,-8.342627294632315,-14.687105481303917,6.344478186671601,696,1.0104419168375909,54,14.46524181180426,30.857687790195204
krishna_80.980_15.760,2026Q3,0.04242409710328459,0.08461340946369539,0.051572895485891966,0.2839097014245132,0.1183873174511368,0.6821163873256921,-0.5307019165759606,0.44610452949747187,-7.940716886799281,-14.60013441931616,6.659417532516878,408,1.0104419168375909,50,15.056360655617734,32.118680241383416
krishna_80.980_15.780,2019Q2,0.07154798767890186,0.09970669362371891,0.08706070076533987,0.20951086964811702,0.11260245731400034,0.3954052607716829,-0.3381082249741271,0.24854541457505253,-7.532846173732272,-15.082572779327624,7.549726605595351,597,1.0101311623699682,68,11.62088026150861,24.790010400258012
krishna_80.980_15.780,2019Q3,0.06355065991845314,0.09514369980882384,0.0844731369828064,0.21048195853514365,0.12575730987338155,0.4146763417449511,-0.36531578883083526,0.2527199767122942,-6.9466442960409,-14.683911480350067,7.737267184309167,382,1.0101311623699682,62,12.134383520556465,25.885430957556668
krishna_80.980_15.780,2019Q4,0.05477793394650683,0.08333745527555339,0.06295590752479353,0.218032399698462,0.09370573080925977,0.5211875580902228,-0.42005385873250917,0.3181350103298322,-6.797408538155015,-14.36354224783529,7.566133709680276,541,1.0101311623699682,153,11.986800615769567,25.57060267757812
krishna_80.980_15.780,2020Q1,0.0589755110987397,0.08871843471747992,0.06723314811990264,0.23819403605038772,0.11255818663051521,0.5285383669779059,-0.43007049602437913,0.34551021920753194,-7.191229023698456,-14.420439159718764,7.229210136020308,718,1.0101311623699682,75,15.460702717488703,32.98123485802842
krishna_80.980_15.780,2020Q2,0.06044930607933449,0.09440981815213595,0.0738411011542391,0.2255226129055153,0.10318705361673088,0.4800578766288487,-0.36969372699274566,0.3058533983744201,-7.5763094163703375,-14.83191073758815,7.255601321217812,525,1.0101311623699682,54,12.765163799877614,27.231030372812924
krishna_80.980_15.780,2020Q3,0.05950174856058363,0.09690168697130772,0.07751614831499225,0.21813249521652683,0.08926040299709023,0.4408545506062157,-0.3386500423168479,0.26980715976278674,-7.003014128264065,-14.575257728805152,7.5722436005410865,279,1.0101311623699682,55,12.524284683907473,26.71717981625194
krishna_80.980_15.780,2020Q4,0.05329333957541202,0.08300810101543123,0.05984649670444925,0.2288522332244875,0.09154554033154635,0.5587566322277288,-0.439597105512572,0.34515950325597533,-7.152977444426693,-14.393408942256071,7.240431497829379,493,1.0101311623699682,51,12.894240172873122,27.506379963978134
krishna_80.980_15.780,2021Q1,0.054356795138899974,0.08878919139906913,0.06607040259722827,0.24448056959728806,0.09590729672067065,0.5589165660093445,-0.4562288255712408,0.3671819277323739,-6.98929341913365,-14.33817546025017,7.34888204111652,651,1.0101311623699682,46,12.372021771950093,26.392368004577097
krishna_80.980_15.780,2021Q2,0.06834033633869376,0.10529023537836389,0.07687397063391974,0.25731282351119444,0.10707800931670472,0.5279858381862899,-0.4059500964732348,0.3701142484625793,-7.197122920956217,-14.53151252710294,7.334389606146723,504,1.0101311623699682,59,13.208846118531168,28.177506805434245
krishna_80.980_15.780,2021Q3,0.05953208056187146,0.10042171575144285,0.07269778837116607,0.2395035802585059,0.09887365266198998,0.5065175911758941,-0.37856055791110854,0.3356690119830646,-7.014934478023765,-14.328681410631026,7.313746932607261,314,1.0101311623699682,55,13.763578108944905,29.36087772934454
krishna_80.980_15.780,2021Q4,0.046951846027522455,0.07575060863221614,0.051624141073678596,0.23682766126705726,0.08583727918266765,0.61252163308229,-0.48028957699025204,0.3743272114518714,-7.328236649055939,-14.231968147919414,6.903731498863475,501,1.0101311623699682,50,12.926570821961635,27.57534867453322
krishna_80.980_15.780,2022Q1,0.038427949724601076,0.07610178405759281,0.052388224363690984,0.273745309817861,0.10982115253894835,0.6570221929214979,-0.5471743433046581,0.4217797457392059,-7.478521790519235,-14.349116417002069,6.870594626482834,646,1.0101311623699682,54,13.933431358202906,29.723213776259186
krishna_80.980_15.780,2022Q2,0.04897135260398013,0.09299779232284613,0.05889430082123457,0.27173738577320544,0.09649825098441064,0.5932238101345204,-0.4404986258233547,0.4151981787701046,-7.629154510773162,-14.72798546402009,7.098830953246928,546,1.0101311623699682,50,11.89388557514514,25.372393525466865
krishna_80.980_15.780,2022Q3,0.04978875449167544,0.08824917215983892,0.054940288945394294,0.24451998174852127,0.09733824511201593,0.6047296917321356,-0.4396648613733896,0.3815145000255193,-7.030359657068066,-14.39876820504372,7.368408547975653,347,1.0101311623699682,49,11.797079546127849,25.165884000186313
krishna_80.980_15.780,2022Q4,0.04497060408965053,0.07655072853594848,0.044985099934656825,0.24118348721506688,0.08597035536554906,0.6518468101168445,-0.48829239612804515,0.40730516215343354,-7.650647220455836,-14.41177754273049,6.761130322274655,495,1.0101311623699682,50,13.374409147354891,28.53069082541187
krishna_80.980_15.780,2023Q1,0.03416481929506854,0.07504907511302054,0.04438454746096187,0.29805831311383707,0.1061943096322241,0.7253085065339575,-0.585191686888524,0.47525020735895895,-7.966106459033089,-14.566720790012159,6.60061433097907,681,1.0101311623699682,51,14.43999249114881,30.803825181893377
krishna_80.980_15.780,2023Q2,0.0416457643523739,0.0883264663569752,0.055650249583014205,0.3013842727899593,0.11665431279987173,0.6655908670847758,-0.5220275953991987,0.4553043712054892,-8.018548282647064,-14.77317136602946,6.754623083382397,509,1.0101311623699682,54,14.118392939122256,30.117779369523774
krishna_80.980_15.780,2023Q3,0.04473829187836062,0.08737812444904762,0.05744397267005751,0.2508360607857904,0.10483410100295941,0.627246320894525,-0.49900080751441206,0.385889708198445,-7.688138457980861,-14.572439643948163,6.884301185967303,357,1.0101311623699682,51,11.377384536514265,24.270578014828327
krishna_80.980_15.780,2023Q4,0.04641218319947853,0.07663700026472145,0.05477300718213444,0.24678118188492038,0.11065230965345538,0.628052899494145,-0.5188926767289378,0.38683088898276446,-7.684247764534119,-14.512753462355102,6.828505697820983,574,1.0101311623699682,46,13.49268768944064,28.783006159745455
krishna_80.980_15.780,2024Q1,0.04028183220281475,0.08071332263820577,0.05360377836750679,0.278057015868571,0.11741599518226911,0.6601726152289857,-0.5359447363031775,0.4266047448511263,-8.397511829794524,-14.770151525963428,6.372639696168903,680,1.0101311623699682,48,14.786280638938964,31.54253744740377
krishna_80.980_15.780,2024Q2,0.04461188066230898,0.09127049005325616,0.05735721674375464,0.2884424100253855,0.12541607592538553,0.6506611992625853,-0.5066636597823926,0.43162333324014296,-8.413565771329676,-15.014680115076189,6.601114343746513,513,1.0101311623699682,40,15.471012288850034,33.00322754494356
krishna_80.980_15.780,2024Q3,0.032205346434384385,0.07898384800305357,0.050251523919240065,0.25693443098859126,0.09501868404703569,0.6481722416563371,-0.5113160661393962,0.3890859318624446,-7.684204032159658,-14.616739044293507,6.932535012133848,242,1.0101311623699682,49,12.37874458885445,26.406709319281983
krishna_80.980_15.780,2024Q4,0.046299855461287585,0.08303467529504904,0.051047302866067616,0.2640124682936764,0.0913582106281912,0.6715936033353048,-0.5263055077226534,0.4353288941951209,-7.987998799923358,-14.300562471117813,6.312563671194455,443,1.0101311623699682,52,11.384272275504872,24.28527114627526
krishna_80.980_15.780,2025Q1,0.03604819094673749,0.07392236052975514,0.042920410569662906,0.2840908386325317,0.09850429504221438,0.721775022828666,-0.5688706119310342,0.4616504671778461,-8.115128170213035,-14.603864328000704,6.4887361577876685,653,1.0101311623699682,51,14.119078155856354,30.119241094417447
krishna_80.980_15.780,2025Q2,0.04687228145329937,0.09324201940867463,0.05828673773636253,0.29869701138346544,0.11253251087705914,0.6549951689822953,-0.5052399528149224,0.45483539398384787,-8.193534271583983,-14.71150718844398,6.517972916859996,685,1.0101311623699682,54,14.026311405626924,29.921348279825523
krishna_80.980_15.780,2025Q3,0.03517097897740394,0.08501909986777922,0.05082596738234925,0.2534734304741706,0.10489587933403788,0.6490627656090833,-0.49029895765705883,0.3909833861403973,-7.826546766503144,-14.222454714925846,6.3959079484227015,387,1.0101311623699682,52,11.937535833915526,25.465509566983616
krishna_80.980_15.780,2025Q4,0.047726382893429876,0.0820329745383576,0.052502568631413345,0.2568649387569723,0.09488976218983346,0.6527468423599522,-0.5003455467181486,0.42959680559021424,-7.883388075616875,-14.02087123483263,6.137483159215755,638,1.0101311623699682,54,11.231745162179065,23.959895732315246
krishna_80.980_15.780,2026Q1,0.05860143895276409,0.0915008837080114,0.05965673457053326,0.2746907492550591,0.10205125294652266,0.6405540495467825,-0.4998713142627832,0.4558457778317363,-8.259770816704384,-14.691605666159353,6.431834849454969,739,1.0101311623699682,55,15.141219008033971,32.299702624508306
krishna_80.980_15.780,2026Q2,0.0635928179792694,0.10425512663444869,0.06629039067078608,0.3027689607092331,0.12158252410398462,0.6277012897573403,-0.4754372731592663,0.46972561153041076,-8.34419926136673,-14.861572020787882,6.517372759421152,696,1.0101311623699682,54,13.936163117955376,29.729041248115944
krishna_80.980_15.780,2026Q3,0.04172300132972005,0.08623924164248288,0.05622022815097691,0.26923453155388305,0.11495215655681179,0.6286946589410423,-0.4897510641583759,0.40675491632496424,-7.91254485290204,-14.817148843799758,6.904603990897718,408,1.0101311623699682,50,16.633103377699403,35.4822351184097
krishna_80.980_15.800,2019Q2,0.07395444451934047,0.10244192747305245,0.0868537595393912,0.2192750868029875,0.11688099894064845,0.41041393640172036,-0.3436094025433672,0.2723645875067843,-7.655567761321828,-14.866068413275498,7.210500651953669,597,1.0182380719752484,68,12.747559301810645,27.19347592940152
krishna_80.980_15.800,2019Q3,0.06532459307495302,0.09809567941491615,0.08448553448868852,0.2149118456076335,0.1291608827792786,0.4353810806685656,-0.3686508676080828,0.2727306422665793,-7.005098882727716,-14.367598347021119,7.3624994642934025,382,1.0182380719752484,62,13.348047649195886,28.474455686694142
krishna_80.980_15.800,2019Q4,0.052187548555058465,0.08096046276722575,0.05843100268528736,0.21783402150042355,0.09900662197509369,0.5423427221343616,-0.4299236132667724,0.3278940166408492,-6.984536353729803,-14.40721180927693,7.422675455547127,541,1.0182380719752484,153,12.127308561520339,25.870338442692034
krishna_80.980_15.800,2020Q1,0.05959659986050306,0.09077047441195775,0.06581342660739127,0.24624231645302497,0.11664244165348926,0.5447518922793069,-0.4333846928920335,0.3641944333177563,-7.355533564868719,-14.283759321823013,6.928225756954293,718,1.0182380719752484,75,16.669324238594243,35.5595025454964
krishna_80.980_15.800,2020Q2,0.05968324773021273,0.0949402493557605,0.07135843696954565,0.23452035753662878,0.10928308448917512,0.49686832292584576,-0.3797707468917224,0.32618655880871295,-7.577900883969076,-14.655199794239769,7.0772989102706925,525,1.0182380719752484,54,14.81331023002959,31.60019778200602
krishna_80.980_15.800,2020Q3,0.05895610556692589,0.09515937392624116,0.07360365618818138,0.21602188248809784,0.09508579178499663,0.4605809453920368,-0.34758670397406843,0.2841168141468995,-6.9384673775680135,-14.412948156525612,7.474480778957599,279,1.0182380719752484,55,12.326233356962506,26.29469078407313
krishna_80.980_15.800,2020Q4,0.056977346485696814,0.08514873235828344,0.06156955155052165,0.22406975367306087,0.09454189669746066,0.543032847172938,-0.42392555372031127,0.34179911926757434,-7.335006714801948,-14.372516450977034,7.037509736175086,493,1.0182380719752484,51,12.769182788548532,27.239603800015388
krishna_80.980_15.800,2021Q1,0.05586684533674297,0.08811533780689498,0.06546783872142692,0.23598984164620182,0.09575651571107441,0.5385538276478138,-0.43297046276836043,0.3570133441010397,-7.015273206901378,-14.209162020780822,7.193888813879443,651,1.0182380719752484,46,12.491437417305518,26.64710904171865
krishna_80.980_15.800,2021Q2,0.06682280373089591,0.10318999242883317,0.07455645342941415,0.2602890502355398,0.11859331317111894,0.5342188512433393,-0.4150994496072262,0.3777685566226028,-7.2453575509923045,-14.397409517993339,7.152051967001034,504,1.0182380719752484,59,14.02538235289903,29.919366396674793
krishna_80.980_15.800,2021Q3,0.06551795189064022,0.10208053060104502,0.07439576860656896,0.24022044071900645,0.10797713526376661,0.4973259504174258,-0.37395025343127214,0.34358698569254137,-6.861225966213775,-14.217713881997906,7.356487915784131,314,1.0182380719752484,55,14.591251199854987,31.126494797066655
krishna_80.980_15.800,2021Q4,0.04070697288505244,0.07150856110975967,0.04833504864014705,0.2275769568667443,0.08876185977046212,0.6062618077273949,-0.47963031060712885,0.3587987933897674,-7.34108393660596,-14.312557877830512,6.971473941224552,501,1.0182380719752484,50,12.331949050031348,26.306883671998374
krishna_80.980_15.800,2022Q1,0.04420851214018021,0.07741477759128056,0.05329052487503548,0.2606053392582406,0.10959940688776233,0.6198768723783177,-0.5014742057739544,0.40228810952374466,-7.355722310515777,-14.34314102105426,6.987418710538483,646,1.0182380719752484,54,13.036184164965032,27.809179146228356
krishna_80.980_15.800,2022Q2,0.04597782709025539,0.08960362819295126,0.060313286999360734,0.27177136304062477,0.10261481937750444,0.5824456961948427,-0.4500316860732254,0.4025204400746024,-7.476391939241395,-14.682573189820339,7.206181250578943,546,1.0182380719752484,50,11.907100329033927,25.400583634905043
krishna_80.980_15.800,2022Q3,0.04631764803830051,0.08445304105413251,0.052883106183591815,0.23860294341666063,0.0992754861337715,0.6046276062765569,-0.44865206261073237,0.37002409855439466,-6.9546877339930155,-14.356092708852186,7.401404974859171,347,1.0182380719752484,49,11.697447417528473,24.953345754494265
krishna_80.980_15.800,2022Q4,0.049020684901834435,0.07836604507107672,0.04818749949113681,0.2383342439484384,0.08894511330167265,0.6330776108991168,-0.47882032224925664,0.40098312870543285,-7.5386403594836695,-14.521276726360043,6.982636366876373,495,1.0182380719752484,50,11.734152310458649,25.03164573323971
krishna_80.980_15.800,2023Q1,0.035651871595101726,0.07498655265463212,0.04435461650146611,0.2829652580381762,0.10357936928376929,0.6973221736031924,-0.555484540625961,0.45244896371288046,-7.9325315195573145,-14.619261731016756,6.686730211459442,681,1.0182380719752484,51,13.42955496913461,28.648329546807023
krishna_80.980_15.800,2023Q2,0.04229673233801293,0.08836625216525111,0.05717465605393168,0.2959309114834235,0.11803344110417675,0.6405331771846164,-0.503513794979432,0.44115791607317784,-7.88793005470014,-14.726789630114032,6.838859575413892,509,1.0182380719752484,54,14.90335208857398,31.792277775908673
krishna_80.980_15.800,2023Q3,0.05736432629106415,0.09143901316422721,0.06275866540280323,0.24235672163044245,0.10694396958325607,0.5642901867971014,-0.44627960258557964,0.3621670416505586,-7.549805332531623,-14.550151464954038,7.000346132422415,357,1.0182380719752484,51,13.229566292872674,28.221707702944773
krishna_80.980_15.800,2023Q4,0.04945641911730431,0.07892283881810293,0.05697720466956415,0.22986784171212177,0.10825548197455549,0.5969571858773344,-0.48659304412321713,0.3614075249195291,-7.644354642142418,-14.539488090946664,6.895133448804246,574,1.0182380719752484,46,13.568220655584433,28.944135349112376
krishna_80.980_15.800,2024Q1,0.043072894223036694,0.08222917519508036,0.054438604116327366,0.26659702360629856,0.11561738186058977,0.6407190735490718,-0.5125288120599636,0.41206739487289584,-8.195793434231168,-14.790048019199604,6.594254584968436,680,1.0182380719752484,48,16.520407778058416,35.24182948438756
krishna_80.980_15.800,2024Q2,0.048288844831766944,0.0927635925962251,0.05916826835995959,0.28750740298261424,0.12812994039955516,0.6215639506230302,-0.4827820383663855,0.4266268232627568,-8.229781905215688,-15.027384431055172,6.797602525839483,513,1.0182380719752484,40,14.494108298603448,30.919266645829836
krishna_80.980_15.800,2024Q3,0.038157065886326835,0.08325380570026215,0.05336490294606085,0.2584814895551198,0.09825402892454206,0.6240425198996113,-0.4898794403546711,0.3927488950509647,-7.55729393986581,-14.632544679903248,7.075250740037438,242,1.0182380719752484,49,11.736064043141146,25.035723898749993
krishna_80.980_15.800,2024Q4,0.04802751017235412,0.08205389597138248,0.050830946379510106,0.25528264660076677,0.09143389296447851,0.6460690547742112,-0.4979991049459065,0.4198582948082541,-7.976459440896901,-14.451834002419021,6.47537456152212,443,1.0182380719752484,52,11.0032561632514,23.472476145132788
krishna_80.980_15.800,2025Q1,0.038243939189306735,0.07750841070116979,0.04590924536755465,0.27661069635262747,0.1012186650397744,0.6808433717068018,-0.5310167030335681,0.4422578750139126,-7.970261992772068,-14.607289611823937,6.637027619051869,653,1.0182380719752484,51,12.823850429183612,27.35622245104736
krishna_80.980_15.800,2025Q2,0.051393057371192305,0.09557937855252353,0.061449792625694,0.2909250952555227,0.114498496102472,0.6210577064650494,-0.4795270657907008,0.4390056552382219,-8.01659524006392,-14.64749253910659,6.630897299042671,685,1.0182380719752484,54,13.033610717199318,27.803689390251105
krishna_80.980_15.800,2025Q3,0.04018307756226112,0.08823882659121618,0.05667427161473866,0.25217275286171215,0.11025539585435715,0.6046271595952104,-0.4553032033814197,0.3738995739625279,-7.666777210895988,-14.185721404476123,6.518944193580134,387,1.0182380719752484,52,12.594893502684066,26.86780466673073
krishna_80.980_15.800,2025Q4,0.04869664414550852,0.08168521753005628,0.053213871761490714,0.24640153461931313,0.09477336122015989,0.6290437302503231,-0.4799100295052376,0.4068302422189069,-7.867290829871,-14.18988533820517,6.322594508334171,638,1.0182380719752484,54,11.353492950831525,24.219611767502332
krishna_80.980_15.800,2026Q1,0.05812228213594789,0.09081570525183245,0.057370277583989646,0.2627760367015011,0.09876556906012095,0.6300564383786066,-0.47827165766497937,0.4374152406258981,-8.187486512800449,-14.747834027146546,6.5603475143460965,739,1.0182380719752484,55,12.355163894044882,26.356406273693363
krishna_80.980_15.800,2026Q2,0.06605977853178004,0.10602577972133773,0.06838270321865655,0.2965335319258487,0.11875768969326629,0.6044396220536006,-0.45274460725306565,0.45293666034889773,-8.16538604612879,-14.853116267753514,6.687730221624724,696,1.0182380719752484,54,13.68127822156177,29.18531314058222
krishna_80.980_15.800,2026Q3,0.04859463325451069,0.09041183213619577,0.06045467652249616,0.2628055549060223,0.11832235578346052,0.6092203898323697,-0.4713496386825034,0.4000493841078898,-7.730224299059275,-14.857966591177934,7.1277422921186595,408,1.0182380719752484,50,15.910965388597369,33.941748695917575
krishna_80.990_15.770,2019Q2,0.06958271297038268,0.09790231575492903,0.07862056151420037,0.22603543513137447,0.1153120863253294,0.4691103479639771,-0.38506744910021024,0.3042637643213118,-7.794002776056996,-15.154881775849443,7.360878999792447,597,1.0176297747306562,68,14.453053335397236,30.831686966669448
krishna_80.990_15.770,2019Q3,0.060591541906080876,0.09415135109865196,0.07817302779723516,0.22781877286862987,0.12345684245899734,0.4762694244392803,-0.4026759445751972,0.30109369468318015,-7.173712962347859,-14.67273941139069,7.499026449042831,382,1.0176297747306562,62,14.163441657290626,30.213878646582085
krishna_80.990_15.770,2019Q4,0.05119856250597562,0.0796044319455894,0.055494926388127676,0.24179860482485088,0.09362299808348674,0.598474506718732,-0.474967786012033,0.3788204606355102,-7.098378231193598,-14.54559536904354,7.447217137849941,541,1.0176297747306562,153,12.065140326998876,25.73771929976381
krishna_80.990_15.770,2020Q1,0.05781016441454338,0.0868729051422337,0.06105014223957075,0.26076436622061244,0.11378259971055968,0.5961399323335846,-0.47383244776842504,0.40778688778908656,-7.598843191299487,-14.841299990479339,7.242456799179852,718,1.0176297747306562,75,14.890970031885148,31.76586400111836
krishna_80.990_15.770,2020Q2,0.06080373576451112,0.09642234893907875,0.06979258363070547,0.2557563724637667,0.11513553303131283,0.554393532829831,-0.43401428979775347,0.3759954938867164,-7.712795166346005,-15.121849060920699,7.4090538945746935,525,1.0176297747306562,54,14.839201324092164,31.655429440593128
krishna_80.990_15.770,2020Q3,0.05002642383392641,0.0877824523970271,0.061401802974716806,0.23518369786651955,0.10034812834029347,0.5582512408573131,-0.42539112516004607,0.3460166117441601,-7.212949290372537,-14.622742136623337,7.4097928462508005,279,1.0166503428011753,55,12.836010131395483,27.382161892596788
krishna_80.990_15.770,2020Q4,0.054205985391331354,0.08252355327703827,0.05515554936864011,0.25171126649769604,0.09234779607412753,0.6216974867556758,-0.4894294931953423,0.4025537843851285,-7.25536933031683,-14.40907739155737,7.15370806124054,493,1.0176297747306562,51,11.789327695320289,25.149347519488103
krishna_80.990_15.770,2021Q1,0.0560919420618813,0.08710221496515828,0.062047382944510954,0.258200575923176,0.09811431030457583,0.5981144255423966,-0.4844798687061428,0.4086105056412189,-7.206260617541655,-14.832687482517555,7.6264268649759,651,1.0176297747306562,46,11.863538921047605,25.30765713254638
krishna_80.990_15.770,2021Q2,0.0657128054308627,0.0999918681228933,0.07015478470352592,0.2699963450736912,0.11351348650281512,0.5668561745921425,-0.4386844302897608,0.4079196414897756,-7.372968896069935,-14.86489574159819,7.491926845528255,504,1.0176297747306562,59,13.061057613582241,27.86223993302205
krishna_80.990_15.770,2021Q3,0.059233944262722486,0.09844902801401585,0.0689201852716792,0.2578772488544272,0.107383169339412,0.5592969796135935,-0.4287010924173514,0.38764284334442783,-7.101911050362908,-14.406263621558304,7.3043525711953965,314,1.0176297747306562,55,12.22425268778431,26.077142561162123
krishna_80.990_15.770,2021Q4,0.043746333393477534,0.0777444211723628,0.047591326563063016,0.26913465672847986,0.09437223365604942,0.6628481275806729,-0.5163151524311576,0.44015122722750605,-7.493681506907998,-14.427957949464524,6.934276442556526,501,1.0176297747306562,50,11.553466783636908,24.64620194685776
krishna_80.990_15.770,2022Q1,0.03402135507664025,0.07357473532988071,0.0481447324075702,0.2899130554634566,0.10867520985490929,0.6952028029528423,-0.5797336723241877,0.45825378978145337,-7.588679170217487,-14.871913134681511,7.283233964464024,646,1.0176297747306562,54,17.259531554236165,36.81855049744322
krishna_80.990_15.770,2022Q2,0.03856418848256069,0.08499446670518775,0.04911352399175478,0.2996213849112028,0.10525478215587297,0.6644306701201508,-0.5062753467725333,0.47314708199526867,-7.715857426785108,-15.001301717253472,7.285444290468364,546,1.0176297747306562,50,12.544174235539352,26.759608804479615
krishna_80.990_15.770,2022Q3,0.04154873912833449,0.08140390882016281,0.04592689910863952,0.28166672842947166,0.10285385949179984,0.6821120438766988,-0.5067398123411566,0.4562846938707567,-7.238890120125431,-14.517130915856821,7.27824079573139,347,1.0176297747306562,49,11.5240622509255,24.583475315541804
krishna_80.990_15.770,2022Q4,0.04742337440932869,0.07967526723043646,0.04698989999205283,0.27276485070192497,0.09486243419627563,0.6865518997317195,-0.5312573667181835,0.4624008910698677,-7.6921128912333465,-14.642537476083886,6.9504245848505395,495,1.0176297747306562,50,12.958482532469871,27.6434236927407
krishna_80.990_15.770,2023Q1,0.03329297703330359,0.07281426012986526,0.041738209119705515,0.31147570974984923,0.1073811164074789,0.7407234462097307,-0.6022319455307427,0.4995919445363422,-7.925078972796201,-14.906697839964217,6.981618867168016,681,1.0176297747306562,51,19.87513759968925,42.3982397817851
krishna_80.990_15.770,2023Q2,0.041401716466357326,0.08952772304453076,0.05378423094329865,0.328491769631137,0.12271048912747186,0.6958022805980909,-0.5503484219219569,0.5013622606307286,-7.997594026151944,-14.900849195328929,6.903255169176985,509,1.0176297747306562,54,14.194582734775244,30.280309727304598
krishna_80.990_15.770,2023Q3,0.04285991170439565,0.08426112947272393,0.05342615851996813,0.26620911789443047,0.11119773040185342,0.6511596106346537,-0.5128491707447881,0.4179602526135171,-7.551359954868078,-14.568260143871907,7.016900189003829,357,1.0176297747306562,51,13.277741587551379,28.324476686812233
krishna_80.990_15.770,2023Q4,0.046165714033957334,0.08141149322289577,0.05503299681255875,0.27456061707835205,0.11389273406036785,0.6539002540622132,-0.5349487672892259,0.43300446104323115,-7.722735718918744,-14.69319127409456,6.970455555175815,574,1.0176297747306562,46,13.892977950892785,29.636917354183012
krishna_80.990_15.770,2024Q1,0.042096258150740994,0.08232996769432152,0.053006294610814325,0.2915945572082031,0.11757133564022537,0.671928092869862,-0.5395239075645258,0.45446069266640926,-8.331892320539534,-14.996999824465592,6.665107503926057,680,1.0176297747306562,48,15.014436901909072,32.029247232259486
krishna_80.990_15.770,2024Q2,0.040786122412344,0.08250880648210265,0.05195714765503013,0.28261180989447166,0.11824808638379039,0.6653360844728754,-0.5293322404008903,0.43436153757989915,-8.461995938599767,-15.10846957254473,6.646473633944963,513,1.0176297747306562,40,14.831611653945066,31.63923892854523
krishna_80.990_15.770,2024Q3,0.0323921331624126,0.08057537314948218,0.04645154470615499,0.2882611554358616,0.10781174311334991,0.6975625386796867,-0.5521353659615587,0.45836055562337463,-7.748135239589371,-14.640701172082945,6.892565932493574,242,1.0176297747306562,49,12.793877507509343,27.29228331534416
krishna_80.990_15.770,2024Q4,0.0490534106668185,0.08509788652836699,0.051830324780733725,0.28294656658042694,0.09706138726070312,0.673740296435007,-0.5276762177575073,0.4662281359042517,-8.069283252607395,-14.565757142537796,6.496473889930401,443,1.0176297747306562,52,13.658981220103117,29.137748508160573
krishna_80.990_15.770,2025Q1,0.035729641757140544,0.07380049498927237,0.04214910756618878,0.2929509151639797,0.10201574930054128,0.7259869731148278,-0.5762027223225845,0.48006369432180585,-8.132603269153993,-14.938906919308554,6.806303650154561,653,1.0176297747306562,51,13.452472871385575,28.69721870342585
krishna_80.990_15.770,2025Q2,0.047271126259729276,0.09278594074691468,0.05752679942064233,0.30605753997525087,0.11534944966978036,0.6531724747316371,-0.5029966502385771,0.47181193658014586,-8.147412261459309,-14.829656880438494,6.682244618979185,685,1.0176297747306562,54,14.440990439238742,30.805954034697265
krishna_80.990_15.770,2025Q3,0.03520547264684728,0.0833059015918158,0.04937231979644646,0.2746926313460859,0.10983629341066842,0.6686051914605254,-0.5130840194342151,0.41837256654574995,-7.851356773099843,-14.293578845183166,6.442222072083323,387,1.0176297747306562,52,13.718390040762802,29.26448118665644
krishna_80.990_15.770,2025Q4,0.04698217901838521,0.08196688134872099,0.05198493426450893,0.27768909630839417,0.0995790091629769,0.6736759176516922,-0.5247567452684581,0.46034966268844013,-7.909726876378228,-14.167613052619332,6.257886176241104,638,1.0176297747306562,54,13.317474992639315,28.40923717854797
krishna_80.990_15.770,2026Q1,0.06219492206927956,0.09283148978210247,0.06197374971657248,0.2874914434557889,0.10693456382894197,0.6303550564271527,-0.49155822430641816,0.47451344371324783,-8.356766530123297,-15.019893033085573,6.663126502962276,739,1.0176297747306562,55,15.252905851581254,32.53795634976868
krishna_80.990_15.770,2026Q2,0.06165345847380572,0.10064678689721836,0.06358905989427883,0.3007031766273042,0.11886066673676424,0.6267581948351016,-0.48070150029309056,0.469413058737604,-8.360829307928892,-15.019030757021593,6.658201449092701,696,1.0176297747306562,54,14.248201249281397,30.394690351004556
krishna_80.990_15.770,2026Q3,0.04142299700501596,0.08567453535087818,0.05372354105654058,0.27937356393819657,0.11724701296614264,0.6515269385147117,-0.5069165875112424,0.4316045517783484,-7.935724176941534,-14.967893080277863,7.032168903336329,408,1.0176297747306562,50,16.119156378182897,34.3858679606311
krishna_80.990_15.780,2019Q2,0.06957252058848959,0.09865485795955475,0.07760542175928438,0.23903213620479052,0.1242082430637478,0.49693134152260043,-0.40733409864522785,0.3298683731443197,-8.255805027893286,-14.881470498818302,6.625665470925016,597,1.018190717024227,68,13.906659750978342,29.666103780579522
krishna_80.990_15.780,2019Q3,0.060567278469208244,0.09408439434527198,0.07522912757392035,0.2406332497051396,0.12875972236373767,0.5086560766979601,-0.42202851542015113,0.3301974091770999,-7.637243155777514,-14.277446115516382,6.640202959738867,382,1.018190717024227,62,14.845940562987808,31.669805787182483
krishna_80.990_15.780,2019Q4,0.04811007184013799,0.0774766010301427,0.05140650036408358,0.2531412189748138,0.10000878290124202,0.638856657865307,-0.508833186324498,0.4102353248166574,-7.489529768139265,-14.203665428556755,6.71413566041749,541,1.018190717024227,153,11.653947246934726,24.860549885578564
krishna_80.990_15.780,2020Q1,0.0578864134434562,0.08653499102771665,0.058966711291525836,0.2656896821323786,0.11562357096313418,0.6226961840738626,-0.49714251370520984,0.42341841727330387,-7.9421452348084784,-14.512011429564584,6.569866194756106,718,1.018190717024227,75,16.42934966748423,35.047581591167386
krishna_80.990_15.780,2020Q2,0.0614918865522672,0.09544507251991907,0.06767547414052884,0.26080567216519296,0.12117622613499333,0.5727918790908523,-0.4485140138068325,0.39205963326580173,-8.14741395673602,-14.744065532829785,6.596651576093764,525,1.018190717024227,54,13.247669110865985,28.260325177372646
krishna_80.990_15.780,2020Q3,0.04961364363188691,0.08609379285566314,0.05900633235536329,0.25001573543784666,0.10576579015518686,0.5902819814449439,-0.4582707835395012,0.3801655969376146,-7.484522351300011,-14.270306888570678,6.785784537270667,279,1.018190717024227,55,11.924525968309188,25.43775653137621
krishna_80.990_15.780,2020Q4,0.04788579132023686,0.07864691275982032,0.0507273628842462,0.26435732057136635,0.09727962541258511,0.6640020572741965,-0.5308331721564992,0.42914376009099037,-7.4651241837007545,-13.9883670208229,6.523242837122145,493,1.018190717024227,51,10.959765067976232,23.37969963595894
krishna_80.990_15.780,2021Q1,0.05265966594229605,0.08424778141267714,0.05951705549257829,0.2627580990851293,0.10139006899035334,0.6135687035898617,-0.49906297522647225,0.42184224828805855,-7.703447898261025,-14.410961631181321,6.707513732920296,651,1.018190717024227,46,11.502144081907806,24.53671881984819
krishna_80.990_15.780,2021Q2,0.06750062569552816,0.10034779518071577,0.06991257623686814,0.2779574087069271,0.11849277033077119,0.5829243540022363,-0.4569681415091045,0.4277818298089717,-7.878111810126557,-14.559014120632185,6.680902310505628,504,1.018190717024227,59,12.742648033550816,27.182999064611607
krishna_80.990_15.780,2021Q3,0.0569297792988219,0.09601700932375441,0.0660528926028523,0.26776735602456636,0.11301953413363408,0.5849727537390669,-0.45377510698076506,0.40925433319817633,-7.397635926141401,-14.117517876420163,6.7198819502787615,314,1.018190717024227,55,12.504241805908686,26.67442374761859
krishna_80.990_15.780,2021Q4,0.04127191213296734,0.07560407853886035,0.045194381342213354,0.2802129004035875,0.09950690699495414,0.6964070274829455,-0.5506104573834985,0.46192981545227796,-7.6744169816374574,-14.11358841880025,6.439171437162792,501,1.018190717024227,50,11.870600981014585,25.322722130729744
krishna_80.990_15.780,2022Q1,0.03679319637128766,0.07246866184216479,0.04648547560500111,0.2954311304649316,0.11161572254265187,0.7066947811057226,-0.5862398957135145,0.4753182298898148,-7.944329704314688,-14.555360434606293,6.6110307302916045,646,1.018190717024227,54,21.597808389393826,46.07309279050659
krishna_80.990_15.780,2022Q2,0.04432065608534675,0.09038452430549702,0.05456597871823099,0.3116074384749486,0.11617915535987042,0.6573913873097152,-0.5085182675653029,0.49030677907013415,-8.020294450098353,-14.6675134880511,6.6472190379527465,546,1.018190717024227,50,14.139709499685756,30.16325249601465
krishna_80.990_15.780,2022Q3,0.04154447891874681,0.08191573643865467,0.04564926180296097,0.29504241406231313,0.10793205596287701,0.7047072688171344,-0.5364679157576052,0.4821089382456571,-7.453295878000608,-14.134044517254441,6.680748639253833,347,1.018190717024227,49,11.667892001233989,24.890297253792383
krishna_80.990_15.780,2022Q4,0.04679127605790268,0.07847687088045051,0.04529252849924744,0.2851297151056538,0.09828032866056732,0.7076681498772496,-0.5549397876470552,0.49241978635887107,-7.775481930823607,-14.322074085677572,6.546592154853966,495,1.018190717024227,50,12.702055965851722,27.09640684803387
krishna_80.990_15.780,2023Q1,0.03072279249704751,0.06861221326193286,0.03808317291421948,0.3141844745358909,0.10905923611549405,0.7645308222350999,-0.6262713246026267,0.5136630013116492,-8.179947686118057,-14.691973339405857,6.5120256532878,681,1.018190717024227,51,25.69803703803052,54.81982355063784
krishna_80.990_15.780,2023Q2,0.04587538875087343,0.08847117901842197,0.056415499907280495,0.32220000779225555,0.12761541806067514,0.6801315144690173,-0.5481072859934766,0.4976200571466491,-8.246156292472746,-14.697882638921174,6.451726346448428,509,1.018190717024227,54,20.512487377341355,43.75785344796589
krishna_80.990_15.780,2023Q3,0.04615426956567376,0.0858071724765266,0.05357717498907511,0.2794626662407112,0.1152492098367031,0.6717986511397543,-0.5349335902571707,0.44470173484593867,-7.841713951800204,-14.446960305445755,6.60524635364555,357,1.018190717024227,51,15.260997566770001,32.55521783936077
krishna_80.990_15.780,2023Q4,0.04664202720788871,0.07802259606850086,0.05206534101797248,0.2794752644340291,0.11473803150560397,0.6705601014672855,-0.548401199983701,0.45054130577278745,-7.883761349969079,-14.407162335983077,6.523400986013998,574,1.018190717024227,46,18.58799633459681,39.65247142085195
krishna_80.990_15.780,2024Q1,0.03998005845266462,0.08048729559575597,0.05018830954675719,0.29706615189292296,0.11973085761357294,0.6941568845248873,-0.5589284477864084,0.47251986966817466,-8.535431790039361,-14.81093446452367,6.27550267448431,680,1.018190717024227,48,14.42932135766648,30.781061199814868
krishna_80.990_15.780,2024Q2,0.04246549914689232,0.0848927262882805,0.051674250450952856,0.2950869238947041,0.12711639978120506,0.6799743981903549,-0.5362559116592436,0.46111331315094434,-8.6166405633424,-14.946042717790956,6.329402154448555,513,1.018190717024227,40,16.571415946087402,35.35064163867203
krishna_80.990_15.780,2024Q3,0.030179305209170327,0.07817437187403611,0.042948527326982205,0.3029577221211555,0.10795824299831365,0.7235654040431605,-0.5721298185317197,0.48360685701342254,-7.899842084590003,-14.447028128095997,6.547186043505994,242,1.018190717024227,49,13.592552715239805,28.996041228731013
krishna_80.990_15.780,2024Q4,0.041522635849038064,0.07971503084438661,0.04627435041979395,0.29300477583566437,0.09932824537417387,0.7182066339344411,-0.5684970843251226,0.49133503078183693,-8.09886081776915,-14.307217406466972,6.208356588697821,443,1.018190717024227,52,11.468421770726449,24.464781373966787
krishna_80.990_15.780,2025Q1,0.03470108127612414,0.07165742416671254,0.039640691686241535,0.29781172514945414,0.1043144149835312,0.7459896745463498,-0.5938588889069959,0.4935068459657471,-8.350636427676513,-14.726187423834759,6.375550996158246,653,1.018190717024227,51,16.433076204337812,35.05553115137955
krishna_80.990_15.780,2025Q2,0.04587515939176329,0.08966274159492274,0.05443264125615169,0.30982359631548767,0.117482287739824,0.6769459747739182,-0.5281446823011554,0.48526515746060467,-8.424712859538296,-14.630709027853932,6.205996168315636,685,1.018190717024227,54,14.781751782423687,31.532876354819688
krishna_80.990_15.780,2025Q3,0.03436085252428079,0.08258866933344615,0.046332106587406836,0.28229165796219624,0.11203990527741639,0.6932447976306545,-0.5370351448993248,0.443376179219003,-7.935436318447952,-14.087213024423296,6.151776705975344,387,1.018190717024227,52,13.754838155127054,29.342233397661687
krishna_80.990_15.780,2025Q4,0.04385391116227697,0.07895546144831446,0.04743863483094573,0.2909605171565383,0.1020003052647748,0.7040780242356957,-0.5566113314048685,0.48931634172720395,-7.847121659928613,-13.857322129402892,6.010200469474279,638,1.018190717024227,54,12.229670193285637,26.088699346422725
krishna_80.990_15.780,2026Q1,0.06346561745196988,0.09464922821721888,0.06227522561235859,0.2944041139345645,0.10711301596501752,0.653344768695217,-0.5097313275391456,0.49620391937716435,-8.481230007249572,-14.708239119839984,6.227009112590412,739,1.018190717024227,55,14.081898537177798,30.0399284164638
krishna_80.990_15.780,2026Q2,0.059795689546579746,0.09887037783320211,0.0620483992120683,0.30768634443809445,0.12251741714782947,0.6473409813077481,-0.4995227850403447,0.48333484527377313,-8.605600732514693,-14.827329193248016,6.221728460733322,696,1.018190717024227,54,13.506303268266146,28.81205132096339
krishna_80.990_15.780,2026Q3,0.04586829721463667,0.08992608006110525,0.056327308673557924,0.2952306680702186,0.12345200236346164,0.6598780933332725,-0.5161462241849807,0.46210713722929136,-8.155899108388162,-14.72853955386331,6.572640445475148,408,1.018190717024227,50,16.357873246906234,34.895105946497786
krishna_80.990_15.820,2019Q2,0.072167685566198,0.1036463110231466,0.07404295066250666,0.2699979834185858,0.12330002876235477,0.5376439214838201,-0.41167970506377566,0.402400350989665,-8.49236131438925,-15.04953897822926,6.55717766384001,597,1.014055394791236,68,13.123706692103212,27.995884826795333
krishna_80.990_15.820,2019Q3,0.055036730184064526,0.09332514807759977,0.06473615364547831,0.2575474136422913,0.12425836798447724,0.5759214392035882,-0.4506793133037545,0.3851724094973451,-7.7274248819236115,-14.385249840841798,6.657824958918186,382,1.014055394791236,62,14.33235834608281,30.574216794614234
krishna_80.990_15.820,2019Q4,0.05016428613212385,0.08119986433459474,0.048889292752538165,0.2599058896851839,0.09924870453993906,0.6460255433787504,-0.48886485123336026,0.43306145161692045,-8.12165203108827,-14.61938831976417,6.497736288675899,541,1.014055394791236,153,11.860058550713168,25.30023270213785
krishna_80.990_15.820,2020Q1,0.05514520600850557,0.08872114750982646,0.054446817906471504,0.2934552227251686,0.11390227434888038,0.6481914263736642,-0.49965289717588535,0.4790455346894374,-7.83972110188166,-14.57836096175815,6.73863985987649,718,1.014055394791236,75,14.440726910654185,30.80539186761483
krishna_80.990_15.820,2020Q2,0.05882349063128614,0.0998708430244009,0.06228686032625424,0.30111734724268824,0.12472832568057468,0.6169446820745893,-0.46387137645884474,0.46667449726205057,-8.26297158990437,-14.826540504563733,6.563568914659363,525,1.014055394791236,54,15.438094956825434,32.93300730474872
krishna_80.990_15.820,2020Q3,0.051680562723566636,0.09124834646501745,0.054699977463861155,0.2696036490075926,0.11692490946670955,0.6297416964921155,-0.4640550683671079,0.4359622074615005,-7.7273287385320995,-14.419618694483775,6.692289955951676,279,1.0139175968030867,55,14.992120874648899,31.981642013427276
krishna_80.990_15.820,2020Q4,0.05675222429341562,0.08458800839846144,0.055245287084391526,0.25503825393898116,0.09949053571413817,0.6135634552915253,-0.4748961781481274,0.4171715657319484,-8.278131716942715,-14.427799356340255,6.14966763939754,493,1.014055394791236,51,11.682449515873593,24.921351780747028
krishna_80.990_15.820,2021Q1,0.053533567779227534,0.08562646135142134,0.060550786055681066,0.24634532849597143,0.10419296619040366,0.587022634404838,-0.47031032846210036,0.3880173255736606,-8.132292614956572,-14.64962373936256,6.517331124405988,651,1.014055394791236,46,12.23233862600926,26.09439172716174
krishna_80.990_15.820,2021Q2,0.07308580958608434,0.10677873777370488,0.0739492901186553,0.2744012087704093,0.12298692058775845,0.5423553704187452,-0.41063155383958005,0.42088550874635944,-8.248962103205663,-14.878320340631138,6.629358237425475,504,1.014055394791236,59,13.232786499497832,28.228577144323765
krishna_80.990_15.820,2021Q3,0.05849064170901531,0.09250829308688178,0.06264311984571147,0.24628177155409361,0.11316186835180317,0.5710081974974749,-0.4305725804357822,0.3872757307791268,-7.890622275486015,-14.334974457224885,6.44435218173887,314,1.014055394791236,55,12.14889674354647,25.916391000235635
krishna_80.990_15.820,2021Q4,0.041725079149743306,0.07287383574511382,0.04518561909927626,0.25372581108196546,0.10007090633810833,0.6558628258869312,-0.5118404544621384,0.41786014716111036,-8.319113849858827,-14.524381146912301,6.205267297053474,501,1.014055394791236,50,12.80425035429909,27.314410983301446
krishna_80.990_15.820,2022Q1,0.04324071492383034,0.0790590230538012,0.0495131578863066,0.292131901644537,0.11345642642354867,0.6692839832764049,-0.5386009236807154,0.46368072910274716,-7.858155600515935,-14.704522094406833,6.846366493890899,646,1.014055394791236,54,14.714252063243409,31.38888392887274
krishna_80.990_15.820,2022Q2,0.04468213159365513,0.09208614334841968,0.05202510802071317,0.3230987781112383,0.11891594760716408,0.6739034968335139,-0.5131492909316789,0.5053918812154875,-8.173420012097178,-14.9014654915541,6.728045479456922,546,1.014055394791236,50,14.229180403498546,30.354114512155206
krishna_80.990_15.820,2022Q3,0.042622916243998325,0.08297785607680772,0.04873154630553482,0.2701490502311093,0.1141507024042682,0.6581280181103201,-0.4956424500032728,0.43550267548635524,-7.685498535399066,-14.33811046741335,6.652611932014283,347,1.014055394791236,49,13.821786921981982,29.485050515579626
krishna_80.990_15.820,2022Q4,0.04273406067527603,0.07543266570174738,0.04118716854907767,0.2591831381249306,0.0982025133563016,0.6857575010707618,-0.5189516937141486,0.4448195488516426,-8.094573953169133,-14.500304292244135,6.405730339075001,495,1.014055394791236,50,12.909438402076487,27.53880128246163
krishna_80.990_15.820,2023Q1,0.03709020336231691,0.07413214812367201,0.04202193412396161,0.30104410087820926,0.10990254537667578,0.724090492430639,-0.5777517890988588,0.4895980206142691,-8.204237243355442,-14.643933652318363,6.439696408962922,681,1.014055394791236,51,18.1527891135768,38.72407432075544
krishna_80.990_15.820,2023Q2,0.042646896465769656,0.08887318570599277,0.051601689697136535,0.33143200411704093,0.12246968214477855,0.7028838714288423,-0.5468706645240727,0.5175616998371898,-8.390559166897644,-14.77273486978321,6.382175702885567,509,1.014055394791236,54,13.294636897538185,28.36051826893538
krishna_80.990_15.820,2023Q3,0.047051730299983274,0.08926854335770132,0.056598016989207724,0.2750611716921862,0.11695081696272852,0.6480036072617957,-0.5104883796181326,0.4365121421483848,-7.949916346032792,-14.525615993936645,6.575699647903853,357,1.014055394791236,51,16.040829998957147,34.218779778675355
krishna_80.990_15.820,2023Q4,0.04823917668139218,0.07859743281214594,0.05153260725950024,0.2699282751809046,0.11229357271003172,0.663970199886742,-0.5369817806035331,0.4432631292245384,-8.243119382806155,-14.697016555652178,6.453897172846023,574,1.014055394791236,46,15.50883620831041,33.08391466465401
krishna_80.990_15.820,2024Q1,0.03855094278163344,0.08076721658933256,0.04707329574910746,0.3129596238615169,0.1132678926031139,0.7137633378219072,-0.5700103197474299,0.5032476543916772,-8.498454669966025,-14.913854105000743,6.415399435034718,680,1.014055394791236,48,12.073295496241368,25.755116151446973
krishna_80.990_15.820,2024Q2,0.042349278995434496,0.08866592728251722,0.049807837404940734,0.328934110532794,0.12213685890780478,0.7062740099641053,-0.549425783120319,0.5206130905974503,-8.559445816011845,-15.009392222924696,6.449946406912851,513,1.014055394791236,40,12.426979676300062,26.509605854873584
krishna_80.990_15.820,2024Q3,0.027605046494942248,0.0751173348763802,0.03886242819160213,0.31077572392305636,0.11157664021976617,0.7446855488061941,-0.5841526276767449,0.4998537149559806,-7.95661772771383,-14.483426353156908,6.526808625443078,242,1.014055394791236,49,15.281631190193293,32.59923410385604
krishna_80.990_15.820,2024Q4,0.04915141198583371,0.0831303660163988,0.04947706547260856,0.2857332969541342,0.10124588685005662,0.6857018769516766,-0.5337020381508308,0.4833354336676399,-8.364716712679982,-14.457243168887342,6.092526456207359,443,1.014055394791236,52,14.057482765363948,29.98784395955734
krishna_80.990_15.820,2025Q1,0.03719898655675009,0.07832857840076698,0.04196676216374934,0.30819118468219264,0.109282565822286,0.7370187954322914,-0.5717577181696505,0.5090965529005037,-8.387329765546248,-14.825559421150604,6.438229655604356,653,1.014055394791236,51,12.248924135927052,26.129772434483666
krishna_80.990_15.820,2025Q2,0.04732754244990389,0.09228073606153815,0.054094084221737934,0.3203325051641285,0.12038180125659566,0.6840187231006206,-0.5274959768992447,0.5139016268781179,-8.47756688907637,-14.719413466519658,6.2418465774432885,685,1.014055394791236,54,14.6737043834947,31.3023864020024
krishna_80.990_15.820,2025Q3,0.037320971244492476,0.0854774880058113,0.05023352364718812,0.291219827189962,0.1205713095379164,0.6757842554936823,-0.5133406997889006,0.44085618938593885,-8.048000365165322,-14.246909730174899,6.198909365009577,387,1.014055394791236,52,17.116596721577636,36.513637624371064
krishna_80.990_15.820,2025Q4,0.05050207026500481,0.08515535226022541,0.053605497200546054,0.2760789216581249,0.1026695076350622,0.658531948915762,-0.5112416109607905,0.4587488164161655,-8.316262116209945,-14.29687751713708,5.980615400927135,638,1.014055394791236,54,13.04111262400837,27.81969268291338
krishna_80.990_15.820,2026Q1,0.061740878389487296,0.09041010619089405,0.0572634899675061,0.2829798040858169,0.10437256570064753,0.6398440093040771,-0.49231741634233805,0.4801496072827472,-8.424068194705256,-14.804000464663932,6.379932269958676,739,1.014055394791236,55,15.903395837412235,33.92560110224291
krishna_80.990_15.820,2026Q2,0.06073812458591043,0.1012026948053595,0.06326359105882502,0.31835721315274074,0.1259994103262501,0.6415882383843974,-0.4939562103785114,0.49864623423491167,-8.52652716362805,-14.77446503419426,6.24793787056621,696,1.014055394791236,54,13.11108141058823,27.968952197509136
krishna_80.990_15.820,2026Q3,0.0466112284812691,0.08989702019758714,0.056990979274550595,0.28575649965748884,0.12440403976694672,0.6509353073021822,-0.5096499037915443,0.44923160951795416,-8.126040340060177,-14.757167954554921,6.631127614494744,408,1.014055394791236,50,17.299728040044297,36.904298846863696
krishna_80.990_15.850,2019Q2,0.06746608190613558,0.10132786408200554,0.07327739933223211,0.266726640602429,0.11437324316484615,0.5446915135888687,-0.4301877474796916,0.3968883317299908,-8.023363528324936,-15.235773620480263,7.212410092155327,597,1.005427408412483,68,13.750798683708924,29.333616276048385
krishna_80.990_15.850,2019Q3,0.0542076228831493,0.09134090384138187,0.0634275796517725,0.2531526530688895,0.12068962179289876,0.5878763986516147,-0.46382875363650883,0.37999451518399513,-7.315204490118109,-14.453845721750152,7.138641231632043,382,1.005427408412483,62,16.457626212201337,35.10790196465427
krishna_80.990_15.850,2019Q4,0.04566545947320118,0.0767264763500662,0.04599155224388459,0.2644654967177973,0.09097784634494945,0.6652188541156769,-0.5124650177963591,0.4454860784002916,-7.671452185528722,-14.704527764574514,7.033075579045793,541,1.005427408412483,153,13.188533650028148,28.134175638249545
krishna_80.990_15.850,2020Q1,0.056915949089644674,0.08827502992726576,0.05565779367714026,0.30763046544340933,0.10669428999575778,0.6598741125137167,-0.5212731597654205,0.5001237945022986,-7.8097288406076775,-14.861076029594798,7.051347188987121,718,1.005427408412483,75,13.442599835911757,28.67615724796204
krishna_80.990_15.850,2020Q2,0.0584974405401376,0.09957780883541961,0.0626522543607612,0.31552947724619057,0.11892689439523245,0.6409393707177549,-0.4958295582454784,0.4929831322173522,-7.897832843762762,-14.888481267408464,6.990648423645702,525,1.005427408412483,54,15.228059178986031,32.484952682388375
krishna_80.990_15.850,2020Q3,0.04501308613451307,0.08422430423693161,0.04849146589555651,0.2726083299211391,0.1038967527161056,0.6597615747398061,-0.4940569766265763,0.44859124588581306,-7.3428137335279935,-14.50458929477831,7.161775561250316,279,1.005427408412483,55,12.626799777175782,26.935868088664694
krishna_80.990_15.850,2020Q4,0.05082949937262182,0.08211256303544032,0.048511066462001526,0.2709290526539909,0.09106208072290206,0.6724347558011706,-0.5201358041499018,0.45451419168892365,-8.286792620328159,-14.535354971979972,6.248562351651813,493,1.005427408412483,51,13.683440461172616,29.189925694987263
krishna_80.990_15.850,2021Q1,0.04438444095190839,0.08224644366483244,0.053421802554880916,0.30116977659300387,0.09878648209341281,0.6728240211266882,-0.5482320547802549,0.48507720856866676,-7.929056689179736,-14.834297991505833,6.905241302326098,651,1.005427408412483,46,14.167657087679618,30.2228711291508
krishna_80.990_15.850,2021Q2,0.06429240989371666,0.10302606678127088,0.06456533007741329,0.32325467987821344,0.1196874452056223,0.633069318015265,-0.48945903353197184,0.5138865264753718,-8.038872023804453,-14.866591932984964,6.8277199091805105,504,1.005427408412483,59,15.033552099353825,32.07002434490456
krishna_80.990_15.850,2021Q3,0.05816029659288245,0.09652362656824381,0.06281446411353973,0.2899822181311283,0.11806882239694658,0.6130642382786224,-0.4669480872569305,0.45233355482335885,-7.325776141283351,-14.117603437719135,6.791827296435784,314,1.005427408412483,55,14.738893753975896,31.441450322794
krishna_80.990_15.850,2021Q4,0.03717401291536261,0.07101174003459369,0.0397654111315106,0.25484604772917274,0.10186194251033752,0.6981675566634332,-0.5349331149078331,0.43097810588459845,-7.947834505548745,-14.097786876693306,6.14995237114456,501,1.005427408412483,50,15.398845114131312,32.84927836281834
krishna_80.990_15.850,2022Q1,0.03333883719482018,0.07251985695449002,0.04225371631612152,0.2986695113342124,0.10802843062668381,0.7317437730128007,-0.5953609817289642,0.48554408302329816,-7.63793146167997,-14.773041625358188,7.135110163678218,646,1.005427408412483,54,18.46546277189202,39.391079148883215
krishna_80.990_15.850,2022Q2,0.03958749627043712,0.08807354514112639,0.05079558407728456,0.3357626264293278,0.1214302006029447,0.7107647366966897,-0.5500185460306047,0.5282785336136043,-7.955784997419269,-15.076408533962368,7.120623536543099,546,1.005427408412483,50,12.468494179337235,26.598165838187573
krishna_80.990_15.850,2022Q3,0.0408315445752793,0.07896813435581929,0.04513239009591667,0.2719899787130717,0.10986756524555417,0.688317915643874,-0.5225328371487542,0.44417718348468904,-7.463731018170552,-14.342811771658006,6.879080753487454,347,1.005427408412483,49,12.904486558216039,27.528237860583204
krishna_80.990_15.850,2022Q4,0.044110011738085944,0.07545233994747924,0.03879068164347185,0.2929000166956302,0.10371262193949372,0.7437256555092037,-0.5684196148120063,0.5142148237494653,-8.01564989965786,-14.500235233370889,6.48458533371303,495,1.005427408412483,50,13.072718956504097,27.887116259583234
krishna_80.990_15.850,2023Q1,0.028595427756483455,0.0719785422458749,0.033409792385756684,0.3415896167112748,0.11025062791490742,0.8029390829936238,-0.6334863160579328,0.570687448521414,-7.942665191222009,-14.69944947965051,6.756784288428502,681,1.005427408412483,51,19.910185740268606,42.4730055267132
krishna_80.990_15.850,2023Q2,0.048232590105152184,0.09413637326613279,0.05347612775256885,0.3788495030110905,0.13223797998670014,0.7393617303914187,-0.5858756979494647,0.5907610033186065,-7.982336271737253,-14.610059985919097,6.627723714181844,509,1.005427408412483,54,20.534331750739145,43.80445252062927
krishna_80.990_15.850,2023Q3,0.04345944871136726,0.0875844163556081,0.050692859291814635,0.2939841208567099,0.12555071795144876,0.708502768176185,-0.5504708803484852,0.4859527818450857,-7.482837206200346,-14.070692579601396,6.58785537340105,357,1.005427408412483,51,16.684115429587667,35.5910555578593
krishna_80.990_15.850,2023Q4,0.038870686274179014,0.07287157855636726,0.04180609771933906,0.2944389527874676,0.11639326760977639,0.7466925532140861,-0.6016410668343739,0.49204281842876807,-7.880810068651572,-14.429681846881785,6.548871778230213,574,1.005427408412483,46,24.69138139942323,52.67239554269162
krishna_80.990_15.850,2024Q1,0.034099228707500935,0.07959119337861031,0.04005377949370797,0.3568066111226191,0.116898711611566,0.7860751825364968,-0.6240194200757967,0.5842577354512906,-8.384192097132651,-14.947178102968694,6.562986005836043,680,1.005427408412483,48,11.264246137568204,24.029227788044622
krishna_80.990_15.850,2024Q2,0.040034294471110975,0.09108280672426855,0.04608073507858878,0.3790862705870249,0.13133972747371608,0.7690609271700446,-0.5975702363123409,0.6072302325581959,-8.228255172750501,-14.956303798559158,6.728048625808658,513,1.005427408412483,40,21.9191146612297,46.75851296877503
krishna_80.990_15.850,2024Q3,0.02636906816336217,0.0756399033826593,0.035305070010642856,0.33786353306308553,0.12206411271575833,0.7962775019702214,-0.6217188676386054,0.5560294752416435,-7.549662877646436,-14.329808274613644,6.780145396967208,242,1.005427408412483,49,17.46183438821689,37.25010897197592
krishna_80.990_15.850,2024Q4,0.041430519098906694,0.07877989932439716,0.04083149845205396,0.30259037721559856,0.1079258617289288,0.7530874621493294,-0.5835443615689334,0.5261527754760711,-8.11988933268576,-14.393085712114768,6.273196379429008,443,1.005427408412483,52,12.106192681468142,25.82529341388829
krishna_80.990_15.850,2025Q1,0.031392989610374775,0.07117484269194492,0.03595888650051843,0.30666396737673807,0.11227491474105274,0.7765289417117863,-0.6106915330626967,0.5127667385361006,-8.16035883865032,-14.81330254430066,6.65294370565034,653,1.005427408412483,51,17.190454242671155,36.671192704093386
krishna_80.990_15.850,2025Q2,0.0394509811129766,0.08771602804016582,0.05012578621804534,0.31262278533957394,0.12425651059777632,0.7058502880508576,-0.5523193463840126,0.5099692737221284,-8.20364210421323,-14.694623155967816,6.490981051754586,685,1.005427408412483,54,14.614406824007599,31.175891069177734
krishna_80.990_15.850,2025Q3,0.035286542830999974,0.08110017006526361,0.0478783701519898,0.26810787227378713,0.1229279064840355,0.6855812122015706,-0.5246422435103433,0.4230441620162554,-7.6369636863355606,-14.050136569767854,6.413172883432294,387,1.005427408412483,52,20.852453189916435,44.48307871832544
krishna_80.990_15.850,2025Q4,0.043801396935321764,0.07940461550414646,0.04555142594981656,0.2737486897823936,0.10737060342669046,0.709407804838274,-0.5459417223776337,0.47000306679235754,-7.837442038295959,-14.029824932184205,6.192382893888246,638,1.005427408412483,54,11.275659700109202,24.053575542063953
krishna_80.990_15.850,2026Q1,0.0580523663377799,0.08847101152962829,0.055748944887476164,0.29698418333221743,0.11261677429795262,0.6794185120223887,-0.5305542348551143,0.5079075756677758,-8.188107353224286,-14.679385839694666,6.49127848647038,739,1.005427408412483,55,13.934743876825012,29.726013680359426
krishna_80.990_15.850,2026Q2,0.05881875216831447,0.1003149283782751,0.058370548796788935,0.3336963442058188,0.13385939990921084,0.687443287289191,-0.5325066980615192,0.5338395458165047,-8.28416150711978,-14.583556831586757,6.2993953244669765,696,1.005427408412483,54,19.70046332981929,42.02561938907041
krishna_80.990_15.850,2026Q3,0.04228395985638271,0.08507832131562064,0.053681534661117664,0.2955730250891228,0.13410882040464994,0.6872734555819341,-0.542371751020993,0.46276931934788756,-7.785237592966232,-14.476141464167869,6.690903871201637,408,1.005427408412483,50,31.571860952040655,67.35004093872169
krishna_81.000_15.770,2019Q2,0.06269441149939292,0.09727284274953538,0.07068825769245038,0.268518518980869,0.13018960516720673,0.5542886700403558,-0.4414249360756312,0.39621950290126945,-8.340177886657322,-15.165929117324007,6.825751230666684,597,1.0313111545988258,68,14.058228580627771,29.989434955052584
krishna_81.000_15.770,2019Q3,0.05935255255819113,0.0955813012661265,0.07164080170450214,0.2546956669715837,0.12900427598046715,0.5380449537326544,-0.43199020857007675,0.3639904542012548,-7.681079273602313,-14.529786682883664,6.848707409281351,382,1.0313111545988258,62,15.967196495982984,34.06170258112578
krishna_81.000_15.770,2019Q4,0.04533294154604634,0.07770555985960984,0.04867304540247207,0.25981534225149067,0.10689804457338094,0.6519326470150167,-0.5124332834840526,0.42769576412100885,-7.704209905091722,-14.502261955087548,6.7980520499958255,541,1.0313111545988258,153,11.63550576555881,24.821209964263023
krishna_81.000_15.770,2020Q1,0.05623857985751655,0.0886763537095115,0.05696562635422713,0.2877427686299278,0.12121710245369416,0.6441548648966439,-0.504505910549027,0.46693727162455984,-8.06632542303166,-14.828953594056058,6.762628171024398,718,1.0313111545988258,75,16.64032919832838,35.49764945575006
krishna_81.000_15.770,2020Q2,0.06286746453261455,0.10131751686070477,0.06704622025157148,0.2962216553708401,0.12872431634537762,0.6028713820470972,-0.4651329802129169,0.4622457580866003,-8.352634442051702,-15.18432163648697,6.831687194435268,525,1.0313111545988258,54,15.751291649702377,33.601127885894606
krishna_81.000_15.770,2020Q3,0.04751104110129798,0.08576327488319502,0.05171818738084423,0.2630897038349583,0.11212657195259931,0.6336249481241134,-0.47693915673047965,0.4217564279152049,-7.69514358001963,-14.66241736186368,6.9672737818440496,279,1.028248106866332,55,13.291928407120913,28.354740435922547
krishna_81.000_15.770,2020Q4,0.058824930523118116,0.08752448779368517,0.05699899554796142,0.2690028141107031,0.10345972289326466,0.6295712571754821,-0.49163997830770506,0.4401071474658834,-7.97973181123611,-14.419620073312789,6.439888262076678,493,1.0313111545988258,51,12.15494364916443,25.92929044070704
krishna_81.000_15.770,2021Q1,0.04263208525545707,0.07768688056875914,0.04846459903837917,0.28202484770373226,0.10971360968612151,0.6904249786686434,-0.5615783880258867,0.4602244754018515,-8.110838535266087,-14.989463425972344,6.8786248907062575,651,1.0313111545988258,46,15.902530738539145,33.92375564737386
krishna_81.000_15.770,2021Q2,0.06348005899371145,0.10077594420321766,0.06522884231297661,0.3039019562694274,0.12575137553595525,0.6247411077945549,-0.48127608624575047,0.4784891249217377,-8.22460982819919,-15.102054045708762,6.877444217509572,504,1.0313111545988258,59,14.887350932661096,31.758143630080628
krishna_81.000_15.770,2021Q3,0.06158456367668216,0.09983353396968436,0.06643883305463909,0.282812081955227,0.12084525955380608,0.5974139335135654,-0.4569092684586367,0.4412514939807977,-7.717176764834697,-14.471613379453219,6.7544366146185215,314,1.0313111545988258,55,12.738829549492767,27.174853359864457
krishna_81.000_15.770,2021Q4,0.03523359210903713,0.07342239923152563,0.04181479428091338,0.2864190422937466,0.10715783318379424,0.7185637353695631,-0.5691139977002155,0.47313249316606953,-8.100385752333878,-14.589221732472684,6.488835980138806,501,1.0313111545988258,50,16.84320822081042,35.93043707287942
krishna_81.000_15.770,2022Q1,0.030695185811372264,0.07362505704512705,0.04262675706413146,0.3200080323190222,0.11919216072546494,0.7392437490905905,-0.6021714640769666,0.5121197649360026,-8.110491343066872,-15.144036174487479,7.033544831420606,646,1.0313111545988258,54,19.79629654798243,42.23005368505256
krishna_81.000_15.770,2022Q2,0.04087164143457775,0.09231309549423389,0.049047728106935536,0.3685303764135809,0.12778282453485595,0.7186517338610728,-0.5488122752912851,0.5746254761047942,-8.293544576417368,-15.309647095688717,7.0161025192713495,546,1.0313111545988258,50,14.320849522918909,30.54966582777631
krishna_81.000_15.770,2022Q3,0.04329952951029069,0.08349934674711573,0.04558415582510587,0.2971748276717274,0.11577782246915266,0.7043822152739633,-0.5329692637792008,0.4943261889076741,-7.694175391558855,-14.584624748851455,6.8904493572926,347,1.0313111545988258,49,13.129782518700349,28.008845962367147
krishna_81.000_15.770,2022Q4,0.03765411559301531,0.07567381127041498,0.03955083980818791,0.29447968199174956,0.1066024935317801,0.7352712855284697,-0.5686048447927903,0.5020108075573045,-8.090759565854096,-14.765946873909531,6.675187308055435,495,1.0313111545988258,50,14.800830888757776,31.573576476824755
krishna_81.000_15.770,2023Q1,0.03379029233932584,0.07812548931084372,0.04150335356669775,0.34450118723377493,0.12046821626429906,0.7596010040674788,-0.6093543648754954,0.5570578271428371,-8.216371270072836,-15.117512501082956,6.90114123101012,681,1.0313111545988258,51,17.665669741377418,37.68493666239855
krishna_81.000_15.770,2023Q2,0.04418759598832199,0.09404803350235597,0.0509073192565181,0.38135207735372,0.1359918682011015,0.7384871210005743,-0.5765857847500866,0.5923355645872224,-8.20227331041,-14.967570295232125,6.765296984822125,509,1.0313111545988258,54,19.132305812416426,40.8136087282211
krishna_81.000_15.770,2023Q3,0.031350463377592834,0.07399010686370888,0.040258378587787795,0.28758898694916635,0.1239354804786057,0.7391903165533207,-0.5792000837015175,0.4632225570289492,-7.716647238969879,-14.559253035374367,6.842605796404488,357,1.0313111545988258,51,23.094563356464246,49.266015388910226
krishna_81.000_15.770,2023Q4,0.04274888544996171,0.07982964981230209,0.04846551099666939,0.3058643367071463,0.12458105000196748,0.713987828894403,-0.5765963654302808,0.49483503796896433,-8.090055610821551,-14.795080935580764,6.705025324759212,574,1.0313111545988258,46,17.18248027394683,36.6541823947916
krishna_81.000_15.770,2024Q1,0.04788204158686487,0.08537793750292386,0.052972575495583415,0.32008888546543474,0.1242453662073424,0.6898293451869845,-0.5541676509573931,0.506363977488601,-8.715142779302806,-15.275235685388335,6.560092906085529,680,1.0313111545988258,48,16.022621814407636,34.1799375331488
krishna_81.000_15.770,2024Q2,0.04429689119455168,0.08875793699449787,0.053299382319215154,0.33057690634621606,0.13390567110059132,0.6954052935686151,-0.5538902410545905,0.5139120019674612,-8.804085317049346,-15.395622949448777,6.591537632399431,513,1.0313111545988258,40,23.892675622192215,50.96857241752911
krishna_81.000_15.770,2024Q3,0.032073415244394055,0.07964718488767139,0.04158503424562139,0.3228051576945776,0.12165932840929225,0.7456083018916804,-0.5849524445191105,0.5272514182862128,-8.051938374594027,-14.742793526109505,6.690855151515478,242,1.0313111545988258,49,14.30016505279996,30.50554109558446
krishna_81.000_15.770,2024Q4,0.03960315038517377,0.08063889357243469,0.044382621441488,0.32014917621384603,0.10948835326380921,0.734899454678862,-0.5806965715071859,0.5237717883043562,-8.48042970651692,-14.78546845740478,6.30503875088786,443,1.0313111545988258,52,11.016084906653397,23.49984280542023
krishna_81.000_15.770,2025Q1,0.035916074065846154,0.08058448647029752,0.04285482201618768,0.3384894237504235,0.11862759869543021,0.7574572598566258,-0.5946855815289213,0.5501293978530011,-8.406376507294738,-15.18353104057157,6.777154533276832,653,1.0313111545988258,51,12.900945535390182,27.5206840444604
krishna_81.000_15.770,2025Q2,0.05223274014923652,0.10039385318572765,0.058532059530116656,0.3570946579441901,0.13198674201571853,0.6952148661893917,-0.5362474498039325,0.5568918446027851,-8.360561882194343,-14.895512355695539,6.534950473501196,685,1.0313111545988258,54,18.17372150410349,38.76872792419869
krishna_81.000_15.770,2025Q3,0.03499175561176697,0.08653293888044421,0.0490707903611497,0.31073448544757837,0.1257397908635066,0.7089486808028748,-0.5406032149420094,0.4817587845197961,-7.850974177188496,-14.250797772110166,6.399823594921671,387,1.0313111545988258,52,14.706017768365658,31.371318284010673
krishna_81.000_15.770,2025Q4,0.0422710527785743,0.07998956779135005,0.04754075719743387,0.30511444650713415,0.11142922294779398,0.7193970549692622,-0.5766120427385123,0.49393385341383417,-8.187069928539072,-14.278534936739966,6.091465008200894,638,1.0313111545988258,54,11.436877585827755,24.397490372415344
krishna_81.000_15.770,2026Q1,0.054105415453894336,0.08910929208668052,0.05409531507773241,0.31767397780541284,0.118874665103608,0.6825836166103271,-0.5366194544441434,0.5179422074013198,-8.574698752546583,-15.139453069743151,6.564754317196568,739,1.0313111545988258,55,13.833551623684171,29.510147330191785
krishna_81.000_15.770,2026Q2,0.05863584266506194,0.10085241932792105,0.06149474610936649,0.330447422637383,0.1299843117519796,0.6681210973684741,-0.5178949431102506,0.5302648263994811,-8.572720693481614,-15.146235481948324,6.57351478846671,696,1.0313111545988258,54,14.679112464924877,31.313923083551696
krishna_81.000_15.770,2026Q3,0.04114499423192732,0.08453720722445798,0.05057349250601373,0.3034153542985497,0.13048782519085214,0.6987686751113372,-0.5488078883878794,0.4802662885098762,-8.16250935136527,-15.04439848993008,6.88188913856481,408,1.0313111545988258,50,21.597321695308487,46.072054560082925
muthupet_79.410_10.320,2019Q2,0.09525057290042792,0.11671025979008964,0.13238918960461032,0.22673088544808995,0.2993056180463989,0.26341598362475965,-0.3157216759199454,0.18100267195285116,-10.417623077771028,-16.93894768148453,6.521324603713504,597,1.0347087378640776,68,3.207119897647346,6.8415243792582485
muthupet_79.410_10.320,2019Q3,0.08257629626071947,0.10277098657144014,0.10924708381100315,0.22441189421500468,0.2202791588812765,0.34248013333686217,-0.37260622299580604,0.22394876543210285,-9.180666080354552,-14.934792695561839,5.754126615207287,382,1.0347087378640776,62,6.685419657205238,14.26153777533993
muthupet_79.410_10.320,2019Q4,0.0668402771931015,0.08118010583648023,0.070312098007354,0.16855210647794214,0.11965258949410185,0.3988757887677868,-0.3378109539312266,0.21788906053305576,-8.939907591876567,-14.937214176520413,5.997306584643846,541,0.9986650485436893,153,6.3832706106229695,13.616984364699237
muthupet_79.410_10.320,2020Q1,0.06927578112840005,0.0888070954973623,0.08371097154930053,0.18242432792420135,0.17850229149856142,0.369879522362379,-0.3543907990588411,0.20893574430111267,-8.71350323321389,-14.850158158328794,6.136654925114904,718,1.0347087378640776,75,7.611153549596141,16.236341086604977
muthupet_79.410_10.320,2020Q2,0.06713645958589336,0.092939028802479,0.08985174307265878,0.22611407886446216,0.20093450538579186,0.42279610335879814,-0.404675996892741,0.26680857025121946,-9.125768193972716,-15.218259887985422,6.092491694012706,525,1.0347087378640776,54,9.502074897501311,20.270111233596726
muthupet_79.410_10.320,2020Q3,0.05811654815549988,0.08083711015317427,0.06827549945759281,0.19257823705904747,0.13051466932653566,0.45723183130242606,-0.39443099936587295,0.25938341919648267,-9.189103127617495,-14.768877184327112,5.579774056709617,279,1.0055825242718446,55,9.535150099576724,20.340668246920053
muthupet_79.410_10.320,2020Q4,0.04856295547533161,0.06626830718253215,0.05502374259148319,0.15032161066974822,0.10654092571245158,0.4207176849578833,-0.3568616676125282,0.20394401212476188,-9.17370318110779,-14.837660733006752,5.663957551898962,493,1.0347087378640776,51,16.48129761680015,35.15839851508658
muthupet_79.410_10.320,2021Q1,0.06649005022523936,0.08351543767664042,0.07013632177098049,0.17015204110948193,0.1436117112654919,0.37810118881075716,-0.3017447252472344,0.21636069230511049,-8.899639888511722,-14.79906184383906,5.899421955327339,651,1.0347087378640776,46,6.0068135685734,12.813914908887837
muthupet_79.410_10.320,2021Q2,0.0655467630695481,0.09203261141961992,0.07936780725719064,0.19558867006935163,0.1630523000992472,0.4014699276609822,-0.3578110302492999,0.242626819853916,-8.321915797287453,-14.63962748573816,6.317711688450707,504,1.0347087378640776,59,10.309864530290854,21.993312311952362
muthupet_79.410_10.320,2021Q3,0.07387023481868245,0.10239844492474738,0.10009626335155263,0.21923918389353914,0.20822015152702722,0.36537133371310887,-0.3539507896291467,0.23540157555327756,-8.735383940805441,-15.046613256021661,6.31122931521622,314,1.034223300970874,55,8.336997254642373,17.784732653520752
muthupet_79.410_10.320,2021Q4,0.08085829674024661,0.09538998067743087,0.07484122468481545,0.15134224986750736,0.10322247351493745,0.3183689655500506,-0.21348861687821272,0.17609561896204923,-9.395883047348375,-14.996035543864767,5.600152496516392,501,1.034223300970874,50,9.838537471030245,20.98786328932585
muthupet_79.410_10.320,2022Q1,0.05099684180066238,0.07700531862429089,0.060356066979227165,0.1773430545759479,0.1138556452180114,0.45235401728655017,-0.3570567593467932,0.24598646234338692,-9.516281869745939,-15.511969435572432,5.995687565826493,646,1.0347087378640776,54,8.60256076470527,18.351240700092223
muthupet_79.410_10.320,2022Q2,0.03578970949351476,0.07007506815856906,0.05050099823844087,0.18981295789895145,0.101996716355713,0.5304285266560699,-0.4211108937172463,0.2787623572564738,-9.578020069458118,-15.646036823364014,6.068016753905896,546,1.0347087378640776,50,11.047812940144821,23.56752599830514
muthupet_79.410_10.320,2022Q3,0.030810601790748907,0.06801987902848809,0.04627813930506517,0.16454776116500905,0.08847872852214064,0.4520984503732082,-0.3498702062723467,0.23124963319251163,-9.960377452517431,-16.046019739155632,6.085642286638201,347,1.0347087378640776,49,13.799770676934319,29.438084801156595
muthupet_79.410_10.320,2022Q4,0.06139918408664495,0.09298978291741859,0.06452403454254735,0.1801020569069449,0.08914046400974159,0.39455540314089316,-0.2550866917680244,0.2461971208395319,-9.97191533960946,-15.742424174409859,5.770508834800399,495,1.0347087378640776,50,10.787146576980923,23.011464692413014
muthupet_79.410_10.320,2023Q1,0.04743903821780663,0.07683782469676141,0.05506495813684952,0.19423296665514025,0.09110356060257323,0.49941980138330794,-0.38036620944008387,0.2862604472412071,-9.485029747825362,-15.778406663766187,6.293376915940826,681,1.0347087378640776,51,10.244128056618363,21.85308129421999
muthupet_79.410_10.320,2023Q2,0.04229851390397871,0.0786164522498419,0.05868348474506924,0.23733258591580456,0.11835917205942846,0.5523678513253487,-0.45733045690207086,0.34134573670124635,-8.565303646500467,-15.34681739025084,6.781513743750372,509,1.0347087378640776,54,12.748946663786992,27.19643549159032
muthupet_79.410_10.320,2023Q3,0.031650964514617075,0.06139608942694544,0.044319816584040175,0.20147228480460863,0.09248652222536753,0.5940863529656943,-0.49371842362863977,0.31143355373015014,-9.27613849446476,-15.7312884561353,6.455149961670539,357,1.0347087378640776,51,14.802264878809341,31.576635507422452
muthupet_79.410_10.320,2023Q4,0.03915788663746113,0.07346826162570956,0.05168456417908201,0.227993065040183,0.10037378479814386,0.6003882371276853,-0.49492489621514957,0.34782528036732724,-9.050366903253327,-15.310690419623835,6.260323516370509,574,1.0347087378640776,46,12.960164437369462,27.64701158272966
muthupet_79.410_10.320,2024Q1,0.07360870706281147,0.10761947586816903,0.09197640995462295,0.30225033279353286,0.19149664127935553,0.5323169006765384,-0.4720599567901569,0.3963332023930651,-9.160426473333455,-15.572922194007566,6.4124957206741104,680,1.0347087378640776,48,16.74791234807516,35.727149058284375
muthupet_79.410_10.320,2024Q2,0.051707346000970794,0.0800800467576226,0.05953723456229103,0.2489592672743922,0.12387044340869496,0.575132065565839,-0.48742529555134706,0.37494331762121325,-9.158782846011416,-15.32010079630681,6.161317950295395,513,1.0347087378640776,40,12.320396676473774,26.28223980215415
muthupet_79.410_10.320,2024Q3,0.03899161545712415,0.07064384940456217,0.05449810517575738,0.2536368781248635,0.13165860171642038,0.6100152999053448,-0.5382620198157927,0.37103466395150564,-8.55620612242886,-14.993662405291605,6.437456282862746,242,1.0347087378640776,49,18.49388484055766,39.45170995842282
muthupet_79.410_10.320,2024Q4,0.03627981255398276,0.06214688404617513,0.03711495699424233,0.21263118689538632,0.08611452872908328,0.6646833093586046,-0.5294689194675068,0.36923456045213815,-9.193854387151788,-15.109036140161361,5.915181753009573,443,1.0347087378640776,52,18.378916534318435,39.206456118504114
muthupet_79.410_10.320,2025Q1,0.03523205761381589,0.06388622246711087,0.0357276023950482,0.2667251092303102,0.09574683422540427,0.7028191504261808,-0.5649126778620825,0.45386158358439876,-9.104610304243721,-15.049442614675026,5.9448323104313054,653,1.0347087378640776,51,18.30679596076888,39.052606347391
muthupet_79.410_10.320,2025Q2,0.03187128709573481,0.07565399936720016,0.041635559294329105,0.30251602885296874,0.1070114738439693,0.7137195343702071,-0.5684020762243416,0.4851799873622724,-9.336348906654113,-15.326496594265377,5.990147687611264,685,1.0347087378640776,54,15.351035953064617,32.747290426156034
muthupet_79.410_10.320,2025Q3,0.02112318932250584,0.07715972176852261,0.04497723509569356,0.297964453910071,0.11301257009965504,0.6925320423100596,-0.5601098154256626,0.44057057206367944,-9.168360667181526,-14.856854773373247,5.688494106191721,387,1.0347087378640776,52,15.555152787777237,33.18271858147004
muthupet_79.410_10.320,2025Q4,0.03460328122622261,0.06759776377146964,0.03967051823106926,0.240079965269714,0.0950645065726027,0.6721758482069456,-0.525476965803064,0.4063146837441173,-9.056804395688493,-14.736303870447038,5.679499474758545,638,1.0347087378640776,54,14.838759832525739,31.654487637538878
muthupet_79.410_10.320,2026Q1,0.04619260654227507,0.08271769614570378,0.05081652676872062,0.2954915437562741,0.11417817345182539,0.6669932968542867,-0.5255165352380519,0.476964024783044,-9.080271052671154,-14.942202665637144,5.861931612965989,739,1.0347087378640776,55,14.46836382890219,30.864347770729026
muthupet_79.410_10.320,2026Q2,0.044085087010347766,0.08832840442763092,0.05866766530283921,0.3296006415725188,0.15185549898315295,0.6704935197234911,-0.5571708655765263,0.48880317184178274,-8.658295114165131,-15.297144352961237,6.638849238796105,696,1.0347087378640776,54,22.73488354355518,48.498735621618216
muthupet_79.410_10.320,2026Q3,0.0695938257454673,0.11762066910598536,0.10016951371753936,0.3381991995156587,0.2308960704198817,0.5492885080340721,-0.4775881043780969,0.4183990005150881,-9.119473715309185,-16.018840263148824,6.899366547839639,408,1.0347087378640776,50,17.265554326629566,36.83139845619599
muthupet_79.420_10.320,2019Q2,0.10320876124593145,0.12339397244037931,0.14361341454631127,0.21510323870633055,0.31724018074268456,0.2041962336666939,-0.27771448592610415,0.13921002387844136,-10.525839100553434,-17.307385122054235,6.781546021500802,597,1.0090249798549558,68,2.342841598811417,4.997819983832479
muthupet_79.420_10.320,2019Q3,0.08186644283171167,0.09907984916379195,0.10843110170818278,0.18699425185896448,0.21766801416655968,0.2652146444667437,-0.32627214480386857,0.158017916176682,-8.921604068341987,-14.636866888069594,5.715262819727608,382,1.0090249798549558,62,6.518528828663902,13.905521253170695
muthupet_79.420_10.320,2019Q4,0.098159717231546,0.10300531698989984,0.09720033956002361,0.15958931605227267,0.14436832906189367,0.25261573951928484,-0.22567500089557985,0.15402366189614933,-8.801150437117027,-15.312483455709476,6.511333018592449,541,0.9290894439967768,153,5.938739047547011,12.668696298398709
muthupet_79.420_10.320,2020Q1,0.08312135831848713,0.09875277856464296,0.09810806891770026,0.18518072276383502,0.21294975981254213,0.31351694425809234,-0.31914205825670255,0.18637264225065517,-8.520950127096985,-14.944225004801355,6.423274877704371,718,1.0090249798549558,75,6.844017464002422,14.599863374733886
muthupet_79.420_10.320,2020Q2,0.0640071806498794,0.08599296112914764,0.08507050144605446,0.18779842683154938,0.17251848907494846,0.3636877718805202,-0.35991988750096465,0.2058919432673199,-9.101357528795921,-15.13578066903374,6.03442314023782,525,1.0090249798549558,54,7.589414127805332,16.18996589985817
muthupet_79.420_10.320,2020Q3,0.06418000361760824,0.08159245293540827,0.07966119043558048,0.16192234862412455,0.15565768436641939,0.33339556699958367,-0.3245310892107181,0.17471335534649918,-8.830331624928245,-14.82948756923749,5.999155944309244,279,0.9311039484286865,55,5.527011532193837,11.79038681082186
muthupet_79.420_10.320,2020Q4,0.05126078619490959,0.0624051842698536,0.05925945639023408,0.11937125156990504,0.10593725504433747,0.2776881902953952,-0.26089061744356823,0.11794435902303886,-10.094370363203456,-16.078248586525625,5.983878223322169,493,1.0090249798549558,51,16.47352816014453,35.141824477065114
muthupet_79.420_10.320,2021Q1,0.05439855762712785,0.06611161541464539,0.0619685246764845,0.12129470615102277,0.12340206384252593,0.2902317685966371,-0.2575057623167409,0.12364821141653247,-8.561329851571823,-14.893726035534815,6.332396183962992,651,1.0090249798549558,46,11.815687446625457,25.205578931764823
muthupet_79.420_10.320,2021Q2,0.06964406297166847,0.09156440812596241,0.08796473616315459,0.158917554958759,0.15907609196742012,0.288528723461958,-0.27849553731501653,0.15259260559194235,-7.584601082655215,-14.534658480917916,6.9500573982627,504,1.0090249798549558,59,8.827523211373581,18.831137340198463
muthupet_79.420_10.320,2021Q3,0.07022090013538962,0.09554097353298971,0.09552098127588705,0.16859129473665962,0.1637704789091714,0.2730879864447811,-0.27152833760998973,0.15163032586728897,-8.927610892606362,-15.591581566620526,6.663970674014164,314,1.0040290088638195,55,7.109072504013778,15.165286737737313
muthupet_79.420_10.320,2021Q4,0.0721337482439432,0.07991570597219311,0.06720978382600996,0.09084345199830339,0.08198167010906572,0.1621497947344179,-0.08956005579229594,0.06046575009959838,-10.598599376282616,-16.588917116716818,5.990317740434202,501,1.0090249798549558,50,16.335095178700506,34.846515088059284
muthupet_79.420_10.320,2022Q1,0.051169353488203756,0.07005301168871574,0.06225903826525464,0.131549972404856,0.10961393080958344,0.3292397087196366,-0.2784922616381269,0.15007182075021144,-9.25116276493626,-16.104160091054972,6.852997326118711,646,1.0090249798549558,54,11.96048370042962,25.514462644267482
muthupet_79.420_10.320,2022Q2,0.03611404236429906,0.05850996004838551,0.05274343725620937,0.12944844658891586,0.091332528464042,0.3970842929958344,-0.35592122652481595,0.15999729801833362,-9.79497111426957,-16.54681633803284,6.7518452237632705,546,1.0090249798549558,50,17.752964603953107,37.871156682090884
muthupet_79.420_10.320,2022Q3,0.02208192587804326,0.04264291407192823,0.03658498448311154,0.08308952173914039,0.06603046995171516,0.30062639771222455,-0.3034123123922026,0.09783052959465877,-11.035007233321954,-17.68431476803422,6.649307534712266,347,1.0090249798549558,49,22.501791065802834,48.001495755302585
muthupet_79.420_10.320,2022Q4,0.047251299863002014,0.06453619102398218,0.05692727718383457,0.08742112119376098,0.06070722708064326,0.1572082774450281,-0.10195703476092095,0.0651416632550956,-11.810961079413683,-18.080364391009404,6.26940331159572,495,1.0090249798549558,50,24.00344514901438,51.20486929523195
muthupet_79.420_10.320,2023Q1,0.05536302727161169,0.08022591675284255,0.0689937776790617,0.14247493660070853,0.09284431427968678,0.28999681884266604,-0.2343420290304684,0.1472882974138704,-10.464826520674917,-17.39766031866433,6.932833797989412,681,1.0090249798549558,51,10.264770408369149,21.897116178245323
muthupet_79.420_10.320,2023Q2,0.045868158605160976,0.07744072083455912,0.06466369376759333,0.178996785862069,0.11517646734045649,0.43430540669282186,-0.36255534021393165,0.21911873258641043,-8.887809094990741,-16.497142542228367,7.609333447237626,509,1.0090249798549558,54,10.046989566341937,21.432539552607608
muthupet_79.420_10.320,2023Q3,0.032401084108628776,0.05815802222477891,0.049176925120615875,0.1489568064581622,0.07395038291660307,0.4535907559481522,-0.39291203343668424,0.1967830059820923,-10.1234194574211,-17.207318389917315,7.083898932496215,357,1.0090249798549558,51,17.2454630019735,36.788539039699934
muthupet_79.420_10.320,2023Q4,0.044172463957599176,0.07456401617774575,0.06091756444549446,0.17447789662678415,0.09312780234224814,0.45552674103281704,-0.3743651242121345,0.23602140184389173,-10.057944712881202,-16.968180852904396,6.910236140023194,574,1.0090249798549558,46,10.761273658592291,22.956271806718835
muthupet_79.420_10.320,2024Q1,0.0812992646754426,0.11349518347461862,0.1071843091290885,0.23684959475986797,0.18814021642657267,0.3778464589942916,-0.34750892625295093,0.2501510324412508,-9.197345976213585,-16.641801702594098,7.444455726380513,680,1.0090249798549558,48,9.774345489227613,20.850927027985023
muthupet_79.420_10.320,2024Q2,0.05239668799296004,0.07348123968108385,0.059107243461355,0.2040111702713289,0.10096155961380852,0.4907340234942786,-0.4205361938698352,0.2949500764731704,-10.01567491724104,-16.37281471300091,6.3571397957598705,513,1.0090249798549558,40,10.118530101977864,21.58515196944224
muthupet_79.420_10.320,2024Q3,0.03788508602377566,0.06688029444567817,0.051980350775939974,0.21000572504351891,0.09766617451532808,0.5754385226562332,-0.5024260669099159,0.3047380733745999,-9.038877337862672,-15.903990853700103,6.865113515837431,242,1.0090249798549558,49,14.355298792177495,30.623154042436806
muthupet_79.420_10.320,2024Q4,0.04097548131944175,0.06585814442521963,0.04500691255585711,0.16481538081437597,0.06648786986980483,0.5354630082979028,-0.4241960769687737,0.25107676779197874,-10.313752773757553,-15.99214827194613,5.678395498188577,443,1.0090249798549558,52,13.350465485297278,28.479613487200712
muthupet_79.420_10.320,2025Q1,0.042157832475074944,0.06669601628025372,0.05123861903511621,0.17293632877291018,0.09432914519422761,0.4669391693252517,-0.3780058881020244,0.24781460634302002,-9.683340882435616,-15.6445430786952,5.961202196259585,653,1.0090249798549558,51,12.062301881756987,25.731664243220454
muthupet_79.420_10.320,2025Q2,0.03560217939450309,0.07184786154405597,0.05169977292280748,0.19666307426379415,0.09670768592627262,0.5237300343415799,-0.41776188871044984,0.283342038916162,-9.958408108318206,-16.066219853416545,6.1078117450983385,685,1.0090249798549558,54,10.2411094562047,21.84664192525955
muthupet_79.420_10.320,2025Q3,0.024473319861476186,0.07086544273321804,0.052798258927882896,0.1909793909292231,0.08910860922873312,0.5025638782141718,-0.4157333171383002,0.2544926019843917,-10.162930709454878,-15.924278304914417,5.761347595459538,387,1.0090249798549558,52,10.432886936780427,22.25574740014811
muthupet_79.420_10.320,2025Q4,0.028123089911806103,0.05871889592495799,0.04277358340774333,0.14774284448754366,0.07007139749538097,0.44669460276382517,-0.3475729284040953,0.21416071476649315,-10.291743225552604,-16.16215233725353,5.870409111700926,638,1.0090249798549558,54,17.686702215432675,37.72980376702745
muthupet_79.420_10.320,2026Q1,0.057779631609827645,0.08918745811124044,0.06612541409624491,0.22331577445549772,0.10351382794082467,0.4834619683814037,-0.37507765206354504,0.3130768787438593,-9.515374406204241,-15.875127422108545,6.359753015904303,739,1.0090249798549558,55,12.690840663304455,27.07248202818096
muthupet_79.420_10.320,2026Q2,0.0499657746349676,0.08695736627046811,0.06541182971018429,0.25584916717702255,0.1312489479741793,0.5487577631594693,-0.45814716020432394,0.35117074699193224,-8.779543779625609,-15.907324852382033,7.127781072756424,696,1.0090249798549558,54,12.613852889490657,26.908249399448152
muthupet_79.420_10.320,2026Q3,0.09426869211447482,0.1333802545665421,0.1349097540502644,0.3027144578969674,0.25652719507189703,0.39679453074402854,-0.38461802854421623,0.29585481333539837,-9.023206416213982,-16.614362739070472,7.59115632285649,408,1.0090249798549558,50,10.213134225555203,21.786964323981127
muthupet_79.420_10.330,2019Q2,0.10619796619194934,0.12864323890702933,0.14405440648225734,0.2303082420621114,0.3155564936756479,0.23847590468286722,-0.29227389215790284,0.17050880055984866,-11.12134808115443,-17.718847744938625,6.597499663784195,597,1.0008659883091577,68,2.026460326791046,4.322905962920463
muthupet_79.420_10.330,2019Q3,0.08484806814137358,0.10502549720324089,0.10909806570058096,0.205449988316053,0.20990537616238886,0.30364157570178507,-0.330310713418232,0.1960992827760384,-9.753523057528614,-15.411418260318825,5.657895202790211,382,1.0008659883091577,62,5.362042720120331,11.438470391842294
muthupet_79.420_10.330,2019Q4,0.08437425098263175,0.09673365307792095,0.08585989957959222,0.16225457706731744,0.12398035607259138,0.30529162933726833,-0.25018529654129024,0.17478436172259892,-9.476999408562916,-15.467996256302412,5.9909968477394955,541,0.9216280580212167,153,5.951946249726726,12.696870298304544
muthupet_79.420_10.330,2020Q1,0.08159274879960213,0.1012457628996582,0.09564431539158913,0.1819156011512523,0.18168663947949068,0.319809415980073,-0.30817660062424235,0.18748495566294202,-9.379829029893074,-15.554680865211603,6.174851835318529,718,1.0008659883091577,75,6.841631962607089,14.594774551592321
muthupet_79.420_10.330,2020Q2,0.06337266466721947,0.08757953660809727,0.08694803276971544,0.17985753381794758,0.1626656073370453,0.338924089791292,-0.33506297203896634,0.18719802738318497,-9.875994956712908,-16.068195579366048,6.192200622653139,525,1.0008659883091577,54,7.462588051392709,15.919416708872468
muthupet_79.420_10.330,2020Q3,0.06664381428204291,0.08623604263268117,0.08209623093328275,0.1674989339294336,0.1569382838369292,0.3397332966915149,-0.3189915354321321,0.18175752284342242,-9.498487884318683,-15.488083947344226,5.989596063025543,279,0.992422602294869,55,6.399540754450684,13.651692323616833
muthupet_79.420_10.330,2020Q4,0.05515448614828584,0.07269700366710415,0.06484223212846942,0.12732807603549393,0.09633369572259066,0.24205628914570834,-0.18271398368677041,0.1346945410101791,-10.135323771559715,-15.716906969231815,5.581583197672099,493,1.0008659883091577,51,9.969214752693397,21.266627986888135
muthupet_79.420_10.330,2021Q1,0.06760732362420956,0.08433777547224439,0.07900986918984554,0.1371672346331047,0.14811566955643565,0.25298910041833217,-0.223675761683469,0.12488116362503504,-9.395082413187826,-15.481824209529933,6.086741796342107,651,1.0008659883091577,46,5.43088250650766,11.585321489357336
muthupet_79.420_10.330,2021Q2,0.07280648616995754,0.0978737418984712,0.09746372776367952,0.1657998068919796,0.1831277244847194,0.2636210412403625,-0.269067339477957,0.14337490093515315,-8.79651045685863,-15.429678216405202,6.633167759546572,504,1.0008659883091577,59,6.733135260809378,14.363326132416391
muthupet_79.420_10.330,2021Q3,0.0711395540174254,0.09624907814939387,0.09795386041011811,0.17013055818568082,0.17082230043312793,0.2667523642900537,-0.2728823705208103,0.1472450836514401,-9.731199740456098,-15.971983954744207,6.240784214288109,314,1.0008659883091577,55,6.797912798089847,14.501511518269204
muthupet_79.420_10.330,2021Q4,0.07387390181769718,0.09028754324711162,0.07692763721661675,0.09200966799701824,0.08174432606210329,0.08474073603312385,-0.01098230179714066,0.03983240441139487,-10.764859186081054,-16.47077608405076,5.705916897969708,501,1.0008659883091577,50,17.22114145984466,36.73665559638442
muthupet_79.420_10.330,2022Q1,0.06741708369543135,0.09256950343359273,0.08527670396961712,0.15223010721874616,0.1316640539535676,0.26698013634976664,-0.23354323686446996,0.14107725516098557,-10.059304233038596,-16.50748726054329,6.448183027504694,646,1.0008659883091577,54,6.343995858751361,13.533202285764167
muthupet_79.420_10.330,2022Q2,0.04998875763494312,0.0795145080833433,0.0714536393149736,0.15475540156174472,0.10566949956966354,0.341319712657214,-0.29537147085470317,0.16279552047884305,-10.22301728916084,-16.500544136339435,6.277526847178596,546,1.0008659883091577,50,10.353576116675871,22.08655917937647
muthupet_79.420_10.330,2022Q3,0.04425504427282594,0.07346256692813731,0.06494679780458827,0.10903637622778395,0.06877804249316485,0.20357642042169177,-0.15526255186714452,0.09033198952020591,-11.098602331857732,-17.067324071472985,5.968721739615253,347,1.0008659883091577,49,16.491532688179227,35.180232276404574
muthupet_79.420_10.330,2022Q4,0.06417610751466829,0.09036273656102398,0.07823396408536626,0.09965114338419784,0.06036005085008551,0.08605761316843095,-0.017718223877991348,0.0487739600914335,-11.294184436128942,-17.208398704947143,5.914214268818201,495,1.0008659883091577,50,16.712666655511942,35.65196188953774
muthupet_79.420_10.330,2023Q1,0.06817438726438906,0.09499037573231954,0.08283969720297074,0.1636099792526937,0.10590511325741846,0.28718954074597797,-0.2308899668672462,0.16419364007189194,-10.316679794666948,-16.82244692030546,6.505767125638512,681,1.0008659883091577,51,9.778666575201536,20.86014489821717
muthupet_79.420_10.330,2023Q2,0.060957955863677096,0.0953054583462731,0.08405788543673125,0.20864830106327467,0.14507963283557657,0.41214160117407034,-0.3542830242480845,0.2501119659200733,-9.354279514622014,-16.310268928311558,6.955989413689544,509,1.0008659883091577,54,10.264102228713645,21.89569079735881
muthupet_79.420_10.330,2023Q3,0.04451543237623489,0.07760204229380031,0.06166646573254559,0.18765250190262756,0.082658213756092,0.47607001443121216,-0.38494472974049637,0.25109916426997236,-10.066148955195949,-16.352807481644223,6.286658526448274,357,1.0008659883091577,51,11.094367399220337,23.6668373670388
muthupet_79.420_10.330,2023Q4,0.05735480520610559,0.08724278028542862,0.06930114113279176,0.19815336221652594,0.09565382590383238,0.4613906318927059,-0.3656848191966653,0.267030406026692,-9.780102194304458,-15.819556069366277,6.0394538750618185,574,1.0008659883091577,46,8.91347369817879,19.014489497165936
muthupet_79.420_10.330,2024Q1,0.07798325069664289,0.1064723753727167,0.10277354763915016,0.24540516804323276,0.20472774890332657,0.4019553208087122,-0.3874158002800724,0.2737645217751571,-9.673349962234449,-16.170495986938562,6.497146024704113,680,1.0008659883091577,48,9.191144120587616,19.60682437236112
muthupet_79.420_10.330,2024Q2,0.059928961330368236,0.08237276327318623,0.0735140655595953,0.19544701819717664,0.13765251191391023,0.42032873819561545,-0.381820425793145,0.23789810803002215,-9.574627088034202,-15.933144086554712,6.3585169985205106,513,1.0008659883091577,40,8.86823307852373,18.917980850099173
muthupet_79.420_10.330,2024Q3,0.051829015284562206,0.08573604780056886,0.07461783050795025,0.21394619146978383,0.1199296232100811,0.47009351082519135,-0.4171941896207526,0.2623658392383849,-9.129334464720598,-15.798400830596513,6.669066365875915,242,1.0008659883091577,49,11.645604569211631,24.842753035179328
muthupet_79.420_10.330,2024Q4,0.05153829307773183,0.08126808255407304,0.06343689523272655,0.1692977075520208,0.07577882926703197,0.41079925605933637,-0.31879068293210117,0.21908324846068727,-9.579185082746937,-15.424053258258759,5.844868175511822,443,1.0008659883091577,52,12.414805851907689,26.483636287465043
muthupet_79.420_10.330,2025Q1,0.05831870755445626,0.0863776132236055,0.07275718331957837,0.18955375016059384,0.11840547043775479,0.4069276509748442,-0.34202475849798314,0.23748276230938173,-9.29472120148702,-15.22441448607574,5.929693284588721,653,1.0008659883091577,51,8.020170888316354,17.108869144083098
muthupet_79.420_10.330,2025Q2,0.047860291275949665,0.08794120495017817,0.06888154409683091,0.2137168616498989,0.11588675395692102,0.47973613236384516,-0.3906646144632467,0.28380515555474056,-9.39573618215946,-15.37436905618078,5.97863287402132,685,1.0008659883091577,54,13.147815206722646,28.04731383343695
muthupet_79.420_10.330,2025Q3,0.042657822077957396,0.08800655622788311,0.07184665037864245,0.21814481174539585,0.10990832747872305,0.4804823072738406,-0.4062319269324766,0.27081325772867915,-9.365216338536301,-15.139845996981142,5.774629658444841,387,1.0008659883091577,52,14.630375511740851,31.209955952910935
muthupet_79.420_10.330,2025Q4,0.04273851340409679,0.07333830443965943,0.060892877813795605,0.192037143038731,0.108371158958675,0.49058803263186285,-0.42328549260426224,0.2629691763722037,-8.66474997569483,-14.784613297817234,6.119863322122404,638,1.0008659883091577,54,12.233952286157436,26.09783403539963
muthupet_79.420_10.330,2026Q1,0.06228733589780091,0.09066065098827368,0.07677303781140668,0.24547424430713938,0.1543395863710421,0.5035798756377587,-0.4407671780534556,0.33183660167461354,-8.891327664484194,-14.871005939056294,5.9796782745721,739,1.0008659883091577,55,15.201171697379928,32.42759550000178
muthupet_79.420_10.330,2026Q2,0.0518640532955462,0.0852442922315404,0.07997879425698623,0.2535644226982442,0.18281452159124498,0.5029943063543747,-0.4844274600082754,0.31568936425783123,-9.038520298053832,-15.338804816999632,6.3002845189458,696,1.0008659883091577,54,13.261068521021071,28.28890920109778
muthupet_79.420_10.330,2026Q3,0.0718058553649286,0.10383815417409645,0.10754662236036769,0.26342428936347523,0.2437221969915807,0.4179446857803488,-0.4266131090173649,0.28020969547946023,-9.700923323754129,-16.426512093176264,6.725588769422135,408,1.0008659883091577,50,8.55029999841756,18.239756465624293
muthupet_79.430_10.330,2019Q2,0.09862457347572999,0.12853775123305067,0.13378800023408283,0.23950725563780192,0.2661525729549688,0.2878777045442363,-0.30735804703612,0.2076559278757022,-11.103416441645956,-18.0267362620304,6.923319820384444,597,1.0205908683974934,68,2.1936890232158275,4.679643234994701
muthupet_79.430_10.330,2019Q3,0.07720586175629529,0.10362079723706359,0.10079961566862565,0.20099812187766564,0.1801925362937805,0.32606701317271974,-0.31584456365094,0.1996039935776044,-10.43773331332451,-16.38355769807531,5.945824384750802,382,1.0205908683974934,62,8.323350418653472,17.755620813584148
muthupet_79.430_10.330,2019Q4,0.0696629896865958,0.09163597145062843,0.07381707153157645,0.17773263630117606,0.09652824546715022,0.3968324861258627,-0.30540453578683163,0.22757705325534666,-10.429867974425772,-16.22196006228645,5.792092087860677,541,1.0148356567335977,153,10.344648631785061,22.067514800782845
muthupet_79.430_10.330,2020Q1,0.07541144438598259,0.10241275765667014,0.0875718988666273,0.2229839186511062,0.1514222955357623,0.4212958401486511,-0.3587165734910995,0.2801488740772472,-9.90779270778748,-16.377574509476677,6.469781801689196,718,1.0205908683974934,75,11.488071804341894,24.506699415176257
muthupet_79.430_10.330,2020Q2,0.05775814487266085,0.08908661534611553,0.07558437886504368,0.20494234155308988,0.13271376897769757,0.4502602521040586,-0.38112086449237903,0.25893341923164653,-10.286024380351765,-16.902510524102563,6.616486143750798,525,1.0205908683974934,54,7.628304692270449,16.27292841869209
muthupet_79.430_10.330,2020Q3,0.06698994986880781,0.09602380188789512,0.08071217174615074,0.20066154668747488,0.14317371286761288,0.4077705462327374,-0.33512798716681075,0.24334965755916693,-9.960485999783149,-16.491476902758276,6.530990902975127,279,1.0063946796265506,55,9.803466508852638,20.913048860679716
muthupet_79.430_10.330,2020Q4,0.055037212566263524,0.08130972603730123,0.0630828244520585,0.16021183581087528,0.08315490963592384,0.38459343844013505,-0.2778378973788974,0.20929756707554678,-10.435586728135258,-16.226432946006952,5.790846217871694,493,1.0205908683974934,51,10.594281114447782,22.60003830177344
muthupet_79.430_10.330,2021Q1,0.06795638266214113,0.09358509561236027,0.07269628127322743,0.19076303469259748,0.11018687158793175,0.40314973915132457,-0.3030552242958934,0.25272273231662756,-9.78292280750421,-15.866283056581594,6.0833602490773835,651,1.0205908683974934,46,9.113808159081712,19.441848979197882
muthupet_79.430_10.330,2021Q2,0.06468606453670762,0.10406325137293074,0.08448741190538972,0.23070497432792803,0.14960063240595453,0.4400990893628987,-0.35550338491926337,0.2836130224258596,-9.630727731587555,-16.441762076973696,6.81103434538614,504,1.0205908683974934,59,11.106183653119361,23.69204415434382
muthupet_79.430_10.330,2021Q3,0.05865582239733699,0.09575580130239496,0.07709847339996996,0.20684248193554045,0.12590048618787772,0.4343533125232782,-0.3464940480988109,0.2613418900252816,-9.927296926835977,-16.356683929427184,6.429387002591207,314,1.0136846144008185,55,8.594229812019538,18.333468861894442
muthupet_79.430_10.330,2021Q4,0.05651099819162419,0.08355859379740328,0.058514529757207154,0.16133052353893534,0.07519004332614655,0.4174229302786948,-0.2781549730933965,0.22545762286724627,-10.065822412863607,-15.739650785436975,5.673828372573368,501,1.0205908683974934,50,10.78356478954854,23.00382391600863
muthupet_79.430_10.330,2022Q1,0.05921250776904461,0.09382081278494908,0.07035376589557037,0.2198002593990658,0.1019334504924779,0.468871757373392,-0.3601204887092759,0.29697513809475024,-9.783311275618903,-16.099991359126353,6.31668008350745,646,1.0205908683974934,54,9.171461810887353,19.56483747883923
muthupet_79.430_10.330,2022Q2,0.043975418658870724,0.09147377624651114,0.0629332405776731,0.24870812274596932,0.10347251346795355,0.5480197714690849,-0.4234493053375097,0.3454966083849942,-9.834695497690355,-16.214552956980096,6.379857459289742,546,1.0205908683974934,50,11.173060295108563,23.834707413334442
muthupet_79.430_10.330,2022Q3,0.04106427852581585,0.08795718939307338,0.057847634297705834,0.2211339462226809,0.08928338640359772,0.5160265385543122,-0.3776151377281818,0.3063647851118527,-9.868096839648173,-15.951131703029338,6.083034863381165,347,1.0205908683974934,49,10.052689342883365,21.444698486919084
muthupet_79.430_10.330,2022Q4,0.07363785613115341,0.10890488653422913,0.07772139606596527,0.19492579229828233,0.08551039917692059,0.3930820010817722,-0.25896741914995963,0.2581024472711084,-9.65632667122714,-15.135480642883891,5.479153971656752,495,1.0205908683974934,50,11.359088783110161,24.23154896479409
muthupet_79.430_10.330,2023Q1,0.05971508152269296,0.0948830522327949,0.06676369529215614,0.2332686185200412,0.10421190917198855,0.5144791477180075,-0.38784379936340946,0.33522083229749816,-9.397481362673446,-15.638907770065778,6.241426407392332,681,1.0205908683974934,51,13.169217876058655,28.0929706497446
muthupet_79.430_10.330,2023Q2,0.05078291586775905,0.0986251303443337,0.06890519183060863,0.2861664813770776,0.1424069264034619,0.5786723720128387,-0.4579375497684309,0.4001123513680308,-9.063222823991255,-15.855494321949736,6.792271497958481,509,1.0205908683974934,54,14.467649267455208,30.86282344681347
muthupet_79.430_10.330,2023Q3,0.03913392372623143,0.08700550120127087,0.058963215772695296,0.2550464964354939,0.10841114560172044,0.6035984540463822,-0.47426756990712365,0.371089299129964,-8.972998111393832,-15.48708539379177,6.514087282397938,357,1.0205908683974934,51,12.192072913405315,26.008495701063623
muthupet_79.430_10.330,2023Q4,0.05438998922156633,0.08641457465926257,0.0573663587002862,0.24046949495857062,0.09760063358796243,0.5783841930866588,-0.43730787864688037,0.37866791244837,-8.71786336093821,-14.955864121075855,6.238000760137645,574,1.0205908683974934,46,11.994318472879867,25.586639995901518
muthupet_79.430_10.330,2024Q1,0.06811946647853075,0.10319441396550479,0.08149207381495184,0.29727431144137684,0.190033943087563,0.5555227993396786,-0.4685780422676948,0.41656926095856966,-9.143811848104711,-15.72306743207615,6.579255583971438,680,1.0205908683974934,48,16.993767025984134,36.25161363284014
muthupet_79.430_10.330,2024Q2,0.05298179864506221,0.08611857155081377,0.05912790128028158,0.25595746514777123,0.13026682689872637,0.6022696896124969,-0.4780421968625595,0.3876867798678243,-8.982171298192704,-15.508331263116483,6.52615996492378,513,1.0205908683974934,40,14.481421714905643,30.892203244888165
muthupet_79.430_10.330,2024Q3,0.05163603891973575,0.08862684210877461,0.06327002972126419,0.2717993382292925,0.1340262473283109,0.5980729505183714,-0.4844344866476075,0.402446115143268,-8.575436213296895,-15.31833579374355,6.742899580446656,242,1.0205908683974934,49,14.423200635191312,30.768004291009163
muthupet_79.430_10.330,2024Q4,0.043827406977281706,0.0761480375924032,0.04758849681669531,0.22813908137767147,0.09119990875708768,0.6253305394251977,-0.47407833937862753,0.37157022651111177,-9.153338785896532,-14.93301125039077,5.779672464494238,443,1.0205908683974934,52,11.848479982374144,25.275532952799995
muthupet_79.430_10.330,2025Q1,0.04447845551845012,0.07835468574935077,0.04832591278419798,0.2618508220913342,0.1029363707575141,0.6514679274000639,-0.5068140035106081,0.42885509205281236,-9.150998252919068,-15.068991576058826,5.917993323139758,653,1.0205908683974934,51,11.885218969365077,25.353905662018665
muthupet_79.430_10.330,2025Q2,0.031156328970874822,0.08240040181835344,0.043680294209277756,0.304508445659222,0.10703157981092874,0.7207498458628963,-0.5499193331849589,0.48220150864666556,-9.329532313686888,-15.363396895160811,6.033864581473923,685,1.0205908683974934,54,13.422762346264005,28.633839319920764
muthupet_79.430_10.330,2025Q3,0.021751762756892366,0.08300788179273941,0.04806726824402942,0.3043170633947205,0.11211281326344803,0.6964740404128283,-0.5440801253873874,0.44163617674216993,-9.005928520251992,-14.84730877198414,5.841380251732149,387,1.0205908683974934,52,14.720547290459354,31.40231309642661
muthupet_79.430_10.330,2025Q4,0.034448432620140294,0.07213963965270885,0.042473102143398195,0.22936852901395052,0.08675989373575169,0.6411412753612322,-0.4865054419318707,0.37467267305751095,-9.143957765154475,-14.785319553338322,5.641361788183847,638,1.0205908683974934,54,13.192618672326454,28.142889930366962
muthupet_79.430_10.330,2026Q1,0.060098614169081875,0.09779696876342914,0.06578567649381581,0.294657433076365,0.12890943228572238,0.6070747665288497,-0.47276151812770495,0.44476148841345964,-8.783800507188683,-14.957613433079633,6.1738129258909495,739,1.0205908683974934,55,18.690061682481254,39.870200282919484
muthupet_79.430_10.330,2026Q2,0.04747354370294212,0.09473138933053288,0.061536382572474464,0.3110073883728122,0.15221169642109722,0.6520588150752835,-0.5197469104906286,0.4596015909637188,-8.799404383205587,-15.505479682853471,6.706075299647884,696,1.0205908683974934,54,19.25193018255487,41.068795023331525
muthupet_79.430_10.330,2026Q3,0.07417817887092937,0.13007027496117352,0.1089392187512385,0.32291994595818746,0.2416067991698122,0.4896592827804382,-0.4185754279186397,0.36699228013023383,-9.266452430156344,-16.30357090250698,7.037118472350636,408,1.0205908683974934,50,15.978030251476017,34.084813473356185
muthupet_79.520_10.350,2019Q2,0.08826584860305307,0.10969922888619998,0.1146646017619924,0.19731023935118736,0.22014001594652033,0.2720721443735894,-0.29519578624154585,0.17221028121716703,-10.373315524527415,-16.946836741385603,6.573521216858188,597,1.014915797914996,68,2.8432723249464784,6.065353821745577
muthupet_79.520_10.350,2019Q3,0.06159374703136563,0.08170169283460295,0.08378518057896112,0.1623022093014037,0.16875789994728,0.31252686499596155,-0.3327044807459971,0.16228813265292918,-9.403179327858105,-15.287312136302775,5.8841328084446705,382,1.014915797914996,62,5.587687123606392,11.919821802690862
muthupet_79.520_10.350,2019Q4,0.07421227160045687,0.09094732571645912,0.07525048598052436,0.18727412478080016,0.12538234986107455,0.4110923092224136,-0.334051068808933,0.24866196129679885,-9.330975108681582,-15.478489517523442,6.147514408841861,541,1.0125100240577385,153,8.239871829252587,17.577541782316498
muthupet_79.520_10.350,2020Q1,0.06631981093143215,0.0867960547642517,0.07748103785188502,0.20445912355594226,0.1733193151891409,0.45813404578244743,-0.41932801748684184,0.2742708517747095,-9.728224103616583,-16.15072048194672,6.422496378330138,718,1.014915797914996,75,8.988016558326652,19.173506562719165
muthupet_79.520_10.350,2020Q2,0.0637847184448116,0.0886510897094626,0.0790277508401962,0.2058916738116328,0.13993040549052274,0.4326102963070917,-0.39278888624088587,0.2641487181071477,-10.01096237430992,-16.29494794838594,6.28398557407602,525,1.014915797914996,54,8.696339660137097,18.55129265319426
muthupet_79.520_10.350,2020Q3,0.052408951544379134,0.07717460290847608,0.06427436330422127,0.19567901146058653,0.13403364757577976,0.47384947420358675,-0.40618465691707123,0.2611871151725281,-9.409650109555747,-15.456003796484612,6.046353686928866,279,1.006896551724138,55,11.760905552779393,25.08871655235559
muthupet_79.520_10.350,2020Q4,0.060597743743208206,0.08229205416056168,0.06318632783907026,0.1773255322953628,0.08746665999261227,0.4187792425552022,-0.3182081452726568,0.24578415609687046,-9.827913667285948,-15.368429650477921,5.540515983191973,493,1.014915797914996,51,9.173897189562712,19.570032701690867
muthupet_79.520_10.350,2021Q1,0.06476406028582142,0.08584584830649296,0.06937217807612958,0.18718666449858898,0.11350329385254455,0.42731004151900115,-0.3414553232294655,0.2550704134642644,-9.510343700252301,-15.488445502018727,5.978101801766426,651,1.014915797914996,46,7.806386540843533,16.652817960523652
muthupet_79.520_10.350,2021Q2,0.0505803095431553,0.08005184419150418,0.062008862593027646,0.21412714840669855,0.11584793934912531,0.5172601794681543,-0.4226614379991434,0.30281198024477984,-10.246852884677068,-16.350393816293185,6.103540931616116,504,1.014915797914996,59,9.826829898074042,20.96288834346849
muthupet_79.520_10.350,2021Q3,0.0549989543538877,0.08701634696429707,0.06786176500580673,0.2212044395654609,0.12665595265671553,0.5060452164123515,-0.4141802032965347,0.31069739789552475,-9.437800531217214,-15.58187433136218,6.144073800144966,314,0.9921411387329591,55,11.362159839544724,24.23810023451199
muthupet_79.520_10.350,2021Q4,0.04972375370439895,0.0728949935835822,0.05262463790078909,0.18137861603389507,0.09215499575594234,0.48731130125589606,-0.36636851669014786,0.27277306640495647,-9.636213862163874,-15.05326776424644,5.417053902082566,501,1.0036888532477948,50,8.76935344841886,18.70704785677057
muthupet_79.520_10.350,2022Q1,0.049418640566408295,0.07825744586683878,0.05886858535788695,0.21938000509463937,0.11274248279818212,0.5322718976263474,-0.43212574253400543,0.3219360496235768,-9.49512763012848,-15.612668001203893,6.117540371075414,646,1.014915797914996,54,12.291805612970267,26.221248487756565
muthupet_79.520_10.350,2022Q2,0.03133005070756682,0.07069554199287177,0.04803294860923032,0.23849798117871518,0.10348738253352693,0.6177510282968336,-0.5041043832065433,0.3582315127763396,-10.070130824425206,-16.33883828468281,6.268707460257605,546,1.014915797914996,50,13.592269723297251,28.9954375418294
muthupet_79.520_10.350,2022Q3,0.02552877321230234,0.07050050001271639,0.04405229459483436,0.2546175287498827,0.10904651311892262,0.6669102076164162,-0.5371797931763274,0.389667426612945,-9.560973816941692,-15.802719766578,6.241745949636309,347,1.014915797914996,49,15.103791828649783,32.21986184263057
muthupet_79.520_10.350,2022Q4,0.07226215460547478,0.09445044104415407,0.06854692538638282,0.21078098778774854,0.08729578783218647,0.46252122834887827,-0.3356546803187076,0.31933971503570835,-9.472776293527398,-15.025628755779532,5.552852462252135,495,1.014915797914996,50,13.226684024187724,28.21555916091798
muthupet_79.520_10.350,2023Q1,0.05841715146398517,0.08855284192314519,0.06850024782768814,0.25862910887162016,0.13744636582701736,0.5564467634312332,-0.4671831507640382,0.36691763463760785,-9.319624763490184,-15.467156228049404,6.14753146455922,681,1.014915797914996,51,12.741588175521839,27.180738143668453
muthupet_79.520_10.350,2023Q2,0.04183310505661282,0.08168867580875895,0.06046893630902704,0.281727300942392,0.14225083372934436,0.6160825056218495,-0.5238807883951835,0.39948431065340934,-9.773501050385931,-16.09235352580378,6.318852475417849,509,1.014915797914996,54,11.957751238771964,25.50863367508552
muthupet_79.520_10.350,2023Q3,0.04245008023295581,0.08169971779499587,0.06545566602906629,0.26462579057279745,0.14745575232923222,0.5768754034909044,-0.5074029132697602,0.3649366147897596,-9.558215117158,-15.780004206051345,6.221789088893345,357,1.014915797914996,51,12.468658261470338,26.598515863116372
muthupet_79.520_10.350,2023Q4,0.06723623112764923,0.0953978518592158,0.07495070555232845,0.26266224974405344,0.1439096924363942,0.5346741900394681,-0.4457786317119763,0.3739381055502087,-9.319908953181764,-15.273910756753574,5.95400180357181,574,1.014915797914996,46,14.692393348674777,31.3422542631935
muthupet_79.520_10.350,2024Q1,0.059954733985176784,0.09146312455995761,0.08080746602257127,0.28800383960728665,0.21693317028924108,0.5480255336076335,-0.5003558714744553,0.3842883445475034,-10.1506639770147,-16.295254960670555,6.1445909836558545,680,1.014915797914996,48,12.460693285440504,26.581524737300253
muthupet_79.520_10.350,2024Q2,0.05731431536064,0.09131995384202911,0.07804412277384638,0.2537810113300761,0.18044890969348057,0.5320112427082935,-0.47513163217560433,0.35589504954819023,-9.618722273600719,-15.605042681451046,5.986320407850327,513,1.014915797914996,40,10.691911470165838,22.808306305501873
muthupet_79.520_10.350,2024Q3,0.048537599863570695,0.08153538161089002,0.062095277445712305,0.25850987187343893,0.1442119641988334,0.5849796189478584,-0.4951375216004947,0.3817297324655469,-9.224587128882112,-15.603683266391695,6.379096137509583,242,1.014915797914996,49,13.742067009270677,29.314989606186487
muthupet_79.520_10.350,2024Q4,0.05194164501879024,0.0804262977840376,0.05653208890786578,0.2311242907766154,0.09981953646212918,0.5840930934632516,-0.46437618124708996,0.3645185990462184,-9.508232994630873,-15.135253200524756,5.627020205893883,443,1.014915797914996,52,12.171916572575025,25.96549759011422
muthupet_79.520_10.350,2025Q1,0.0428281943750994,0.07223404347830799,0.04628923059374096,0.26991297029897815,0.11561265233368635,0.6494958647185394,-0.5277834845114253,0.44207662498730993,-9.120877813767013,-15.030651317993048,5.909773504226035,653,1.014915797914996,51,20.65300540265248,44.057610715100346
muthupet_79.520_10.350,2025Q2,0.025347418930612303,0.07104617851654997,0.03956624904124334,0.29748303546956995,0.11301228563075467,0.7237902596996865,-0.5811197688829908,0.4665188264163922,-9.71703555285795,-15.726004213217735,6.008968660359784,685,1.014915797914996,54,18.45083749846619,39.35988007685303
muthupet_79.520_10.350,2025Q3,0.01209003543150328,0.0681959009881946,0.038222099328815005,0.29702651807861075,0.11815766576299983,0.739807971864367,-0.6063143006014546,0.4325906348159926,-9.243608156350716,-15.07884376871955,5.835235612368834,387,1.014915797914996,52,19.21732477866641,40.99497373759455
muthupet_79.520_10.350,2025Q4,0.03204020183878501,0.06535067103541989,0.038523052522244736,0.23307688640997776,0.0943874157527096,0.6865922534601742,-0.540764620795483,0.39072800343638925,-9.206675239156876,-14.862358022874398,5.655682783717522,638,1.014915797914996,54,14.75883506300998,31.48398972146478
muthupet_79.520_10.350,2026Q1,0.05988862613592889,0.0931078382823552,0.06707078353717842,0.28506265267090325,0.1511004844913241,0.5915480478202009,-0.4871357431934371,0.43397697210799524,-9.109588386387204,-15.186958726432252,6.077370340045048,739,1.014915797914996,55,17.956573995476923,38.30550234437124
muthupet_79.520_10.350,2026Q2,0.036056409640956695,0.07742405507095437,0.051835999858399706,0.29177461556057005,0.13233742422908668,0.6684272520454432,-0.5504453637091999,0.4482204916865491,-9.341082001021466,-15.665560933137552,6.324478932116087,696,1.014915797914996,54,24.06595306769192,51.33821306259244
muthupet_79.520_10.350,2026Q3,0.04653016380523188,0.09418284781313785,0.07795453068745994,0.30686650789995573,0.2120565942166242,0.5815945028002601,-0.5118667587283651,0.39500624559653275,-9.56621501883339,-16.213238096152054,6.647023077318664,408,1.014915797914996,50,12.757807326149537,27.21533732236198
muthupet_79.530_10.340,2019Q2,0.09637106534207465,0.11852954938936064,0.12904557208496828,0.20063583365834986,0.24994578352200236,0.2305657119991734,-0.27355135776626893,0.14766913612934876,-10.500344871208238,-17.099761907318157,6.599417036109919,597,1.0094494141363235,68,2.4059453370898107,5.132434771440097
muthupet_79.530_10.340,2019Q3,0.06426139270255316,0.08234902261513825,0.0854049592389787,0.15354407284275765,0.16123965294323134,0.2730336397382574,-0.303127768984008,0.14163249876865336,-9.399181403805578,-15.424812749861566,6.025631346055988,382,1.0094494141363235,62,4.674880508596658,9.972595347353648
muthupet_79.530_10.340,2019Q4,0.06813832083853409,0.08416739609224182,0.07261866438037291,0.16632735000355395,0.11260759808072618,0.362093768043092,-0.3003927508250063,0.20617186575984517,-9.235075856296785,-15.787605433028137,6.552529576731352,541,0.9972281718533451,153,6.4126907426008914,13.6797442728385
muthupet_79.530_10.340,2020Q1,0.07904832280079906,0.10040756593227457,0.09696709596529896,0.22399514052758315,0.23555662691091864,0.41151038479594493,-0.39409620620124775,0.2645078842437491,-9.710852141328807,-16.45115970439333,6.740307563064523,718,1.0094494141363235,75,8.135533493295613,17.354964113903
muthupet_79.530_10.340,2020Q2,0.07702359092891173,0.09789225139360144,0.08958180626854975,0.20645040176189652,0.1582843130094834,0.3872100854024331,-0.3636637240063502,0.2497050472968601,-9.853767773299861,-16.49082750345827,6.637059730158409,525,1.0094494141363235,54,11.001165412380804,23.4680160926531
muthupet_79.530_10.340,2020Q3,0.05749663012599181,0.07961131228819941,0.06628037363304717,0.1899859553795989,0.13175680120800212,0.43007409774237176,-0.3616115868390286,0.24527361258859734,-9.332746355049187,-15.605446666844733,6.272700311795546,279,1.0070555625551216,55,6.725502897819423,14.34704454671533
muthupet_79.530_10.340,2020Q4,0.060949133812376585,0.08205819993702484,0.06264865915952134,0.1644015633333381,0.08001368872818611,0.37836871748192397,-0.27372094359895316,0.22139598371434085,-10.104445609604205,-15.95410807358621,5.849662463982005,493,1.0094494141363235,51,10.450750635673248,22.29385477853724
muthupet_79.530_10.340,2021Q1,0.061749076356226916,0.08160587922424424,0.06416801828005857,0.1790208650368445,0.10328369743614263,0.41137523392002096,-0.3251298560218154,0.24482645629246785,-9.586013868954772,-15.825420268181315,6.239406399226542,651,1.0094494141363235,46,7.512154839994164,16.025154069320752
muthupet_79.530_10.340,2021Q2,0.05453653936016657,0.08073660132066776,0.06136028369654602,0.20609639596537305,0.10267010664546689,0.49338324822309493,-0.3953825631434466,0.29528796442488064,-10.428452964963007,-16.800404027198734,6.371951062235727,504,1.0094494141363235,59,8.37096770863863,17.857199445099187
muthupet_79.530_10.340,2021Q3,0.05304774711914342,0.08234593739635956,0.0630043381761611,0.20777405062172796,0.10848461692078357,0.497696638040567,-0.40287292974611094,0.29831775938521915,-9.461903444593313,-16.006503062677325,6.544599618084012,314,0.9934484061988157,55,12.94574774598683,27.616257464171486
muthupet_79.530_10.340,2021Q4,0.0491025938334157,0.0716662894370698,0.05059609302400477,0.16384929490559913,0.07828608077097295,0.4328029408051918,-0.3045804240362459,0.23647070103993745,-10.023336933280866,-15.513649013841667,5.4903120805608,501,0.9958422577800177,50,12.271091049844673,26.17705956026015
muthupet_79.530_10.340,2022Q1,0.04603604714235334,0.0730273377270443,0.05393186281320051,0.18936959904056014,0.08768370719880399,0.47574549272033145,-0.3758025383733435,0.27264836471505494,-9.833700428752298,-16.06797333821314,6.234272909460842,646,1.0094494141363235,54,9.799428270780929,20.904434370078004
muthupet_79.530_10.340,2022Q2,0.033539848707777216,0.07189232140453432,0.049555367095023915,0.23138842366770576,0.09352802360253369,0.5863256823586193,-0.47439361855677564,0.3450103076022299,-10.19760610315705,-16.705449945051203,6.507843841894154,546,1.0094494141363235,50,12.490540390071418,26.64519547631205
muthupet_79.530_10.340,2022Q3,0.025411878192795556,0.06903898196973551,0.042854568673067674,0.23122819020037447,0.0934575595989042,0.6104867144382514,-0.4810351200632353,0.3490725296621573,-9.86260418367606,-16.24975014285665,6.387145959180591,347,1.0094494141363235,49,12.45411162408216,26.567484539840788
muthupet_79.530_10.340,2022Q4,0.0673034699472702,0.08544940641780391,0.06059315982305192,0.18109407330103763,0.07549564276248111,0.41348575315859026,-0.27703242832901404,0.2740869756594382,-10.004330761868097,-15.679512101975048,5.675181340106951,495,1.0094494141363235,50,9.601104339693347,20.48136381056404
muthupet_79.530_10.340,2023Q1,0.060147881112637844,0.09067686822436459,0.06942824017297888,0.25125597692523877,0.11872501120931599,0.5089887850928115,-0.4174907845750488,0.34423097755708304,-9.499048499707364,-15.937626057387389,6.438577557680025,681,1.0094494141363235,51,10.90402804088071,23.260799737647957
muthupet_79.530_10.340,2023Q2,0.04794244652623965,0.08608017047774172,0.06483803587067874,0.28495206797587247,0.13262428748078212,0.6010017455773928,-0.5096398780393064,0.4024452140478434,-9.418070742505222,-16.32012405919558,6.90205331669036,509,1.0094494141363235,54,13.760062710827556,29.353378576618667
muthupet_79.530_10.340,2023Q3,0.03850687345314796,0.07684803124114198,0.05812452137830425,0.258281380329872,0.12276014914013549,0.5895774801201032,-0.5111742345700199,0.3691490717727386,-9.338874571272118,-16.185004634945873,6.846130063673755,357,1.0094494141363235,51,13.544984958038514,28.8945682620365
muthupet_79.530_10.340,2023Q4,0.05929494545162477,0.08567615612521254,0.06413160045262112,0.2495466674132547,0.119393992310797,0.5475446743405584,-0.45381767105387066,0.3754368185470065,-9.178573086898844,-15.636780120690144,6.4582070337913,574,1.0094494141363235,46,10.931062814531337,23.318471127842685
muthupet_79.530_10.340,2024Q1,0.07714761422225415,0.11008639894821055,0.1008055756576942,0.3094459144715455,0.23471890038804905,0.5023520135292704,-0.46233475400610535,0.39499511990577146,-9.703760780065085,-16.534766870405335,6.831006090340249,680,1.0094494141363235,48,15.20734447695025,32.44076345856459
muthupet_79.530_10.340,2024Q2,0.06452254675368584,0.09313108090660788,0.0785585421488472,0.25133829853627077,0.1552205731695858,0.49845465599066235,-0.4479358805648327,0.34070277656206627,-10.050460348321577,-16.27697322719605,6.2265128788744715,513,1.0094494141363235,40,9.710140011372513,20.713961976460187
muthupet_79.530_10.340,2024Q3,0.05234358445734024,0.08221321752553308,0.06285119803691938,0.25473298879580825,0.13251952445708218,0.5612390054624586,-0.4702546596539607,0.3722428061520272,-9.307367525747608,-16.121368679611628,6.8140011538640195,242,1.0094494141363235,49,12.668345690589883,27.024495077537054
muthupet_79.530_10.340,2024Q4,0.05631970591460981,0.0814301533050519,0.05826702069530712,0.21767305507074128,0.09183244844379551,0.533344192650805,-0.4233233936273037,0.3386000425003407,-9.881834312466227,-15.572694368648447,5.6908600561822205,443,1.0094494141363235,52,11.261003889897674,24.022311328046417
muthupet_79.530_10.340,2025Q1,0.04000941748942963,0.06643498283724027,0.04372204141870127,0.24633415499991218,0.09778425064206969,0.6118455697469939,-0.4976560616374239,0.40303787442839134,-9.533388017527066,-15.559627897988516,6.02623988046145,653,1.0094494141363235,51,13.783419134188495,29.403203199624926
muthupet_79.530_10.340,2025Q2,0.024727959157738184,0.06555787656395223,0.037530644178346596,0.2828761508462657,0.10043438804978992,0.7091068766251559,-0.5824137790691962,0.4466249136523118,-10.21175227904858,-16.259107428610655,6.047355149562074,685,1.0094494141363235,54,10.919229616545516,23.293228194903396
muthupet_79.530_10.340,2025Q3,0.011091429241743271,0.06295584879350934,0.037786218693828734,0.28356095852063895,0.11743317835007491,0.7197650972406288,-0.6102488841359873,0.4059456845095478,-9.336920262944515,-15.489157558028241,6.152237295083726,387,1.0094494141363235,52,21.70597229338607,46.30383127541996
muthupet_79.530_10.340,2025Q4,0.027559054035510067,0.05932506045382424,0.03451076652082638,0.22018420437905667,0.0827882332538529,0.6696159508950286,-0.5340116780061784,0.36787188190605186,-9.73030612212429,-15.302876297555176,5.5725701754308865,638,1.0094494141363235,54,13.909530633227277,29.67222803271942
muthupet_79.530_10.340,2026Q1,0.0683933551076634,0.10011403591814154,0.07580282817743585,0.2908502901066631,0.1546568158859765,0.5545175733353297,-0.4622090350365857,0.42595514620181607,-9.178645184489415,-15.48275052651184,6.3041053420224245,739,1.0094494141363235,55,15.947753286795729,34.020225743991254
muthupet_79.530_10.340,2026Q2,0.035716663350179895,0.07700360716295535,0.051442249687850404,0.2927902006931674,0.11637660738234777,0.6555965448529811,-0.546541950535379,0.4479198146466762,-9.51028547124677,-15.933975760803607,6.423690289556838,696,1.0094494141363235,54,19.142244501804374,40.83481023858415
muthupet_79.530_10.340,2026Q3,0.04944558466268696,0.09766954170721773,0.08426017824983377,0.3069030869334689,0.2144087716263164,0.5567949846715701,-0.49848354722357746,0.38294759908054127,-9.522626919519903,-16.34126686470839,6.8186399451884885,408,1.0094494141363235,50,14.041421593909671,29.95358178677593
muthupet_79.530_10.350,2019Q2,0.08549690498524451,0.10870054445410313,0.11399641620681837,0.19843025075800308,0.23051743443157216,0.2659268210642554,-0.2909692106154008,0.16648086934160006,-10.91344046117666,-17.286080624888697,6.372640163712038,597,1.0291364734299517,68,1.9632965263297206,4.188163048862351
muthupet_79.530_10.350,2019Q3,0.06596774821703613,0.08822750490707279,0.08988605289747954,0.1683236077206799,0.17112258241341075,0.29406906122725196,-0.31350038423087206,0.1583575777494178,-9.62247397391155,-15.32303615938587,5.70056218547432,382,1.0291364734299517,62,6.800618943482093,14.507284348804305
muthupet_79.530_10.350,2019Q4,0.07684373921123436,0.09660058641030038,0.07832685651539929,0.1963166072383259,0.12230252129082153,0.40731107206963874,-0.3225122569605879,0.2562391922037617,-9.530937934184898,-15.492635196967557,5.961697262782659,541,1.0277777777777777,153,10.236829673956981,21.837512165375255
muthupet_79.530_10.350,2020Q1,0.06658277117399657,0.0907105415257377,0.08234404381818514,0.21905709982052046,0.19066974632942457,0.4489939083539808,-0.4074572931324205,0.2800912333743857,-9.93943729667378,-16.22669415864608,6.287256861972299,718,1.0291364734299517,75,8.941639679982007,19.074574014528018
muthupet_79.530_10.350,2020Q2,0.06987692671640107,0.09644107331451389,0.08753545257863327,0.20734114721966435,0.1543588876883988,0.39405858328610566,-0.3571015467970002,0.24516034211174145,-10.128690647301797,-16.321198112439184,6.192507465137387,525,1.0291364734299517,54,9.48688212146516,20.23770154797312
muthupet_79.530_10.350,2020Q3,0.0598999404140032,0.08672244539350214,0.07294876971860899,0.19845625701545055,0.1395038052130573,0.42870859909899706,-0.3603256903126374,0.2511163915586285,-9.659392375511104,-15.418826664898068,5.759434289386965,279,1.028532608695652,55,8.861350309267918,18.903298320239603
muthupet_79.530_10.350,2020Q4,0.06444914971558498,0.08846982702423305,0.06853938227004816,0.17701687340966393,0.08814682743096762,0.4034731067279828,-0.3016016676800995,0.23513388197032525,-9.93916353895456,-15.326938259688278,5.387774720733718,493,1.0291364734299517,51,9.902492847619138,21.124294817326575
muthupet_79.530_10.350,2021Q1,0.06994393090867561,0.0909985352031131,0.07648335817229755,0.18708684812457027,0.13763617369436743,0.389229995815544,-0.3158224535241328,0.23463025456315786,-9.593257989394894,-15.451783259467112,5.858525270072217,651,1.0291364734299517,46,7.484289035705767,15.965709899638616
muthupet_79.530_10.350,2021Q2,0.05665717309632088,0.08676053721906914,0.07128840634851821,0.20449372142084038,0.12751143971423795,0.45297264110314733,-0.3770132554110277,0.2665049476090389,-10.43420349927363,-16.37019132321376,5.935987823940129,504,1.0291364734299517,59,6.491116411366326,13.847044262218986
muthupet_79.530_10.350,2021Q3,0.057751578832658024,0.08873877889277779,0.0722457904948277,0.2065224711469873,0.12843865201689617,0.4503072642591754,-0.3715472047229949,0.27463528607459775,-9.588265225374954,-15.574313665056792,5.986048439681838,314,1.008605072463768,55,9.21179358703631,19.65087443367347
muthupet_79.530_10.350,2021Q4,0.05617787771065089,0.08224239330605075,0.06133022890113332,0.1870743100836192,0.09784816946414626,0.4659528898027155,-0.3472544048885119,0.2681434567591023,-9.751316982475664,-15.015610261822115,5.26429327934645,501,0.9892814009661836,50,7.888069793316011,16.827067125195516
muthupet_79.530_10.350,2022Q1,0.048329102002254175,0.07515623578031079,0.058354798361159955,0.20031997878311747,0.11956050270934951,0.5116303139307178,-0.42283362655805623,0.285094750057957,-9.7894585480994,-15.635798270624477,5.846339722525077,646,1.0291364734299517,54,10.861155360861236,23.169342450450014
muthupet_79.530_10.350,2022Q2,0.039810003789977205,0.07687043099755544,0.05961496616213935,0.22461098834172633,0.11656414748069616,0.5370869288271884,-0.45250232870522883,0.312621991500305,-10.358705369460893,-16.427962999090543,6.06925762962965,546,1.0291364734299517,50,9.590249700144584,20.458208367839433
muthupet_79.530_10.350,2022Q3,0.03284215660614036,0.07579174105301312,0.0541164086852919,0.24067323766232337,0.12492207862928631,0.5936211915877422,-0.48836863670513314,0.34586843487613816,-9.721513091916727,-15.771748263510595,6.050235171593869,347,1.0291364734299517,49,10.779168981337797,22.99444664605923
muthupet_79.530_10.350,2022Q4,0.0747922842635294,0.09755243138898544,0.07284258300388732,0.21165571326026764,0.09508805214404005,0.44764046366518373,-0.3264846617156015,0.30765562681252895,-9.580407062627101,-14.980343741343273,5.399936678716172,495,1.0291364734299517,50,10.705181821592236,22.836615017275207
muthupet_79.530_10.350,2023Q1,0.0583498198115423,0.0885768192008308,0.07171891499111761,0.2430737117495464,0.14541023421171193,0.521431790729177,-0.44796681519750825,0.331195655483646,-9.518673550753899,-15.475257607191828,5.956584056437929,681,1.0291364734299517,51,11.053200270996244,23.57901841409732
muthupet_79.530_10.350,2023Q2,0.04547927917013162,0.08427831580266272,0.06560221312460307,0.26375530960865373,0.14756605244644633,0.5666324934570833,-0.4793956775128944,0.3625723294118179,-9.995567265353886,-16.215663182012214,6.2200959166583285,509,1.0291364734299517,54,11.711068211668204,24.982402041176965
muthupet_79.530_10.350,2023Q3,0.04539336253851991,0.0862049229804784,0.07010278533022715,0.2504533119643161,0.13815545432635887,0.5339210373346841,-0.4659284540700432,0.33419131363223303,-9.761227705109102,-15.823750348913443,6.062522643804341,357,1.0291364734299517,51,9.259117111645686,19.751826396075927
muthupet_79.530_10.350,2023Q4,0.06651583603228808,0.09922337484478987,0.07447727709797561,0.2615480579027626,0.13208866635813482,0.5349441327591709,-0.43427345859910976,0.3729276887592172,-9.496274609440809,-15.272384049910157,5.776109440469348,574,1.0291364734299517,46,13.09872834092841,27.942600258718713
muthupet_79.530_10.350,2024Q1,0.06467677238910315,0.09602244044829922,0.0862273005758561,0.2728182236969208,0.20175410105940048,0.49690194282613137,-0.4533579866098583,0.35439216252953465,-10.205849895466102,-16.31640736028585,6.110557464819749,680,1.0291364734299517,48,12.833977435036763,27.377825683743477
muthupet_79.530_10.350,2024Q2,0.05927905509885347,0.08834416220566738,0.07154973087628547,0.23312119892361519,0.15556983973592955,0.5126091980069248,-0.43572881923778717,0.3218061055688079,-9.814052750446416,-15.662250403992049,5.848197653545633,513,1.0291364734299517,40,8.503695866084138,18.14033913240667
muthupet_79.530_10.350,2024Q3,0.04589814406771691,0.0814957986162017,0.06384340956555443,0.24847782490006456,0.1432147843402283,0.5660307214968728,-0.4865966237688301,0.3475807895879752,-9.494182867179925,-15.64839074619785,6.154207879017925,242,1.0291364734299517,49,12.419795579399084,26.49428052384151
muthupet_79.530_10.350,2024Q4,0.05711013841328635,0.08429453541554639,0.061547199504998575,0.22228526441930746,0.10413520280420707,0.5353137124322067,-0.4239282725123685,0.33943190849311605,-9.624432348463143,-15.05337616743165,5.4289438189685075,443,1.0291364734299517,52,11.843455577976075,25.264814742605903
muthupet_79.530_10.350,2025Q1,0.044185943728787765,0.07150864714979227,0.05000130397129851,0.24265203690596254,0.12298298696966692,0.6006010528098343,-0.4903334154457557,0.38227607171977107,-9.234739225944889,-14.970386554624376,5.735647328679487,653,1.0291364734299517,51,16.526326045589204,35.25445451023226
muthupet_79.530_10.350,2025Q2,0.03135680932243336,0.07469705187559975,0.048752880997583264,0.27138877679595885,0.12238328718630999,0.6511446651238535,-0.5314856181609596,0.409304012448928,-10.074119145304248,-15.85676107288201,5.782641927577762,685,1.0291364734299517,54,14.152989215675534,30.191581184555517
muthupet_79.530_10.350,2025Q3,0.020448681384576638,0.07403101216475014,0.05140888951606326,0.27970172218270495,0.1334815274895238,0.6539533673489654,-0.5531889596713643,0.38323294952734527,-9.435541510494406,-15.194601179418392,5.759059668923985,387,1.0291364734299517,52,15.645069320246858,33.3745312260302
muthupet_79.530_10.350,2025Q4,0.03340602730795985,0.06803298210944285,0.04399924838007782,0.2303069271896505,0.10305810984574278,0.6491353366754747,-0.5234308040583457,0.3739970879393634,-9.284780887388665,-14.675043436702184,5.390262549313519,638,1.0291364734299517,54,14.891807670234323,31.767650876373967
muthupet_79.530_10.350,2026Q1,0.05812888772072326,0.09017804658077798,0.06713300914183949,0.2677495279195375,0.151890456175898,0.5701235735568488,-0.47423240198261574,0.3985536879409474,-9.382718662641274,-15.324550139326789,5.941831476685515,739,1.0291364734299517,55,15.018102433227604,32.03706665363412
muthupet_79.530_10.350,2026Q2,0.038321699774957564,0.07904058590923316,0.05564836743879115,0.26866520795522386,0.1340268917811612,0.6170226197169533,-0.5067343197862759,0.4002201955824356,-9.824025234000585,-15.905073490121977,6.081048256121392,696,1.0291364734299517,54,13.60550966737915,29.023681387743228
muthupet_79.530_10.350,2026Q3,0.04533217090758965,0.08867073518981324,0.07506722104411734,0.2684137257089459,0.18978925732562732,0.5333099737511394,-0.4715294949573939,0.34163203308082435,-9.866237560321027,-16.3258370729045,6.4595995125834715,408,1.0291364734299517,50,10.267056251605428,21.901992407612244
pichavaram_79.780_11.420,2019Q2,0.04439400531903219,0.0865150814762587,0.05254184587258881,0.3307442390086703,0.15526477745060166,0.7127893595353082,-0.5749213720295218,0.5127886432587726,-8.600034630422087,-14.787720466690415,6.187685836268328,597,1.0343336724313326,68,22.158663003618145,47.26952467920834
pichavaram_79.780_11.420,2019Q3,0.050185875422838915,0.09114401579885498,0.06032740795133798,0.28646631642114395,0.15601521617282138,0.6381377494845955,-0.508309000921268,0.44040987210955074,-7.960308295190146,-14.139461235700264,6.179152940510118,382,1.0343336724313326,62,21.489508453652164,45.84206411858441
pichavaram_79.780_11.420,2019Q4,0.04892165510433019,0.08040438992565203,0.047679319099410006,0.26327193362875445,0.11978285541476033,0.6805557288408243,-0.5253360906120674,0.4482919051496728,-7.52628706295869,-13.952872824825457,6.426585761866767,541,1.0343336724313326,153,17.95535211268794,38.30289578734929
pichavaram_79.780_11.420,2020Q1,0.046951825417400755,0.07773833111090747,0.04507076900487247,0.3067686050633772,0.1255477305485621,0.7240281238681663,-0.574355846933755,0.5170116683830329,-8.296885998944907,-14.32390446369572,6.027018464750814,718,1.0343336724313326,75,20.318489901744556,43.344012213098544
pichavaram_79.780_11.420,2020Q2,0.03507141300380539,0.08011524614018117,0.04363378403308098,0.3278361923638378,0.1423875156392577,0.7499419957560045,-0.5972398588185253,0.528538468376998,-8.475481589845531,-14.548245309745301,6.07276371989977,525,1.0343336724313326,54,22.86495988056422,48.77621836601602
pichavaram_79.780_11.420,2020Q3,0.04317033134083681,0.08329856948714368,0.049996262556564246,0.30217682490974646,0.15177321587021259,0.6942642533913959,-0.5500961262000056,0.4835434533250281,-8.179911141497913,-14.363676677779935,6.1837655362820225,279,1.0343336724313326,55,25.551380009389206,54.50697037742935
pichavaram_79.780_11.420,2020Q4,0.04474717741796829,0.07820010910493423,0.04689754462391614,0.2733627382278321,0.11844715730236739,0.6956154571904769,-0.5473399174583077,0.46304303674502534,-7.597781003111523,-13.805878315752878,6.208097312641355,493,1.0343336724313326,51,18.184801289788464,38.79236365541545
pichavaram_79.780_11.420,2021Q1,0.04605392100685289,0.07994392735847206,0.04698850846912258,0.27438022291101394,0.11495273212736123,0.6901302815237053,-0.5340574654353891,0.4688107157472802,-7.935491396142417,-13.973369866736757,6.03787847059434,651,1.0343336724313326,46,14.456718046004317,30.839504637277795
pichavaram_79.780_11.420,2021Q2,0.054772912534024804,0.08808190217047675,0.05972655794954148,0.29615856422402254,0.14027017996914742,0.6466709151379099,-0.5213202263222634,0.46782370436294535,-8.491177349842015,-14.642630877393383,6.151453527551368,504,1.0343336724313326,59,41.66001045575497,88.87038410453017
pichavaram_79.780_11.420,2021Q3,0.02797065733467198,0.0762340428462318,0.039760605049736296,0.31368935341642273,0.13816550618740558,0.759772186979372,-0.5980717650395309,0.5115519112793663,-8.43166688082473,-14.605220441498812,6.1735535606740815,314,1.0343336724313326,55,26.01539132123069,55.49681322818895
pichavaram_79.780_11.420,2021Q4,0.05197094656677123,0.08072879363091007,0.04742724296485546,0.2680151802439748,0.11972634392323683,0.6922299347594489,-0.5324540004191813,0.46412035845320665,-7.902015929677114,-13.777656548510555,5.87564061883344,501,1.0343336724313326,50,21.335035019489904,45.512536754626446
pichavaram_79.780_11.420,2022Q1,0.037586915757387186,0.07132594932248591,0.03813646865705868,0.28465135624910515,0.11543199074595568,0.7511856259899707,-0.5896563590021242,0.48585221456468825,-8.14864851975673,-14.101106485275368,5.952457965518638,646,1.0343336724313326,54,22.607384803921455,48.22675148526937
pichavaram_79.780_11.420,2022Q2,0.026850369679688044,0.07665531672059618,0.03620803762059219,0.3429602952348091,0.13390363300617888,0.7915017933165402,-0.6219002529737541,0.5495127702631402,-8.203703547925928,-14.387811037678082,6.184107489752154,546,1.0343336724313326,50,19.13594561686801,40.821373268271344
pichavaram_79.780_11.420,2022Q3,0.03933363275426428,0.08234229582407881,0.043749353304756794,0.3032138084983528,0.13112924343516721,0.7585472099703351,-0.5908671799528193,0.49491646472962436,-7.7358755286339145,-13.673568949363997,5.937693420730082,347,1.0343336724313326,49,28.530412659645698,60.861932197936
pichavaram_79.780_11.420,2022Q4,0.054064532288961756,0.08035173991872877,0.0453891328384523,0.2801529585617817,0.11076052667561538,0.7013913669195871,-0.5325344185402131,0.5065196308250205,-7.716591399255378,-13.690983363978997,5.974391964723619,495,1.0343336724313326,50,14.125140718066627,30.132173934001273
pichavaram_79.780_11.420,2023Q1,0.038406469817622996,0.07643137088705636,0.03965958053603183,0.2990206244926075,0.11738971350180619,0.7606626930017567,-0.5932050414344515,0.5213648875820759,-8.226849617873697,-14.231770485559414,6.004920867685717,681,1.0343336724313326,51,14.295487832735887,30.495563509427175
pichavaram_79.780_11.420,2023Q2,0.029442064908599967,0.07744686654274513,0.03992845412189963,0.35036376930328367,0.14235703788197418,0.7830089760844045,-0.6284050856912585,0.5678842394190083,-8.203059345530344,-14.293412104088342,6.090352758557998,509,1.0343336724313326,54,20.908911229629307,44.60351670238213
pichavaram_79.780_11.420,2023Q3,0.026340326683198374,0.07268429432228077,0.043254162200267045,0.3204601001342777,0.15282626533696222,0.762387095611875,-0.632799542683596,0.5176589240744979,-8.062056630968815,-14.540205543459665,6.47814891249085,357,1.0343336724313326,51,27.762061919782294,59.22286334913719
pichavaram_79.780_11.420,2023Q4,0.035579422634635836,0.06781130203692702,0.0386237041498813,0.2809774380488019,0.1255080693456674,0.7431069287675256,-0.6040847662890434,0.4747962396353726,-7.645130068751045,-13.800769331751344,6.155639263000299,574,1.0343336724313326,46,29.839720133870628,63.654986181176845
pichavaram_79.780_11.420,2024Q1,0.04696739887641772,0.07740398910015639,0.048778888126393104,0.3075148651351323,0.14368895855592298,0.7176433971398648,-0.5949123271144449,0.5155711434570853,-8.20916788700089,-14.36242541605731,6.15325752905642,680,1.0343336724313326,48,24.900826588989784,53.119190304430674
pichavaram_79.780_11.420,2024Q2,0.044603828759554195,0.08009983018683187,0.052306760019073806,0.3127920828505931,0.15618688505146522,0.7128441366292093,-0.5899540651826427,0.5043537083115744,-8.398121887910854,-14.55164615179153,6.153524263880676,513,1.0343336724313326,40,23.1186041823919,49.317300000003875
pichavaram_79.780_11.420,2024Q3,0.03621696445858966,0.07848407329088074,0.04719790053554864,0.3274975876391532,0.16420291462570355,0.7452778719196751,-0.6109507447853403,0.5158817891070766,-8.82033513203912,-15.08967333443869,6.26933820239957,242,1.0343336724313326,49,22.14369077813434,47.23758547863952
pichavaram_79.780_11.420,2024Q4,0.050274664704999354,0.07606314023743198,0.04498103856980587,0.27330434770427675,0.11915156593307207,0.7158806504264913,-0.5666069820195978,0.4812251795289895,-7.966534365874144,-14.157311145919715,6.190776780045572,443,1.0343336724313326,52,18.742620768478517,39.98232090194143
pichavaram_79.780_11.420,2025Q1,0.03597583296341661,0.0673959408578948,0.03462938101535841,0.31378805202851645,0.1201970380721342,0.7798690250657244,-0.6248456474488066,0.5390527757632408,-8.117073004436662,-14.098229867259203,5.981156862822541,653,1.0343336724313326,51,30.41557234367764,64.88341139070346
pichavaram_79.780_11.420,2025Q2,0.019297227537159765,0.06841913443942114,0.030305573054255887,0.36040497746056604,0.13666131679527913,0.8308062930305214,-0.6727330990964764,0.585470125236198,-8.57643956352012,-14.53399099048938,5.95755142696926,685,1.0343336724313326,54,25.08796415949895,53.51839778396795
pichavaram_79.780_11.420,2025Q3,0.03952879541214532,0.08546928521524871,0.04963551252679214,0.36448560422356063,0.1466705616500279,0.7454506589749853,-0.603586303948408,0.5464238060654205,-8.229151462286117,-14.241858596066379,6.012707133780262,387,1.0343336724313326,52,25.67116369575648,54.7624965306986
pichavaram_79.780_11.420,2025Q4,0.04107291712416168,0.07392457945039208,0.03967294747837858,0.30472476259137854,0.11487857964725648,0.7555426533457792,-0.5946168414520752,0.536165801963075,-8.064549897386389,-14.058623186252712,5.994073288866323,638,1.0343336724313326,54,20.179613488633468,43.04775688235757
pichavaram_79.780_11.420,2026Q1,0.03395793358526481,0.07450642237842692,0.03652123433234244,0.3141933874972422,0.11368546749425368,0.7792881023860992,-0.6062978065347112,0.5384569751261551,-8.215855438356577,-14.122259616415263,5.906404178058686,739,1.0343336724313326,55,12.787149569508342,27.277931076162286
pichavaram_79.780_11.420,2026Q2,0.030316533610389267,0.08004714055552885,0.03887124574451701,0.35101935767857945,0.13815997362555787,0.7918994832048373,-0.6225251345680178,0.5742781631500021,-8.224489959069691,-14.369106119906572,6.144616160836881,696,1.0343336724313326,54,20.828810742254415,44.432643939699396
pichavaram_79.780_11.420,2026Q3,0.028431387576888418,0.07478011671934044,0.038138559988081286,0.3166457883144643,0.1445444552953242,0.7822591528136281,-0.6171514106356871,0.5226379959686374,-8.024689495310511,-14.372493828651278,6.3478043333407665,408,1.0343336724313326,50,24.07620954060016,51.36009247829448
pichavaram_79.790_11.410,2019Q2,0.04814895458784668,0.09326829783287008,0.05794319062396014,0.33734875524770563,0.1574021573793567,0.692939830838438,-0.5567372656772143,0.5152846410827111,-8.508602278718241,-14.912920339228322,6.4043180605100805,597,1.0,68,20.887489688175705,44.557819627507065
pichavaram_79.790_11.410,2019Q3,0.05115282570056266,0.09264757357598657,0.05968406827662912,0.2911261406955054,0.15624629734081436,0.6433364407189004,-0.5093702593076476,0.45014865758679545,-7.979349014715807,-14.356915083888422,6.377566069172615,382,1.0,62,24.325098646835606,51.89103018638912
pichavaram_79.790_11.410,2019Q4,0.04608052522488795,0.07860414944423016,0.04606452712294944,0.26680308889606874,0.1145400961488836,0.6823973596606431,-0.5271956246416665,0.45427009551735115,-7.645573312457577,-14.168424908041327,6.5228515955837505,541,1.0,153,15.409141341236442,32.87124258336581
pichavaram_79.790_11.410,2020Q1,0.04626446176448417,0.07864351155652864,0.043500033829380655,0.30975017538689614,0.11489086381431994,0.7254936169605473,-0.5695005533379472,0.5252407999609646,-8.299664508611139,-14.513552627887005,6.213888119275866,718,1.0,75,14.69555908435061,31.349007505509253
pichavaram_79.790_11.410,2020Q2,0.035641196205639845,0.08263128964352227,0.04301321002945352,0.3339788531386399,0.1345497797357148,0.7468118175521937,-0.5848447728483899,0.5372203920543371,-8.341394098041352,-14.569101134631355,6.227707036590003,525,1.0,54,26.774606901168795,57.11639467978031
pichavaram_79.790_11.410,2020Q3,0.04814211968284629,0.09074992040243177,0.05566474993714039,0.3113484246056499,0.1551135213551142,0.6770374377092094,-0.5311306640340908,0.4881041427843277,-7.974020524054582,-14.419578597456344,6.445558073401761,279,1.0,55,25.344566648164854,54.065789910864716
pichavaram_79.790_11.410,2020Q4,0.04756134595384336,0.08265409679067585,0.04955187273022923,0.27890554929030825,0.11446702861893042,0.6843888957108064,-0.5319767536700358,0.4666376547046692,-7.763960081747494,-14.048184119771348,6.284224038023853,493,1.0,51,14.917713409727467,31.822913777032934
pichavaram_79.790_11.410,2021Q1,0.04569040590537151,0.08225031335749891,0.04755497429989058,0.28518305052036413,0.11215432760490132,0.6947108866157582,-0.5341855193338307,0.48291152417535105,-8.043570287733173,-14.28101966996632,6.237449382233146,651,1.0,46,14.27281291145081,30.44719268709422
pichavaram_79.790_11.410,2021Q2,0.05822966678257424,0.09130474601191486,0.06334850705007541,0.30711715195840317,0.13314216677508456,0.6238975502279904,-0.5058007633096556,0.4742790837444762,-8.585383470690019,-14.831583057962616,6.2461995872725975,504,1.0,59,32.46037877532293,69.24545381488214
pichavaram_79.790_11.410,2021Q3,0.027481425677010812,0.07794073852545687,0.038711788675016824,0.31136811230352934,0.12492494123658689,0.7605314691498489,-0.5854677171751379,0.5116615713344147,-8.30605924807817,-14.653827969313387,6.347768721235216,314,1.0,55,19.809404219316846,42.25801536277327
pichavaram_79.790_11.410,2021Q4,0.050821710804987826,0.08418068869188533,0.04744530837074094,0.2770788584085151,0.11421231382379066,0.69402652719703,-0.5228840709726584,0.4750423566195694,-8.028371005259114,-14.001025331502658,5.9726543262435445,501,1.0,50,14.048971551519669,29.96968758284831
pichavaram_79.790_11.410,2022Q1,0.04021564119219799,0.076455121937935,0.04228455238122978,0.28670179728008366,0.11402197595907014,0.729539912519866,-0.567640342249434,0.4832666235112179,-8.26167672161259,-14.441706497987017,6.180029776374427,646,1.0,54,14.208184886882373,30.309326246244087
pichavaram_79.790_11.410,2022Q2,0.03010691634850037,0.08164500409524836,0.0398716738122235,0.3391599040137514,0.1298335649295633,0.7668025808722867,-0.5962265503693737,0.5417479457251273,-8.231286805021208,-14.502213020082525,6.270926215061317,546,1.0,50,18.004766450567338,38.408307935343764
pichavaram_79.790_11.410,2022Q3,0.04525215493451278,0.09252851182960743,0.048869720337591,0.3347421431610134,0.13492807041257418,0.7343098956684934,-0.5585952024353047,0.5447303216806646,-7.855082192035294,-13.907039920874222,6.051957728838929,347,1.0,49,23.481970813967195,50.09244459947924
pichavaram_79.790_11.410,2022Q4,0.051164130608903596,0.08391396655737524,0.0453929986924726,0.28543591829310216,0.10861615806601373,0.7051138972257421,-0.5275256108647072,0.5107980369217044,-8.046788571551362,-14.024140398917421,5.977351827366059,495,1.0,50,12.191187989634468,26.006607955127937
pichavaram_79.790_11.410,2023Q1,0.040154327949460576,0.07835280110593414,0.04032571702936807,0.3091872971992115,0.11318148659383336,0.7555209858071553,-0.5830856256182751,0.531309846689864,-8.473801939085263,-14.609224452053123,6.13542251296786,681,1.0,51,13.549332064093202,28.90384163908554
pichavaram_79.790_11.410,2023Q2,0.03160968595976335,0.08076084512234598,0.04016888020723541,0.3512423333669104,0.13708875106391208,0.7759429151948772,-0.6125123071136948,0.5710360293938969,-8.057293409480389,-14.295759239600716,6.238465830120328,509,1.0,54,20.11468672700784,42.909253166654935
pichavaram_79.790_11.410,2023Q3,0.027737786677677415,0.07694251862800937,0.04409232564986653,0.3220285653942766,0.15153326180112095,0.7504770248448471,-0.6078105358241193,0.5165684361599069,-7.83549370074228,-14.503606077121072,6.668112376378792,357,1.0,51,24.817146892539963,52.94068226557303
pichavaram_79.790_11.410,2023Q4,0.03987941919950534,0.07347723722789702,0.04236113537748797,0.28326786403972587,0.12256909383420407,0.722034392393303,-0.5763890232303491,0.48014396430311496,-7.6132081680859205,-13.900008929498286,6.2868007614123655,574,1.0,46,28.18283412847097,60.12046724787813
pichavaram_79.790_11.410,2024Q1,0.043044411721516886,0.07575236540152057,0.044257671924784595,0.3108224663624162,0.13216866029744512,0.735208828199677,-0.5955638996044735,0.5243757074250414,-8.203758182746002,-14.535708496635689,6.331950313889687,680,1.0,48,35.41490510417127,75.5481380153713
pichavaram_79.790_11.410,2024Q2,0.04285894644520553,0.08427424646779079,0.04917374933364313,0.3247196122891702,0.14260060947915995,0.7236861797909862,-0.5839129549095744,0.5287055696302666,-8.418356650163439,-14.626858281627385,6.208501631463946,513,1.0,40,24.28213080959196,51.799369906945856
pichavaram_79.790_11.410,2024Q3,0.03612521426301712,0.08168748351159712,0.04344198081241284,0.3399373117989651,0.1486064331361086,0.757468291194064,-0.6029374265085469,0.547334066120236,-8.462259089980966,-14.977929004350564,6.515669914369598,242,1.0,49,24.035892220853974,51.27408636229233
pichavaram_79.790_11.410,2024Q4,0.04234841342307726,0.07965560186385234,0.04226187057450828,0.2907342543461727,0.11715940356263031,0.7312187165567418,-0.5672818733127816,0.5032945278722114,-8.037924709367651,-14.339295699642689,6.301370990275037,443,1.0,52,12.093539971907713,25.798302274272697
pichavaram_79.790_11.410,2025Q1,0.036666475959581564,0.07693499911604074,0.0357361621733306,0.34135548343911337,0.11507463930505779,0.7893676631409782,-0.6148158763069769,0.5816376795850114,-8.249104158384833,-14.331648132809711,6.082543974424878,653,1.0,51,12.78564457777902,27.274720582655544
pichavaram_79.790_11.410,2025Q2,0.023511543628644854,0.0815997769993627,0.03270042217980276,0.3846445650461791,0.13004030572700756,0.8283041128507316,-0.6415816567156537,0.61729532342523,-8.495880058042847,-14.520929706348431,6.025049648305584,685,1.0,54,17.833405101278785,38.04275476420095
pichavaram_79.790_11.410,2025Q3,0.04610001933268359,0.09397760842839384,0.05103377364644483,0.3686077699888621,0.14149851810411188,0.727567312270026,-0.5634976936239409,0.567065692426551,-8.064440741964841,-14.172904791606712,6.108464049641871,387,1.0,52,17.7110868308097,37.78182176008817
pichavaram_79.790_11.410,2025Q4,0.04140712110628006,0.07697758972563071,0.040488376247434614,0.30951110704625034,0.11206428743534182,0.7553794604206285,-0.5869312684853192,0.5426587734520537,-8.10527558877306,-14.108787754559595,6.003512165786535,638,1.0,54,15.276081123451007,32.587394534979396
pichavaram_79.790_11.410,2026Q1,0.03622616636377575,0.07815390712763169,0.037635754187540504,0.3116241560897119,0.11260785791477843,0.7662836306391226,-0.5853374063651978,0.5328909469022487,-8.448873473442982,-14.388691078479148,5.939817605036167,739,1.0,55,12.600787968775647,26.880378918631276
pichavaram_79.790_11.410,2026Q2,0.03099253470517462,0.08077055538442143,0.03925073707422647,0.335367003114947,0.13454931475827828,0.7776494305883808,-0.6026744193447549,0.5498573593691831,-8.350442468642674,-14.623885289121146,6.273442820478472,696,1.0,54,20.295723424409886,43.2954460806539
pichavaram_79.790_11.410,2026Q3,0.02805120738741481,0.07750355221987627,0.03760286626843877,0.3103492388207465,0.1415824897731803,0.7795088221455599,-0.6015175254531872,0.5134898301542319,-8.130546115356655,-14.581195750885865,6.45064963552921,408,1.0,50,24.55117273964081,52.37329822338396
pichavaram_79.790_11.420,2019Q2,0.04415780452572612,0.08452614492178306,0.04966156331088108,0.34130528128073706,0.15124566340223006,0.7327911529022363,-0.593020632690725,0.5439963989556686,-8.75722334206881,-15.011509287421948,6.254285945353137,597,1.0184559611106534,68,18.80488179546181,40.115137992533
pichavaram_79.790_11.420,2019Q3,0.05111846136465807,0.08779837753511749,0.05738918108119763,0.29175323284283305,0.15492613325365048,0.6534551673477936,-0.528440891847815,0.46254291858204755,-8.017986287140499,-14.270875809337804,6.2528895221973055,382,1.0163137513388811,62,27.441029915692706,58.53802824705315
pichavaram_79.790_11.420,2019Q4,0.04505942293476578,0.07261941143436663,0.04223721113285023,0.27212014134934115,0.11902898447355728,0.7158957819697739,-0.5692227264438476,0.4790670424246042,-7.730139835241223,-14.053191846945161,6.323052011703938,541,1.0184559611106534,153,28.42166698888149,60.629952670691665
pichavaram_79.790_11.420,2020Q1,0.0442818944812464,0.07349263131415117,0.039342265436728356,0.3288252243906277,0.12166919739162821,0.7695849523796491,-0.617513875327813,0.5705243497767563,-8.509397828073066,-14.586817514215504,6.077419686142438,718,1.0184559611106534,75,29.017718780686483,61.901468234523826
pichavaram_79.790_11.420,2020Q2,0.034668342100824506,0.07688037828059789,0.03937351430861835,0.3526990415250149,0.14164344686451424,0.7790082016497174,-0.6295621020944419,0.5780210516102475,-8.486640603175475,-14.616904942001117,6.130264338825642,525,1.0184559611106534,54,22.01372374247581,46.96033589916167
pichavaram_79.790_11.420,2020Q3,0.048922591709593045,0.08146757870091735,0.050624127372511506,0.2994919156327963,0.15481948131137105,0.6908959440863958,-0.553383030898528,0.4926470179117985,-8.102459650539341,-14.391115255045792,6.288655604506451,279,1.0184559611106534,55,24.130568663295538,51.476052989601946
pichavaram_79.790_11.420,2020Q4,0.044957666196858495,0.07623801175511218,0.04444660392692194,0.29480328296717806,0.12395476402478461,0.7263138516979895,-0.5816164457095474,0.5088235687412193,-7.5562562480262425,-13.822049714777762,6.26579346675152,493,1.0184559611106534,51,19.092266425321235,40.72819550648802
pichavaram_79.790_11.420,2021Q1,0.04521948845748086,0.07706532973782718,0.04326652778068369,0.2983880701068287,0.11522068512828257,0.731285871051066,-0.5765598337245135,0.5246768728150579,-8.156788335348173,-14.257503603538684,6.100715268190511,651,1.0184559611106534,46,13.88203157887688,29.613566225007528
pichavaram_79.790_11.420,2021Q2,0.05698149797362392,0.08682466144286438,0.05954991594086586,0.3121994193155449,0.13791011465734215,0.6484275960984474,-0.5271891776344189,0.5011471816622822,-8.806643859481094,-14.91622292556695,6.109579066085857,504,1.0184559611106534,59,41.47696634258147,88.47990891098506
pichavaram_79.790_11.420,2021Q3,0.029568193942142686,0.07423112509167488,0.03853575037136859,0.32566538919107574,0.13709569591527976,0.7738297920226098,-0.6183361383248537,0.5412527900774532,-8.478265446968225,-14.6833780790846,6.205112632116375,314,1.0145835049847574,55,27.129555428357772,57.87358152643566
pichavaram_79.790_11.420,2021Q4,0.046705838093313704,0.07555189287288545,0.041978287083988264,0.2860548384461357,0.1213759741414578,0.7372362229589734,-0.5765644660053824,0.5104636009324208,-7.863326244020204,-13.777908423448789,5.914582179428585,501,1.0184559611106534,50,18.801473584628692,40.107867494937466
pichavaram_79.790_11.420,2022Q1,0.03930206591201494,0.07301677368859383,0.03819246697464406,0.3044663717266936,0.11978153530976463,0.7693481901294805,-0.6111159701592355,0.5229010276725392,-8.357975566638544,-14.368001519557849,6.010025952919305,646,1.0184559611106534,54,25.667281157954037,54.75421418458229
pichavaram_79.790_11.420,2022Q2,0.02983067777079429,0.07530777110071428,0.035761960110528984,0.3492491894102101,0.13460144611272615,0.7955207251653968,-0.635292289572496,0.5699645694146491,-8.317821590271535,-14.490064762632308,6.172243172360773,546,1.0184559611106534,50,20.206992687179273,43.10616301007144
pichavaram_79.790_11.420,2022Q3,0.04659966925423857,0.0861335157655041,0.046440627143486214,0.3430337201098508,0.13837890356419666,0.7550648931625062,-0.5960585669518896,0.5773068583495736,-7.800352088956681,-13.72221924167735,5.921867152720668,347,1.0184559611106534,49,33.34909318509411,71.14128605523833
pichavaram_79.790_11.420,2022Q4,0.056411721078357784,0.08235776285509103,0.045631999097660234,0.300417092341792,0.11419853271339118,0.724141115732268,-0.5558748200849178,0.5505907019702649,-7.77082893443803,-13.804986930871156,6.034157996433126,495,1.0184559611106534,50,16.169410179223853,34.4930708766257
pichavaram_79.790_11.420,2023Q1,0.03661577012707304,0.0724082308200873,0.035583049104046506,0.32219591007590725,0.1131246363453547,0.7960792050987509,-0.6291592773835698,0.5661282876629461,-8.419911360901926,-14.49415108140139,6.074239720499463,681,1.0184559611106534,51,17.65521281245341,37.662629627909986
pichavaram_79.790_11.420,2023Q2,0.03199287806227,0.07612390083410411,0.03811108992521327,0.3615910757546582,0.13973028881895438,0.7960545585928408,-0.6437210140479512,0.5899534659170118,-8.11609260709713,-14.330949661568672,6.214857054471542,509,1.0184559611106534,54,21.97484228707592,46.877392812058964
pichavaram_79.790_11.420,2023Q3,0.026687397165304768,0.06931776536560072,0.04193750525984925,0.3277686524364952,0.1472494586662136,0.7655982006323864,-0.6450346280554143,0.5377740278016089,-7.972346193560292,-14.526556047972438,6.554209854412146,357,1.0184559611106534,51,30.137067306244372,64.28929608969969
pichavaram_79.790_11.420,2023Q4,0.03784906616576394,0.06575829128218363,0.03617035143403979,0.29405589148797223,0.12070642948546416,0.7636672149738778,-0.6202193307847764,0.5149102882129531,-7.630828277396612,-13.77556551452444,6.144737237127828,574,1.0184559611106534,46,33.73708691671711,71.96896592334843
pichavaram_79.790_11.420,2024Q1,0.043539168801635046,0.07348405476434641,0.042368073007248666,0.3282581535334149,0.1343240430484291,0.7633614875083904,-0.6277625201513951,0.5650314282343781,-8.37273626679973,-14.587781776664869,6.2150455098651385,680,1.0184559611106534,48,46.75844721604901,99.74652235469222
pichavaram_79.790_11.420,2024Q2,0.04348316271670222,0.07874022446013737,0.047417263280080224,0.3372334797058168,0.14977262303182354,0.7465595836083788,-0.613046480028028,0.5596145912034084,-8.418049610250302,-14.573312528185248,6.155262917934946,513,1.0184559611106534,40,29.12240514571089,62.12478832898484
pichavaram_79.790_11.420,2024Q3,0.037862957344183074,0.07711010727720066,0.04271377406614946,0.3393435123711359,0.15256098054094752,0.7713994806283561,-0.6303789793501817,0.5554725072050923,-8.607833061084186,-15.022740071626242,6.414907010542056,242,1.0184559611106534,49,24.668565853278782,52.6237247351899
pichavaram_79.790_11.420,2024Q4,0.04490419348465604,0.0738906914662606,0.040458804356219284,0.2943503585318024,0.12057402938886869,0.7499460121268461,-0.5978024321317216,0.5241668678518235,-7.96341683055574,-14.184670407459263,6.221253576903523,443,1.0184559611106534,52,21.903598358794625,46.725413126931464
pichavaram_79.790_11.420,2025Q1,0.03450330495993243,0.06912077666126382,0.030786948726981973,0.35457415685056465,0.11907798386798016,0.8233063961587131,-0.6629778947296443,0.61532140204699,-8.248393671943647,-14.321228344320723,6.072834672377075,653,1.0184559611106534,51,17.98300722271629,38.36189049771507
pichavaram_79.790_11.420,2025Q2,0.022231486671438355,0.07254395409440878,0.030702829016167162,0.39216532704764634,0.13506851877429502,0.8419988236906798,-0.6829481255041787,0.6382825410738556,-8.63258203217967,-14.59729258796106,5.964710555781391,685,1.0184559611106534,54,17.92254992990237,38.23292118696563
pichavaram_79.790_11.420,2025Q3,0.0437329493169483,0.08600772300502298,0.04673708493834736,0.3867583998421415,0.1407039166904752,0.7629315311384463,-0.6114532376749146,0.608757813844917,-8.25935299448849,-14.188634962127257,5.929281967638767,387,1.0184559611106534,52,29.172640914964393,62.23195277902949
pichavaram_79.790_11.420,2025Q4,0.03974639931939824,0.07114922915050884,0.035895635890124296,0.32647085812663446,0.1146461817574346,0.7908933760927298,-0.6310373602769098,0.5819597054982277,-8.08461205215918,-14.115295482563376,6.030683430404196,638,1.0184559611106534,54,25.256545169511792,53.87801985195764
pichavaram_79.790_11.420,2026Q1,0.03560986662303558,0.07648017131436981,0.03544407562115506,0.34104601572179055,0.11627411370178257,0.7987799434072794,-0.6287814105719611,0.5909184239920626,-8.37521667091438,-14.425488066290109,6.050271395375729,739,1.0184559611106534,55,12.499620193132532,26.664564784596113
pichavaram_79.790_11.420,2026Q2,0.03277478762424998,0.07999341941237505,0.04035182553069691,0.360759951546052,0.137723721958692,0.7862955822522993,-0.6275078318024718,0.592597431783174,-8.302779773860342,-14.563065590119258,6.260285816258916,696,1.0184559611106534,54,20.461678391110734,43.649466194269145
pichavaram_79.790_11.420,2026Q3,0.02949316004567097,0.07262798044530874,0.03735090460425232,0.32031100234029053,0.1438144026782445,0.7844215425500966,-0.6263712284996523,0.5369651792883942,-8.097403601176849,-14.343522257383373,6.246118656206525,408,1.0184559611106534,50,25.30975535257315,53.99152941076963
pichavaram_79.790_11.430,2019Q2,0.04869533142786333,0.08383623818152283,0.05230318469482639,0.31158164802359395,0.14445685947781683,0.6894169755185368,-0.554827377597474,0.49317565209363634,-9.057761100788706,-15.211591567095565,6.153830466306859,597,1.006033476060724,68,19.549932880715083,41.70450331912784
pichavaram_79.790_11.430,2019Q3,0.05047236803378125,0.08584625615838866,0.058553697278303944,0.2672620941603216,0.14779344729110172,0.6219092868995499,-0.49865221422911427,0.423686398978886,-8.388468654790968,-14.442492545835803,6.054023891044835,382,1.0040871934604905,62,26.412792212338292,56.34456073112642
pichavaram_79.790_11.430,2019Q4,0.046360581337188504,0.07190371516652756,0.04266154621823992,0.25418464202939317,0.1112646797978779,0.6904415281109759,-0.5420616831640239,0.44844929489732893,-7.79837252005286,-14.13263494057285,6.334262420519989,541,1.006033476060724,153,26.75972343169839,57.084644816201966
pichavaram_79.790_11.430,2020Q1,0.04476784975387444,0.07118615560730955,0.03909551875034716,0.30359547602986275,0.11365307654249152,0.7467926337824692,-0.5964959462521072,0.5315694275897251,-8.6659358005608,-14.650364226411796,5.9844284258509965,718,1.006033476060724,75,25.95779952276812,55.37395667595464
pichavaram_79.790_11.430,2020Q2,0.03548320529450907,0.07510436419835496,0.04120806663970767,0.3214701124681872,0.1336263359807322,0.7444740139384723,-0.6013697151020461,0.5261842096633716,-8.88773610371733,-14.878150944369363,5.990414840652033,525,1.006033476060724,54,26.553669351722686,56.64508407117538
pichavaram_79.790_11.430,2020Q3,0.045546147003168176,0.077381392660651,0.04764441927584636,0.29245050081850993,0.14812758559604527,0.6932703583198749,-0.5563181414965545,0.4801992952755516,-8.523175746944482,-14.686063723629122,6.16288797668464,279,1.006033476060724,55,24.973426159252984,53.27406188570325
pichavaram_79.790_11.430,2020Q4,0.045251955762068835,0.07479356307270443,0.04490284456675641,0.27794071284547905,0.11474485958756223,0.7031594689083759,-0.559936443717082,0.4832663227267825,-7.655080137140635,-13.951364058262145,6.2962839211215105,493,1.006033476060724,51,18.682550634765043,39.85417749059984
pichavaram_79.790_11.430,2021Q1,0.04309247251249815,0.07444353128560821,0.04244148706143571,0.28460455572818244,0.10754937027811379,0.7213367062867044,-0.5704448433904007,0.4987525781092468,-8.235207765365313,-14.37286938746042,6.1376616220951075,651,1.006033476060724,46,17.825810917327267,38.02655462317005
pichavaram_79.790_11.430,2021Q2,0.056742964398345204,0.08512344773282941,0.060093596308029885,0.2949705186898765,0.13119115086478714,0.6269963424881091,-0.5124388977463221,0.46846073276937694,-9.073758596816308,-15.042475374227456,5.968716777411148,504,1.006033476060724,59,26.739982147846085,57.04253211724971
pichavaram_79.790_11.430,2021Q3,0.030539478230967462,0.07337054726419195,0.0398791385210852,0.30738152149420067,0.12809289967120768,0.7488596685212677,-0.5979733738362862,0.509266028363251,-8.785334825252422,-14.871535166987993,6.086200341735571,314,0.9999026858699883,55,23.386630039936282,49.88906080009328
pichavaram_79.790_11.430,2021Q4,0.03390055467134154,0.06615000203547611,0.03475990617745211,0.27639724935450877,0.11184818442576594,0.7555580876122044,-0.5934654697331271,0.4918728219288161,-7.9133768430900355,-13.917072954232275,6.003696111142239,501,1.006033476060724,50,25.775445388766677,54.984953366678745
pichavaram_79.790_11.430,2022Q1,0.03883537899262786,0.07094626013394212,0.038311915924743756,0.29832809546499944,0.1110219702957436,0.7572104136774889,-0.6061585707316305,0.5132119707050642,-8.496391954468539,-14.524133635892376,6.027741681423837,646,1.006033476060724,54,28.915897714362284,61.684260481209066
pichavaram_79.790_11.430,2022Q2,0.03056865300839251,0.07615088971705085,0.03926513357606436,0.3388999608665538,0.12715612321998201,0.7669251972866475,-0.6151511177325373,0.5480402548541601,-8.574788615015445,-14.632201846964229,6.057413231948784,546,1.006033476060724,50,18.77667822659147,40.054973293311726
pichavaram_79.790_11.430,2022Q3,0.05961640489710491,0.09536353887935134,0.05550701372651481,0.3212352573033577,0.13211506870796474,0.6912499118336313,-0.5327921600690758,0.5835035982817683,-7.972495273789887,-13.868168215053887,5.895672941263999,347,1.0056442195406774,49,26.36979304279264,56.25283361267655
pichavaram_79.790_11.430,2022Q4,0.05483311734500608,0.08059044544619676,0.04482048168561326,0.2931478230556202,0.10795029052179468,0.713229617857593,-0.5466872122782961,0.5351671677865455,-7.924582812929083,-13.937565093761236,6.012982280832153,495,1.006033476060724,50,13.70068581437198,29.22671399979274
pichavaram_79.790_11.430,2023Q1,0.03547252262136762,0.07013457827256167,0.03465050352622581,0.30737941785435313,0.10592766410894315,0.7811179593071574,-0.6148917925609876,0.5375360255871313,-8.527790905500844,-14.639530053310455,6.111739147809612,681,1.006033476060724,51,16.992098648705674,36.24805460037841
pichavaram_79.790_11.430,2023Q2,0.03083121866927915,0.07397210977542291,0.03957343969281289,0.33701527138229487,0.13192805588376,0.7649939790367768,-0.6180400390142857,0.5461677936673732,-8.346711024501667,-14.505047321427016,6.158336296925349,509,1.006033476060724,54,23.70842150019072,50.575515996851856
pichavaram_79.790_11.430,2023Q3,0.029888920429578417,0.06812369042768872,0.04199198695871267,0.31069408547729943,0.1409715385426712,0.7373842065283754,-0.6185881687922312,0.5055332058120349,-8.228456172017049,-14.674243500983376,6.445787328966327,357,1.006033476060724,51,33.3287548901077,71.09789979422446
pichavaram_79.790_11.430,2023Q4,0.037433370142998995,0.06699077272558658,0.038868405082188036,0.28640417996438183,0.11959238453568471,0.743781180603841,-0.6108450921774691,0.49525550745271124,-7.82640869198792,-13.945288639959092,6.1188799479711715,574,1.006033476060724,46,30.51485463217948,65.09520334700423
pichavaram_79.790_11.430,2024Q1,0.041997052658985304,0.07087868067290835,0.042075576962642955,0.31556670911799994,0.13022901965282427,0.7507489827061402,-0.6206289203869344,0.5437720299661335,-8.560194948558127,-14.786580659343862,6.226385710785735,680,1.006033476060724,48,38.59288044744513,82.32749035690338
pichavaram_79.790_11.430,2024Q2,0.04301911402792757,0.07622577075285736,0.0475265897846306,0.3113261427417831,0.14211076202644568,0.7225588787649656,-0.5922662338949092,0.5121884954420511,-8.676118868713223,-14.697373135483405,6.021254266770182,513,1.006033476060724,40,23.437802785394332,49.99822403588675
pichavaram_79.790_11.430,2024Q3,0.036331535496282465,0.07304077652214619,0.04283907492802132,0.3202336701451691,0.1475336826792053,0.7444020046403509,-0.6134574064327556,0.5169444502697482,-8.954189873359816,-15.232292824242023,6.278102950882207,242,1.006033476060724,49,21.05426211557949,44.913583572817636
pichavaram_79.790_11.430,2024Q4,0.047188937917586916,0.07464953195241196,0.043766605531885626,0.2808351892351962,0.11549923936058804,0.719096823871533,-0.5749524118770764,0.49742052977049994,-8.076362813382541,-14.298250053162004,6.221887239779463,443,1.006033476060724,52,16.519407912663453,35.23969654153106
pichavaram_79.790_11.430,2025Q1,0.03472753779970232,0.06423959580284015,0.03175024765775715,0.32582116892066953,0.1124738138038808,0.7998000516606399,-0.6478317400159851,0.5686770161495361,-8.42739660715341,-14.478473075707319,6.051076468553909,653,1.006033476060724,51,35.118425635782366,74.91567911902001
pichavaram_79.790_11.430,2025Q2,0.024425091279603763,0.06877894017646535,0.03391412673845786,0.3624375747246718,0.1300295463215616,0.8044446500710746,-0.663503974897343,0.5875455287026937,-8.797137118013296,-14.82458564418735,6.027448526174053,685,1.006033476060724,54,21.90375643503122,46.72575033990165
pichavaram_79.790_11.430,2025Q3,0.04282263892084099,0.08417378950723885,0.04739424275462058,0.372300188217585,0.13986917834391868,0.7463471406066212,-0.6094343949489842,0.5727430057342887,-8.388821767467704,-14.404786040631272,6.0159642731635685,387,1.006033476060724,52,27.270791096819366,58.17486969146799
pichavaram_79.790_11.430,2025Q4,0.04064850305157592,0.07077232503173715,0.03673888508248533,0.31649339211872757,0.1093783616911059,0.7774790603049933,-0.6215984346450667,0.5629248612216438,-8.15842755188289,-14.25597706639505,6.09754951451216,638,1.006033476060724,54,29.776017143853416,63.51909305178243
pichavaram_79.790_11.430,2026Q1,0.033469852542699866,0.07308459614621181,0.03470897483487534,0.331661433003772,0.10739868500334518,0.7949416572243795,-0.628038509994141,0.5750590600159184,-8.485821310947433,-14.507999725795912,6.022178414848479,739,1.006033476060724,55,13.366980459736705,28.51484372612413
pichavaram_79.790_11.430,2026Q2,0.031985056275608166,0.07900201144935266,0.039651729130669985,0.3513421389258248,0.1294291078796218,0.775100401436476,-0.6150685934182307,0.5766004632485563,-8.49325043402528,-14.66501269746745,6.1717622634421705,696,1.006033476060724,54,15.354706581427841,32.75512072069932
pichavaram_79.790_11.430,2026Q3,0.03013845592144468,0.07286510530363925,0.03839079609492009,0.314493517500546,0.13554108143347082,0.763697380222565,-0.6093761276705728,0.5167398601073148,-8.314790338998124,-14.521995410369755,6.2072050713716305,408,1.006033476060724,50,30.46672615766954,64.9925342413254
pichavaram_79.800_11.390,2019Q2,0.060931103138303334,0.10214766606831616,0.07837928497516512,0.30034218526362927,0.17861176622460181,0.559672259764589,-0.465280565340159,0.41497662540249025,-8.914772842315298,-15.378897691186166,6.464124848870869,597,1.0140089418777944,68,17.285769881630383,36.874522884590384
pichavaram_79.800_11.390,2019Q3,0.06323001119547736,0.101678707772475,0.07740417658715712,0.258619666411986,0.16349392650425182,0.5189667288824932,-0.4259234351691955,0.35321815253414407,-8.46620146854087,-14.726469781317249,6.260268312776379,382,1.0140089418777944,62,14.864394812079555,31.70917294497247
pichavaram_79.800_11.390,2019Q4,0.051737275928808044,0.08181724633360887,0.05490095461858652,0.2485437318980079,0.11303362192912293,0.5932607143444618,-0.4624872712564862,0.38889689113327325,-8.10951633745303,-14.51935249341664,6.40983615596361,541,1.0140089418777944,153,13.523958385496712,28.84971374669315
pichavaram_79.800_11.390,2020Q1,0.05398675736474705,0.08595955462085306,0.05782261023883877,0.2740621045838584,0.1259550888789462,0.6162449406649514,-0.4948846477572987,0.43109322216262475,-8.352670055422,-14.790280902851194,6.437610847429195,718,1.0140089418777944,75,16.457611181764552,35.1078699012756
pichavaram_79.800_11.390,2020Q2,0.0424182847213485,0.08783603500416813,0.05707558452579908,0.2940447929835532,0.1413342179927195,0.6311511506871453,-0.5058469921586314,0.435137362065762,-8.60818876628559,-14.850430101018254,6.242241334732665,525,1.0140089418777944,54,22.392598019708046,47.768561873581795
pichavaram_79.800_11.390,2020Q3,0.0510501634447146,0.09114268320854386,0.06346530902092186,0.2740139096400683,0.15386733566798377,0.5898248050928759,-0.4688359865025805,0.40022043180893563,-8.429294032275196,-14.74882645737868,6.319532425103484,279,1.0140089418777944,55,15.828842828334245,33.76656238668746
pichavaram_79.800_11.390,2020Q4,0.05235586335409554,0.08726541881192909,0.05923733059821112,0.24761053970481245,0.10642024123513719,0.5822703620843191,-0.4534774382304932,0.38697486856002916,-8.164665934500647,-14.159549438329922,5.994883503829275,493,1.0140089418777944,51,12.719900181788775,27.13447266479727
pichavaram_79.800_11.390,2021Q1,0.051250038385521744,0.0853427882227964,0.05604419778557037,0.258853700323414,0.11720481014590732,0.6106516934852678,-0.4762787884367331,0.40857394980823136,-7.874866022214398,-14.24010618604752,6.365240163833121,651,1.0140089418777944,46,16.929238943438897,36.113960391312155
pichavaram_79.800_11.390,2021Q2,0.0606682498421685,0.09376070044916382,0.06976874075600678,0.2801076271483107,0.13762055373784504,0.5689579259289802,-0.46210822862833456,0.41501719875033977,-8.380231506978685,-14.86105925121451,6.480827744235825,504,1.0140089418777944,59,16.43497051212159,35.05957214557315
pichavaram_79.800_11.390,2021Q3,0.03355138772427366,0.08147366065346809,0.04730698898594193,0.2870679701276431,0.11756126708964802,0.6762753119055838,-0.5223538954530654,0.4447243477149414,-8.41958312013925,-14.843287197829758,6.423704077690507,314,1.0129657228017883,55,14.899503239454976,31.784067295502542
pichavaram_79.800_11.390,2021Q4,0.04836417860491085,0.08401481858957684,0.051401240715042255,0.25226226559024645,0.10593579864845608,0.6322853980593943,-0.4755799121937761,0.4101673327209535,-8.0805881525738,-14.067199352526849,5.98661119995305,501,1.0140089418777944,50,11.679768642615029,24.91563286148566
pichavaram_79.800_11.390,2022Q1,0.04168563851341803,0.07543310215297662,0.045657664850848864,0.272763654555536,0.11630910001022565,0.6830029428884541,-0.5408488774380233,0.44582545599425827,-7.92598132802818,-14.22607091997955,6.30008959195137,646,1.0140089418777944,54,20.28714725606276,43.27715114105076
pichavaram_79.800_11.390,2022Q2,0.032043438438133565,0.08517380465284248,0.04854149013338468,0.31771332226149157,0.13336918254124047,0.7040365061145915,-0.5532867347812238,0.4908995755557607,-8.070198203897972,-14.51960574773381,6.449407543835838,546,1.0140089418777944,50,24.48489801742103,52.23191899770307
pichavaram_79.800_11.390,2022Q3,0.046996565170622694,0.09288439911597687,0.051760082585818754,0.3093884533085083,0.12099507242156778,0.6823539851858559,-0.5127956728807957,0.4960898145924337,-7.881200038665926,-14.075842416821306,6.19464237815538,347,1.013859910581222,49,15.560624666010654,33.194391356273904
pichavaram_79.800_11.390,2022Q4,0.0513035429989479,0.0870079160331896,0.051312198657205335,0.270740756256423,0.10078762297140602,0.6529926754961347,-0.48857655305879344,0.46333079114097087,-7.874304165189276,-13.898602685004466,6.02429851981519,495,1.0140089418777944,50,13.555609497098812,28.917232847496106
pichavaram_79.800_11.390,2023Q1,0.03973042988975473,0.07732703844014106,0.04329919370953165,0.29708126140910196,0.11431038881630165,0.7165189218453053,-0.5632251944509628,0.4940832330474093,-8.06569431065325,-14.334734896166763,6.269040585513514,681,1.0140089418777944,51,13.574421452548675,28.95736307522041
pichavaram_79.800_11.390,2023Q2,0.035634371606189943,0.084435420402039,0.04846908113608636,0.32853531804491903,0.1417073230016246,0.7119736452514476,-0.5649590730082614,0.5087063463728768,-8.088425551273495,-14.373777382868994,6.285351831595499,509,1.0140089418777944,54,24.272867787308392,51.77960974991988
pichavaram_79.800_11.390,2023Q3,0.03789295470599893,0.08558382845245383,0.05491688073343966,0.30054582152595155,0.1514267579494007,0.6777433280494611,-0.5433619747253593,0.4500988098293371,-8.18905042202798,-14.745855793886422,6.556805371858442,357,1.0140089418777944,51,26.330882471925428,56.16982841558548
pichavaram_79.800_11.390,2023Q4,0.03928774016425834,0.07678398139231193,0.04765264439871701,0.26911439639043655,0.12135331687143891,0.673997973283314,-0.5364333613316941,0.42684898891141465,-7.860060407721807,-14.026593468538326,6.166533060816519,574,1.0140089418777944,46,19.560143678483126,41.726285299250556
pichavaram_79.800_11.390,2024Q1,0.05100722561537473,0.08588039314883758,0.05898311958460178,0.28729772030239703,0.14682339687123117,0.6425641217016548,-0.5235210145526745,0.45260181053305093,-8.290204609991678,-14.569874507508572,6.279669897516895,680,1.0140089418777944,48,31.850049541063886,67.94348118248372
pichavaram_79.800_11.390,2024Q2,0.0493754660923859,0.08972071713840224,0.06214018719388773,0.29256612121451697,0.15441403121863806,0.6255715779352741,-0.5093142178595955,0.4465288259006544,-8.347977222093995,-14.548003808047591,6.200026585953596,513,1.0140089418777944,40,24.92743120502595,53.17594406949752
pichavaram_79.800_11.390,2024Q3,0.04261956911487457,0.08492072691030345,0.055430020287503275,0.30246974070480825,0.15469141129747577,0.6641721941699129,-0.5377239103877471,0.45702521894773424,-8.55402892247423,-14.881282811547488,6.327253889073258,242,1.0140089418777944,49,25.62793312664781,54.67027578375891
pichavaram_79.800_11.390,2024Q4,0.044804464825276,0.07998346544455744,0.049017919427354714,0.2625129310929904,0.11531738822958926,0.661342147000887,-0.5165362380957219,0.4292012142515574,-7.947050505040025,-14.252913149162481,6.305862644122456,443,1.0140089418777944,52,15.826775665836895,33.76215265363324
pichavaram_79.800_11.390,2025Q1,0.03538348750843818,0.07035954763339929,0.037779944623735864,0.29335211452272625,0.11233452284136437,0.7407908530030106,-0.5879779061798048,0.4968173199610847,-7.876120249341316,-14.022865235155493,6.146744985814177,653,1.0140089418777944,51,18.761610089626814,40.02282949149461
pichavaram_79.800_11.390,2025Q2,0.025268598384307388,0.07700877789708839,0.03788951519574338,0.3293521142948068,0.12579083532035387,0.762029680740216,-0.5977237149091534,0.5172037225023791,-8.352031061514792,-14.460629127086182,6.108598065571391,685,1.0140089418777944,54,20.731302019136162,44.224635406281834
pichavaram_79.800_11.390,2025Q3,0.05039730966951196,0.09132414013260687,0.05765434593370041,0.2932705466569689,0.13085179829352275,0.6600851933474707,-0.5172224764039988,0.4650634882000802,-8.107152980346072,-14.207771896330534,6.100618915984462,387,1.0140089418777944,52,25.590741063174946,54.590936558196695
pichavaram_79.800_11.390,2025Q4,0.050960320988023146,0.08464766919935457,0.04946167193964671,0.2934869807271964,0.10810100427066303,0.6908990155888683,-0.5324491756926414,0.49812871173984913,-7.952586383199103,-14.039515052377281,6.086928669178178,638,1.0140089418777944,54,12.268644895859056,26.171841351193418
pichavaram_79.800_11.390,2026Q1,0.03777856246862388,0.07561771727623037,0.04175813628739852,0.28682859544091804,0.10802958648256263,0.7216033333902068,-0.5608322700435361,0.4816225411273837,-8.004032185593177,-14.02338419202203,6.0193520064288535,739,1.0140089418777944,55,15.03060102460681,32.06372902372199
pichavaram_79.800_11.390,2026Q2,0.034578614746678504,0.0819086040186742,0.047425089371260394,0.3072798613616353,0.13504055270175527,0.7086653540702182,-0.5580094073125353,0.48631044159125353,-8.44624500370038,-14.641351666247132,6.195106662546753,696,1.0140089418777944,54,24.638583556924036,52.55976560113706
pichavaram_79.800_11.390,2026Q3,0.03205523415665704,0.08108739789235946,0.046900692220505476,0.2934536210956769,0.14286747368124536,0.7048711820110773,-0.5530950105745159,0.45705738660269374,-8.46156961436819,-14.671314615244382,6.209745000876191,408,1.0140089418777944,50,24.406874611539255,52.06547712757389
pichavaram_79.800_11.410,2019Q2,0.04604595233504954,0.08929188747119467,0.05633277608081924,0.31023297179932635,0.1501291848088047,0.6742918406183297,-0.5393674397359732,0.4740453425165151,-8.867722648034677,-15.130103399013546,6.262380750978869,597,1.0178875638841567,68,23.913900328352085,51.01384959745052
pichavaram_79.800_11.410,2019Q3,0.05422723794346406,0.09597281317214439,0.06294182913586215,0.2716242075705299,0.15022765793955264,0.6038843680582381,-0.4748203179725217,0.412944931825939,-8.351914197936914,-14.493654995045349,6.141740797108435,382,1.0178875638841567,62,18.367071642175343,39.181188239237706
pichavaram_79.800_11.410,2019Q4,0.04694588482033248,0.07923081855474196,0.04704190393732734,0.25639712622251765,0.11200005003604611,0.6671734205849568,-0.5111614168763119,0.43352225863411264,-7.829252348920132,-14.235919828464487,6.406667479544355,541,1.0178875638841567,153,13.043119381863551,27.82397355897278
pichavaram_79.800_11.410,2020Q1,0.04995602938243839,0.07977565091043412,0.04549965129532739,0.295998389181187,0.1133063130583044,0.6995235150419827,-0.5428618895095543,0.5006900384890294,-8.507697430995112,-14.637326546018606,6.129629115023494,718,1.0178875638841567,75,14.224905261945208,30.344994651939377
pichavaram_79.800_11.410,2020Q2,0.03583107131479092,0.08225496426753341,0.043870514616151275,0.31619595774920495,0.12941823723973986,0.7282304026284765,-0.5665630148688716,0.5066365275632285,-8.615980485505261,-14.66367122575985,6.047690740254589,525,1.0178875638841567,54,16.16473182573449,34.48309087261159
pichavaram_79.800_11.410,2020Q3,0.0492759294661655,0.09278771791308345,0.05614521140646383,0.30469761488285446,0.14766368622047438,0.6680077788535399,-0.5143954095303712,0.47841259953053983,-8.407978940503043,-14.557831693073432,6.149852752570389,279,1.0178875638841567,55,23.65276957640577,50.45679764347608
pichavaram_79.800_11.410,2020Q4,0.049200781894057265,0.08501296295098255,0.05106403931485236,0.2690440249230003,0.11101785630339296,0.6620286859824159,-0.5055633478308624,0.4476842075293253,-7.765507013394691,-13.971619367311199,6.206112353916508,493,1.0178875638841567,51,13.739361813886884,29.30921880223792
pichavaram_79.800_11.410,2021Q1,0.04596069282382706,0.0820641967022538,0.04788098125166036,0.27739899595859413,0.11056955123459498,0.6820301032489053,-0.5247405060957608,0.4665350065512507,-8.095961382086687,-14.226587316338613,6.130625934251926,651,1.0178875638841567,46,14.169372437128052,30.22653036405467
pichavaram_79.800_11.410,2021Q2,0.05625420156408261,0.0918700456230118,0.05994155780537059,0.2912808598232833,0.12884746685442583,0.6332467295720744,-0.4985769706024388,0.45851161464252704,-8.838951989946564,-14.95399964061664,6.115047650670077,504,1.0178875638841567,59,21.23403393325024,45.29707820742741
pichavaram_79.800_11.410,2021Q3,0.026662192875494307,0.07595041845967543,0.03830973850880473,0.3020971134632547,0.12117387746002937,0.7496775343794575,-0.5773749728486351,0.49384018165316906,-8.757074262767953,-14.898371034391404,6.141296771623452,314,1.0177658797761013,55,16.499190167294437,35.19656744057751
pichavaram_79.800_11.410,2021Q4,0.04753870910256553,0.08163584639110419,0.04473616059291498,0.27271389048937605,0.10934060022787112,0.6966711751050316,-0.5225806976141016,0.46659641019525294,-8.205585573209424,-14.09165789413526,5.886072320925836,501,1.0178875638841567,50,12.398391312171606,26.44862029886384
pichavaram_79.800_11.410,2022Q1,0.03815278663657991,0.07552326087447016,0.039745169506872326,0.2972269845695705,0.10775904985039755,0.7460210187492764,-0.583603565786235,0.5059686963238188,-8.500012980723449,-14.513981233780193,6.013968253056744,646,1.0178875638841567,54,15.182667822123186,32.388122478187846
pichavaram_79.800_11.410,2022Q2,0.02841717270938311,0.08181755060904765,0.03969278155501308,0.33890817486819547,0.1238631831864355,0.7644616283401686,-0.5930691535785443,0.5403629694897312,-8.595823163947525,-14.591875631034725,5.9960524670872,546,1.0178875638841567,50,18.345352253211466,39.134855787118305
pichavaram_79.800_11.410,2022Q3,0.03358725130341023,0.08815767812788945,0.04124543555362217,0.3338628319744285,0.1238724710893378,0.7563669881082443,-0.5642481544724017,0.5422187983065647,-8.00507269583498,-13.9995537591248,5.99448106328982,347,1.0013385251886104,49,15.408218337263152,32.86927360359988
pichavaram_79.800_11.410,2022Q4,0.0510750160639501,0.0840205530848875,0.044623626791831315,0.2903710714104338,0.10506420420764487,0.7074874093938911,-0.5283913709605262,0.5178013690362766,-8.130616777213572,-14.074694270951401,5.944077493737829,495,1.0178875638841567,50,12.5673700043982,26.80909071448237
pichavaram_79.800_11.410,2023Q1,0.036984175415249045,0.07712697571565391,0.03824120465922809,0.31617558334200774,0.10821792076148626,0.7647079729481663,-0.5886056796046233,0.5439127592161921,-8.670596498723599,-14.640946959575983,5.970350460852384,681,1.0178875638841567,51,13.421166967634807,28.630436010367603
pichavaram_79.800_11.410,2023Q2,0.03192314689386135,0.08237627441368309,0.04091375805489831,0.34656805578161465,0.1309553929440971,0.7649609663102984,-0.5977488989078288,0.5583596024261207,-8.34528991855619,-14.488141097390596,6.142851178834405,509,1.0178875638841567,54,22.26754583673065,47.501796805288926
pichavaram_79.800_11.410,2023Q3,0.02999917786955391,0.0785188277275088,0.044481668490875835,0.31470164947584595,0.14106992748785852,0.734424535563139,-0.5844935143548972,0.5009263746076783,-8.205439237092024,-14.691230561630555,6.48579132453853,357,1.0178875638841567,51,24.869780407404267,53.052961658487014
pichavaram_79.800_11.410,2023Q4,0.03943807238343899,0.07714263735044846,0.044213633328002815,0.2861829450545201,0.12400356242980881,0.7149714870936971,-0.5648738519525206,0.4776234677773016,-7.827098154393227,-14.076008356314507,6.248910201921279,574,1.0178875638841567,46,18.858584441490557,40.2296980881209
pichavaram_79.800_11.410,2024Q1,0.04362584851721205,0.07736872422091381,0.04686469001570619,0.2938763318278466,0.12948216500108373,0.7044878759816591,-0.5651158187950888,0.4908910160909668,-8.434875780286083,-14.641564226176026,6.206688445889943,680,1.0178875638841567,48,27.569343029112666,58.81174962999401
pichavaram_79.800_11.410,2024Q2,0.04376976446926229,0.08305047209355397,0.049742856442044854,0.2983273084104759,0.13909483559119598,0.6897585252911146,-0.5536663100896695,0.48569547060860363,-8.853864267685783,-14.832534535815775,5.978670268129992,513,1.0178875638841567,40,23.226798172271224,49.54810266503415
pichavaram_79.800_11.410,2024Q3,0.03778614817655769,0.07861565488389571,0.044089636335903674,0.3188850790243709,0.1417868341274524,0.7293169207457842,-0.5813316214603095,0.5111316146706422,-9.005468689367712,-15.260371083343895,6.254902393976183,242,1.0178875638841567,49,19.87472974417136,42.39736973215867
pichavaram_79.800_11.410,2024Q4,0.04287718956089561,0.0791427559687757,0.04447313435777961,0.2808493774052467,0.11606397533465515,0.7099942631282429,-0.5529194429870157,0.4812422931913687,-8.328098966452583,-14.454535884035607,6.126436917583025,443,1.0178875638841567,52,13.688596157754027,29.200923981605623
pichavaram_79.800_11.410,2025Q1,0.03400851536391024,0.07284273830999977,0.03343711395760294,0.32962130161854275,0.1091043259805155,0.7897328879270277,-0.6172750902407312,0.5660709725567799,-8.474580152297369,-14.429015530374025,5.954435378076656,653,1.0178875638841567,51,14.749841260595304,31.464803872339726
pichavaram_79.800_11.410,2025Q2,0.023455525618508947,0.07892314474406406,0.03343155400711637,0.3697514555574507,0.12595512869282574,0.8093390413121787,-0.629409290077074,0.5907756974797715,-8.720818300855209,-14.631540040360731,5.910721739505522,685,1.0178875638841567,54,19.670996597678517,41.96276007206575
pichavaram_79.800_11.410,2025Q3,0.05078518742847774,0.09477927087030355,0.0548986807682963,0.33168846597629353,0.13635271070539007,0.6845331281161955,-0.532881964870542,0.5129269212121798,-8.239308808630973,-14.211792926232704,5.972484117601731,387,1.0178875638841567,52,20.447036260900248,43.61823116284024
pichavaram_79.800_11.410,2025Q4,0.04601122029804414,0.08192649254044267,0.04396300194045162,0.3164529479686985,0.11002349428789253,0.7353168526640528,-0.5669904333683061,0.545317031567116,-8.138351865915533,-14.155120736922058,6.016768871006525,638,1.0178875638841567,54,13.569070896666975,28.945949108896887
pichavaram_79.800_11.410,2026Q1,0.03789235249646965,0.0778703139494682,0.03917572237431075,0.310874233142956,0.10894799318984973,0.7530491175716048,-0.5793022649420688,0.5287667374063804,-8.542814588130819,-14.439849286724112,5.897034698593293,739,1.0178875638841567,55,12.097705379971584,25.80718804771678
pichavaram_79.800_11.410,2026Q2,0.03085397956052797,0.081345346272025,0.041287664235157055,0.3285465201901257,0.1295205411221763,0.7536076997145063,-0.5837249216887826,0.5330969415131307,-8.734564894395803,-14.86716131222556,6.132596417829758,696,1.0178875638841567,54,17.96268298683115,38.318534227997816
pichavaram_79.800_11.410,2026Q3,0.029598643411353816,0.0797520940301721,0.04080070263862025,0.3086766161724502,0.13713036473824128,0.7462183010892521,-0.5783094924272421,0.4981155000457129,-8.529199324289937,-14.796574885612552,6.2673755613226145,408,1.0178875638841567,50,28.599145112159253,61.008554327611485
pichavaram_79.800_11.420,2019Q2,0.050435334493239614,0.09104616723465365,0.06174975482339425,0.3131831373010733,0.15764575031493785,0.6553931396871391,-0.5350632692373323,0.47166782570459476,-9.064608752129201,-15.273555574714234,6.208946822585032,597,1.031621439784705,68,22.642423105106477,48.30149624050629
pichavaram_79.800_11.420,2019Q3,0.059512204804625435,0.09375805703092939,0.06746309587870286,0.26582131716036783,0.1569031768037664,0.5719485429313111,-0.4627965072878868,0.396271655586314,-8.462972575602603,-14.50004465837435,6.037072082771747,382,1.031621439784705,62,18.263145719100503,38.959490342356766
pichavaram_79.800_11.420,2019Q4,0.04666737958418394,0.07509290694933979,0.04578279152298153,0.25166989233028253,0.11507903932472582,0.6601940503762186,-0.5186354983144953,0.42580863852380846,-7.940224793183899,-14.251104426171125,6.310879632987226,541,1.031621439784705,153,16.438804067219877,35.067750000315456
pichavaram_79.800_11.420,2020Q1,0.052059428574766156,0.080381937240264,0.04944120340862232,0.30058591879850566,0.12505183703932846,0.6896234209920832,-0.5499158236661756,0.5005847258310815,-8.562231553639831,-14.689950945384833,6.127719391745002,718,1.031621439784705,75,17.553282657541363,37.445189163546964
pichavaram_79.800_11.420,2020Q2,0.03811309438865455,0.08036130596604879,0.04720032701762318,0.31657167335016534,0.13880884309500952,0.7110262586857785,-0.5744283523482675,0.4989257738755297,-8.73339254287135,-14.793252232154014,6.059859689282664,525,1.031621439784705,54,24.117667061673565,51.448530905973904
pichavaram_79.800_11.420,2020Q3,0.05339081894557893,0.08829633569479778,0.058715559659028346,0.2807114837383747,0.1526218156699163,0.629921330837742,-0.4997330721009336,0.43829552222641,-8.36605168878961,-14.607403235811645,6.241351547022035,279,1.031621439784705,55,25.20242389163529,53.762566718353156
pichavaram_79.800_11.420,2020Q4,0.048184095691986936,0.07950621658728527,0.04893142992878456,0.26847755934094925,0.112929954867981,0.668288215874899,-0.5248162579947151,0.4518498145910845,-7.758050093561339,-14.07880412292597,6.320754029364631,493,1.031621439784705,51,15.76070927222173,33.62121784078156
pichavaram_79.800_11.420,2021Q1,0.04534255536149939,0.07880825476265975,0.04765600799548978,0.27681105575980364,0.11201627235534561,0.6845944603923348,-0.5395910079716183,0.47052817009238374,-8.261630540562068,-14.364655787362118,6.103025246800049,651,1.031621439784705,46,15.095934692592252,32.203100764278574
pichavaram_79.800_11.420,2021Q2,0.057146929239562425,0.09003488158467114,0.06086660135869023,0.29211717432934486,0.1332428332108886,0.6327286948560265,-0.5033572869120432,0.462790814263878,-8.948254399655646,-15.075068733604269,6.126814333948623,504,1.031621439784705,59,26.91812066714094,57.422542550765066
pichavaram_79.800_11.420,2021Q3,0.028744473109221867,0.07387179955853533,0.040590441436696774,0.30313200124728956,0.12888038793123743,0.7351300388053575,-0.5858688691759955,0.4929838965505771,-8.755163943948832,-14.954643986012288,6.199480042063456,314,1.0291545189504374,55,23.371529120519693,49.856847065766225
pichavaram_79.800_11.420,2021Q4,0.046291927401043736,0.07722306535074482,0.044072427523236535,0.2715068881309401,0.11210449658960964,0.7014064370711299,-0.5439034713266329,0.4679527690892416,-8.16213711690519,-14.04763305429511,5.885495937389919,501,1.031621439784705,50,14.136620729587694,30.156663438978356
pichavaram_79.800_11.420,2022Q1,0.037328237913308214,0.0708222500781986,0.03901857906632288,0.2882211642915107,0.11012763336286385,0.7425329547730849,-0.594143127786911,0.4909804709369234,-8.507144716497852,-14.573093475068909,6.065948758571057,646,1.031621439784705,54,21.441727491174102,45.740136335997335
pichavaram_79.800_11.420,2022Q2,0.030372713920080712,0.07643637294310683,0.03917482505115562,0.3335630482667636,0.12651417216700986,0.7601341348261748,-0.6087315121453214,0.5324107781814685,-8.635982400416944,-14.671291058370262,6.035308657953317,546,1.031621439784705,50,18.35498146073321,39.155397101479906
pichavaram_79.800_11.420,2022Q3,0.04891665452029959,0.08810520984316661,0.04982332800545937,0.32076197752163665,0.1292543956712922,0.7055506815731004,-0.5497356217698663,0.526246102458983,-8.045447345258147,-13.972644696727404,5.927197351469257,347,1.0193989683785603,49,18.342442270693084,39.12864812511061
pichavaram_79.800_11.420,2022Q4,0.05444874422305073,0.08264540552594396,0.046592579860650296,0.2885544838405289,0.10507537559250796,0.6961583807469819,-0.5302486331254873,0.5198569652990278,-8.146642713709548,-14.063355322406084,5.916712608696535,495,1.031621439784705,50,12.847022073609656,27.405652898086327
pichavaram_79.800_11.420,2023Q1,0.03826549972895233,0.07443767874142926,0.03934171191840646,0.3133486565976044,0.10910486198074512,0.7631864892829555,-0.6042875816616456,0.5403560130032797,-8.635995433267215,-14.66716986053626,6.031174427269045,681,1.031621439784705,51,19.02775548804916,40.590578839771105
pichavaram_79.800_11.420,2023Q2,0.03423932354092455,0.08057871463819694,0.043600529638868145,0.34953090730353037,0.1343181942007148,0.7540995230730289,-0.6076916971714128,0.555403673034173,-8.297649829880722,-14.475978450092628,6.178328620211905,509,1.031621439784705,54,25.311647892129173,53.99556663292672
pichavaram_79.800_11.420,2023Q3,0.030963277703849684,0.0751276923392175,0.04728327870128619,0.31968639865936865,0.14612152679233087,0.7262002549439777,-0.6059382317621379,0.5073712816406902,-8.055872705934107,-14.625224475284252,6.5693517693501455,357,1.031621439784705,51,25.517589053288074,54.43488649614573
pichavaram_79.800_11.420,2023Q4,0.038425624446341414,0.0718070521071677,0.04213422331645221,0.29476342616579754,0.12004981914049088,0.7272137338735348,-0.5919816977777053,0.49115994002828545,-7.7806103244472595,-13.958021781353862,6.1774114569066025,574,1.031621439784705,46,24.86121558481425,53.0346909219933
pichavaram_79.800_11.420,2024Q1,0.0469128534286508,0.07906442316804517,0.052843428379078225,0.31316476849309194,0.1439253373480324,0.6996303204170504,-0.5822579758892863,0.5157279799303965,-8.45530046840211,-14.764164358978897,6.308863890576788,680,1.031621439784705,48,24.99147733464382,53.31256919458224
pichavaram_79.800_11.420,2024Q2,0.04570963872066505,0.08137845489797128,0.05266335613275527,0.310937651808406,0.1473181582373853,0.6946608434606091,-0.5733348211610407,0.49927361936790204,-8.652360617229425,-14.796653034988188,6.144292417758763,513,1.031621439784705,40,22.370704021438492,47.721856939653236
pichavaram_79.800_11.420,2024Q3,0.03785795259377735,0.07648250176810203,0.04639202743818731,0.31944626012831373,0.14827646786782675,0.7276102439605964,-0.5987659656099897,0.5085274718944789,-8.853156014543744,-15.158137635324048,6.304981620780303,242,1.031621439784705,49,23.64695723533211,50.444398583127516
pichavaram_79.800_11.420,2024Q4,0.04258417495642177,0.0744639463155101,0.043562988968036113,0.2792797918352347,0.11564400114719688,0.7100765872814359,-0.5691319570184817,0.48147096257642846,-8.224343067239811,-14.415690222280189,6.191347155040377,443,1.031621439784705,52,18.990556352875796,40.511224528645236
pichavaram_79.800_11.420,2025Q1,0.03309802759559986,0.06876740639717177,0.03185040692712603,0.3370051692098318,0.10974700343309243,0.803385255400648,-0.6435267877814829,0.5794866900243827,-8.423571846732978,-14.50064291435095,6.077071067617972,653,1.031621439784705,51,24.137688041558114,51.49124026089302
pichavaram_79.800_11.420,2025Q2,0.025064585842246558,0.07545792925403738,0.03550659478492447,0.3749084795760251,0.12830263486546678,0.8040570294375475,-0.6489463075559582,0.5984871670392579,-8.723251708113626,-14.705464421598036,5.98221271348441,685,1.031621439784705,54,16.11876268566809,34.38502812394774
pichavaram_79.800_11.420,2025Q3,0.05312454147130798,0.09280789839579866,0.05546318237737479,0.3664985639372178,0.13710951158515355,0.7083128492462072,-0.5607488598057433,0.577939677306762,-8.263115148828668,-14.23988267926119,5.976767530432522,387,1.031621439784705,52,29.93830615680098,63.86529284287255
pichavaram_79.800_11.420,2025Q4,0.04213640062179163,0.07509196736402679,0.04060494779288502,0.3193984678074996,0.11024836952964961,0.7574720523608464,-0.6041900904541687,0.5572335401488485,-8.157081589413577,-14.185010147585873,6.027928558172295,638,1.031621439784705,54,26.962418040170093,57.51703903583205
pichavaram_79.800_11.420,2026Q1,0.03578271493598691,0.07461538700757232,0.036980616291133334,0.32162317990654327,0.10862616953066581,0.7757962269581933,-0.610945643491241,0.5514938710124455,-8.535732911718128,-14.505816974593683,5.970084062875555,739,1.031621439784705,55,13.303754646281702,28.379968524087513
pichavaram_79.800_11.420,2026Q2,0.03297952762353879,0.08067994008040841,0.04181571528704031,0.34683244745792563,0.1319438326747351,0.7681659359371814,-0.6058089389795089,0.5654264768081151,-8.547775244622153,-14.736635840232388,6.188860595610235,696,1.031621439784705,54,24.84537447589724,53.00089819321828
pichavaram_79.800_11.420,2026Q3,0.03070812334495633,0.07780080061867364,0.04161411113922243,0.3198625493264882,0.14006954588537393,0.7556368323912412,-0.5991653658950774,0.5194546252813272,-8.315197230961271,-14.601670332478598,6.286473101517327,408,1.031621439784705,50,24.74052756173013,52.777235610509564
pichavaram_79.800_11.430,2019Q2,0.05141847091697873,0.09205928018251468,0.06412871251125865,0.3167656741524775,0.16827363249702995,0.6600584162237487,-0.5450974593416882,0.4721578825161693,-8.89086001327924,-15.212015302170542,6.321155288891301,597,1.0209737827715355,68,25.070184806053238,53.48047033381695
pichavaram_79.800_11.430,2019Q3,0.05575093406961463,0.09141707340895217,0.06527317158231188,0.26805344617711696,0.16213183565312972,0.5902055075473739,-0.4818352883626697,0.408931150321229,-8.270952740376172,-14.398160671124797,6.127207930748625,382,1.0209737827715355,62,19.187068433719553,40.930429994863566
pichavaram_79.800_11.430,2019Q4,0.04606688264143993,0.07501777464443415,0.04576440468650578,0.2569018943775737,0.11929683982969884,0.6786939248936963,-0.5392812886087671,0.43821250602833683,-7.9274488632145745,-14.299329345801757,6.371880482587183,541,1.0209737827715355,153,17.182924169310702,36.655129325698674
pichavaram_79.800_11.430,2020Q1,0.051183156167744444,0.08082745583772141,0.04979621450033966,0.3084723537512386,0.13270842006217226,0.7031333640313576,-0.5629076570564878,0.5115539456080777,-8.497534810623806,-14.75484582030845,6.257311009684644,718,1.0209737827715355,75,30.585990585225016,65.24695269611956
pichavaram_79.800_11.430,2020Q2,0.040195684476799144,0.08368181120695059,0.05058797838480823,0.3282710480656589,0.14943954847382723,0.7139813478127272,-0.5807464068663543,0.5112270074987671,-8.657611702663921,-14.815716690566331,6.15810498790241,525,1.0209737827715355,54,22.495309206981485,47.98766845960912
pichavaram_79.800_11.430,2020Q3,0.0534721255682008,0.08910438594009276,0.05905492619647447,0.29700612211924204,0.16307529465301424,0.6508567757161012,-0.5230570140271463,0.4643884442948878,-8.35525535494585,-14.666258496678328,6.311003141732478,279,1.0209737827715355,55,34.184090629817945,72.92252765424654
pichavaram_79.800_11.430,2020Q4,0.04708903242674393,0.07880040043000262,0.048233649415240075,0.2740642090423802,0.118715092102543,0.6792665017687893,-0.5354229624789886,0.46390313079637424,-7.825950643035399,-14.15413675318559,6.328186110150191,493,1.0209737827715355,51,17.349339841358724,37.01013222978167
pichavaram_79.800_11.430,2021Q1,0.0445249228286626,0.07981019705493266,0.04846765757746082,0.27968533366054155,0.11728319830992587,0.6901879042058484,-0.5464077209849262,0.47247230870862916,-8.166761147186781,-14.4481211492716,6.281360002084819,651,1.0209737827715355,46,14.619052628707683,31.18580163913809
pichavaram_79.800_11.430,2021Q2,0.05893194312134878,0.09260696213491293,0.06360304600101836,0.29497946308350115,0.14194415579759634,0.6292555571217536,-0.49991132315043857,0.463038681783515,-8.801056134014381,-15.059213258796284,6.258157124781903,504,1.0209737827715355,59,32.090124813113064,68.45561695507719
pichavaram_79.800_11.430,2021Q3,0.030625014536356625,0.07587239456764153,0.04382059411664343,0.3047479972520555,0.13778372664812108,0.7307560048604349,-0.5882242123753779,0.49086235825426006,-8.59624042303922,-14.902595223783766,6.306354800744547,314,1.0208239700374533,55,26.873676712806876,57.32773337406101
pichavaram_79.800_11.430,2021Q4,0.035527824401944234,0.069058859122288,0.03818740213684144,0.27025234913226176,0.11620794278915553,0.735424542213799,-0.5772867914989488,0.46913275250936104,-8.197386279124132,-14.116791865393228,5.919405586269097,501,1.0209737827715355,50,21.92010313949524,46.76062162026543
pichavaram_79.800_11.430,2022Q1,0.0377924375663578,0.07173070875554435,0.04135396604925567,0.2813367737157145,0.11933905212033862,0.730157987193308,-0.587420486603088,0.4715412108595144,-8.40290907104493,-14.626262675128991,6.223353604084062,646,1.0209737827715355,54,25.38690976609373,54.15611752032413
pichavaram_79.800_11.430,2022Q2,0.03239627683151749,0.07787575259563634,0.04242807959065557,0.3272409171434138,0.13525111484756852,0.7508909333215005,-0.6018943108863591,0.5207002372427642,-8.463976029486513,-14.702478824388365,6.2385027949018514,546,1.0209737827715355,50,26.158221667975543,55.80150320877547
pichavaram_79.800_11.430,2022Q3,0.0509947852494082,0.08950775079510162,0.051662496951345414,0.3195484142063855,0.13709355571640644,0.7118691390472781,-0.5571406446099754,0.5280095279347998,-8.031633861504448,-13.968298053678543,5.936664192174096,347,1.0209737827715355,49,29.46019205195083,62.84536549098306
pichavaram_79.800_11.430,2022Q4,0.05931780566322757,0.08757560864177015,0.05197702470373832,0.28079129568933314,0.10899156054172857,0.668321354589775,-0.5062793669966428,0.5034366419416392,-8.107619874633814,-14.155877021435316,6.048257146801502,495,1.0209737827715355,50,20.595293568223283,43.934498098540956
pichavaram_79.800_11.430,2023Q1,0.039265964556075894,0.0744028666275308,0.04095214357516701,0.313085538087837,0.11747616790598991,0.7606429885058558,-0.6089686079347297,0.5373795399333718,-8.454847457143423,-14.687886808335085,6.233039351191662,681,1.0209737827715355,51,24.534919866175382,52.338627106121315
pichavaram_79.800_11.430,2023Q2,0.035927172117705755,0.08092788891465202,0.04726675208156513,0.3486759956856566,0.14580488374241782,0.746697201377067,-0.6109004746745721,0.5476375062173378,-8.16349793779959,-14.512512711732661,6.349014773933071,509,1.0209737827715355,54,24.984256718786057,53.297165960215985
pichavaram_79.800_11.430,2023Q3,0.036222575511762556,0.07658871080509395,0.050916535347256715,0.3223047747638069,0.15455593111831087,0.7183189433486962,-0.6080743249837384,0.5053950598248862,-7.978651710471539,-14.577909546301097,6.599257835829558,357,1.0209737827715355,51,24.01892697862989,51.23789559862265
pichavaram_79.800_11.430,2023Q4,0.04281788589958534,0.07225443495998211,0.04539941834092051,0.292567477695842,0.1272110820240943,0.7165299718303831,-0.5949477046824111,0.48619431838989674,-7.780157540791879,-13.981770671226643,6.201613130434764,574,1.0209737827715355,46,39.85212866981814,85.01375644231616
pichavaram_79.800_11.430,2024Q1,0.04742101109847988,0.08005639866812168,0.0554790312652178,0.32336899205583,0.1548601393025593,0.7030037328839338,-0.5970763001089704,0.5226999565959506,-8.479199423729,-14.790682938992376,6.311483515263376,680,1.0209737827715355,48,23.296132389469236,49.69600849718746
pichavaram_79.800_11.430,2024Q2,0.04546382101622471,0.08344180977846369,0.05536172658321041,0.3187447615268869,0.15803558826281333,0.6950047452434612,-0.5802163171303202,0.4984816306488572,-8.560483860181519,-14.68056374124023,6.120079881058711,513,1.0209737827715355,40,22.860667368582074,48.76706145068034
pichavaram_79.800_11.430,2024Q3,0.041302649352100713,0.08085025041654355,0.05172529998793241,0.327387826453122,0.1623078744874206,0.7239298653334497,-0.6043827519659467,0.5137325691126948,-8.780173296891483,-15.12929186660048,6.349118569708997,242,1.0209737827715355,49,22.242360999059514,47.44807175402372
pichavaram_79.800_11.430,2024Q4,0.045279047148206034,0.07568948979834488,0.045353667153932575,0.28320696211597746,0.12038463869178746,0.7100263488509678,-0.5736106901543366,0.4836661932059265,-8.26504475283651,-14.459772789764155,6.194728036927646,443,1.0209737827715355,52,19.571464003039477,41.750434155203905
pichavaram_79.800_11.430,2025Q1,0.03538585674828988,0.06820039727513463,0.035319490158741015,0.3228594656827495,0.11904250093184929,0.7884591787804952,-0.6363448912037505,0.5535308573504247,-8.413407953919322,-14.617465508498004,6.204057554578682,653,1.0209737827715355,51,31.378518475324,66.93759696711541
pichavaram_79.800_11.430,2025Q2,0.026905293652588654,0.07660972883034206,0.04030474035104161,0.3725199402176011,0.1387038147044896,0.7912585739694813,-0.6511806099403648,0.5829641992735689,-8.73350212445719,-14.878699156505988,6.145197032048797,685,1.0209737827715355,54,20.69448094571878,44.14608758783567
pichavaram_79.800_11.430,2025Q3,0.04477856589781827,0.08972339106976913,0.04974019084914106,0.3757536833255896,0.1443684479313076,0.7386529406682454,-0.5906118066812973,0.5659743416184683,-8.350384230024629,-14.487621197171778,6.13723696714715,387,1.0209737827715355,52,24.8805839530179,53.07600810609639
pichavaram_79.800_11.430,2025Q4,0.039098550923547776,0.07194207072723466,0.038948596660296035,0.31167712258776764,0.11327184986045903,0.7640858557266706,-0.6124637775713836,0.5450231205510337,-8.261827906999212,-14.375994875928306,6.114166968929094,638,1.0209737827715355,54,29.72773701491873,63.41610043233509
pichavaram_79.800_11.430,2026Q1,0.036925329818791444,0.07670510747058051,0.03942904843181666,0.3221414053058862,0.1160596743350973,0.7704800345254763,-0.6101080605256649,0.5469715169917135,-8.496589098252876,-14.515064740947734,6.018475642694858,739,1.0209737827715355,55,15.79959420564786,33.70416834731419
pichavaram_79.800_11.430,2026Q2,0.03555186054742308,0.08340659785527378,0.04517537209606546,0.34937836057682786,0.1397550137062122,0.7622075776805098,-0.603896032857498,0.5650208987466032,-8.532142362616666,-14.794329355274572,6.262186992657906,696,1.0209737827715355,54,23.060117948783844,49.192535411884165
pichavaram_79.800_11.430,2026Q3,0.03329986741074259,0.07921720068765957,0.04483541901410565,0.3203105063336488,0.14683613626572217,0.7488557256363998,-0.6001486600653867,0.5142568917464009,-8.272596611270417,-14.596794096709809,6.324197485439392,408,1.0209737827715355,50,25.543591193817537,54.490355042387385
